{"seen_tokens":["Hello","Hi","It","How","Hey","Could","Looks","Greetings","What"," Hello","\"","\n","Sure","Welcome","Yes","Good","Seems","Certainly","Would","Is"],"seen_logprobs":[{"tokens":[0,1,2,3,4,5,6,7,8,9,10,11,12,13,14,15,16,17,18,19],"logprobs":[-0.01830926,-4.018309,-9.14331,-10.64331,-11.01831,-12.01831,-13.76831,-13.89331,-14.01831,-14.51831,-14.64331,-14.76831,-14.89331,-15.01831,-15.39331,-15.39331,-16.018309,-16.643309,-16.768309,-16.768309]}]}