{"seen_tokens":["Hello","Hi","D","H","I","How","A","▁Hello","G","hello","S","▁Hi","Wel","Thank","hi","Of","C","It","W","<0x0A>"],"seen_logprobs":[{"tokens":[0,1,2,3,4,5,6,7,8,9,10,11,12,13,14,15,16,17,18,19],"logprobs":[-0.77784276,-0.66846776,-4.4028425,-5.2153425,-6.035655,-6.973155,-7.1215925,-7.4653425,-7.535655,-7.5590925,-7.598155,-7.6997175,-8.316905,-8.5903425,-8.7309675,-8.879405,-8.910655,-8.9184675,-9.0903425,-9.17628]}]}