{"seen_tokens":[" seems"," looks","looks"," seem"," look"],"seen_logprobs":[{"tokens":[0,1,2,3,4],"logprobs":[-0.12692805,-2.126928,-19.626928,-19.876928,-20.126928]}]}