{"seen_tokens":[" seems"," looks","looks"," seem"," look","Hello","It","你好","您好","Hi","Hey","您","The","看起来","嗨","您的","I","你的","Your","You","你","嘿","Could","在","它"],"seen_logprobs":[{"tokens":[0,1,2,3,4],"logprobs":[-0.12692805,-2.126928,-19.626928,-19.876928,-20.126928]},{"tokens":[0,1,2,3,4],"logprobs":[-0.100206584,-2.3502066,-19.725206,-19.975206,-20.475206]},{"tokens":[5,6,7,8,9,10,11,12,13,14,15,16,17,18,19,20,21,22,23,24],"logprobs":[-0.51855844,-1.6435585,-1.8935585,-3.5185585,-4.1435585,-5.2685585,-6.2685585,-6.3935585,-6.6435585,-6.7685585,-7.3935585,-7.3935585,-7.3935585,-7.7685585,-8.0185585,-8.1435585,-8.7685585,-9.1435585,-9.1435585,-9.1435585]},{"tokens":[5,6,7,8,9,10,12,11,13,17],"logprobs":[-0.45679256,-1.7067926,-2.0817926,-3.7067926,-3.9567926,-5.2067924,-6.3317924,-6.5817924,-6.5817924,-6.7067924]}]}