{"seen_tokens":["{","\n","[","and","","=","to","\r","is","(","in","</s>","+","for","x","or","with","as","-","]","are"],"seen_logprobs":[{"tokens":[0,1,2,3,4,5,6,7,8,9,10,11,12,13,14,15,16,17,18,19],"logprobs":[-4.6255307,-1.1255308,-2.3755307,-3.6255307,-3.7505307,-4.0005307,-4.0630307,-4.1255307,-4.1880307,-4.5005307,-4.5005307,-4.6255307,-4.7505307,-4.8130307,-4.8130307,-5.0630307,-5.1880307,-5.2505307,-5.2505307,-5.3130307]},{"tokens":[1,2,3,4,5,6,7,8,9,10,0,11,12,13,14,15,17,16,18,20],"logprobs":[-1.1253269,-2.3753269,-3.6253269,-3.7503269,-4.000327,-4.062827,-4.125327,-4.187827,-4.500327,-4.500327,-4.625327,-4.625327,-4.687827,-4.812827,-4.875327,-5.062827,-5.187827,-5.187827,-5.250327,-5.344077]}]}