{"seen_tokens":["你好","It","您好","Hello","你的","The","你","“","Hi","**","What","`","I","Could","你在","X","你想","Certainly","你是","You","您","\"","看起来","Sure","¡","变量","Hey"],"seen_logprobs":[{"tokens":[0,1,2,3,4,5,6,7,8,9,10,11,12,13,14,15,16,17,18,19],"logprobs":[-0.0705071,-3.5705073,-4.195507,-4.6955075,-6.070507,-6.5705075,-6.8205075,-6.8205075,-6.8205075,-6.9455075,-7.820507,-7.820507,-7.9455075,-8.070507,-8.070507,-8.070507,-8.195507,-8.195507,-8.320507,-8.320507]},{"tokens":[0,1,2,3,5,9,4,6,8,7,11,10,15,16,20,12,13,21,22,23],"logprobs":[-0.113926284,-2.7389262,-3.9889266,-4.8639264,-5.988927,-6.238927,-6.8639264,-6.9889264,-7.2389264,-7.613927,-7.613927,-7.613927,-7.863927,-7.863927,-7.863927,-7.863927,-7.863927,-7.988927,-7.988927,-7.988927]},{"tokens":[0,1,2,3,5,9,8,6,4,11,24,7,15,12,10,17,23,25,26,19],"logprobs":[-0.11303034,-2.8630304,-4.2380304,-4.4880304,-5.4880304,-5.9880304,-6.2380304,-6.6130304,-6.863031,-7.113031,-7.238031,-7.238031,-7.363031,-7.363031,-7.363031,-7.6130304,-7.7380304,-7.7380304,-7.8630304,-7.8630304]}]}