{"seen_tokens":["你好","It","您好","Hello","你的","The","你","“","Hi","**","What","`","I","Could","你在","X","你想","Certainly","你是","You"],"seen_logprobs":[{"tokens":[0,1,2,3,4,5,6,7,8,9,10,11,12,13,14,15,16,17,18,19],"logprobs":[-0.0705071,-3.5705073,-4.195507,-4.6955075,-6.070507,-6.5705075,-6.8205075,-6.8205075,-6.8205075,-6.9455075,-7.820507,-7.820507,-7.9455075,-8.070507,-8.070507,-8.070507,-8.195507,-8.195507,-8.320507,-8.320507]}]}