{"seen_tokens":["你好","Of","您好","Hello","H","I","当然","X","Hi","我","x","**","你的","你","请问","The","你是","Your","It","哈","This"],"seen_logprobs":[{"tokens":[0,1,2,3,4,5,6,7,8,9,10,11,12,13,14,15,16,17,18,19],"logprobs":[-0.3451669,-1.9701669,-2.345167,-3.845167,-4.8451667,-5.3451667,-5.5951667,-5.9701667,-5.9701667,-6.5951667,-6.8451667,-7.0951667,-7.2201667,-7.3451667,-7.4701667,-7.7201667,-7.9701667,-7.9701667,-7.9701667,-8.095167]},{"tokens":[1,0,2,3,4,5,6,7,8,9,10,11,12,13,14,15,16,17,18,19],"logprobs":[-1.9701669,-0.3451669,-2.345167,-3.845167,-4.8451667,-5.3451667,-5.5951667,-5.9701667,-5.9701667,-6.5951667,-6.8451667,-7.0951667,-7.2201667,-7.3451667,-7.4701667,-7.7201667,-7.9701667,-7.9701667,-7.9701667,-8.095167]},{"tokens":[0,1,2,3,5,4,7,6,8,9,12,11,15,10,18,17,13,14,16,20],"logprobs":[-0.36720502,-1.742205,-2.6172051,-3.6172051,-4.992205,-5.117205,-5.742205,-5.742205,-6.367205,-6.992205,-7.242205,-7.242205,-7.367205,-7.492205,-7.617205,-7.617205,-7.742205,-7.742205,-8.242205,-8.242205]}]}