{"seen_tokens":["Hello","How","Hi","It","I","What","To","You","Welcome","If","hello","Some","hi","Please","Hey","There","Your","This","Is","HI","Most"],"seen_logprobs":[{"tokens":[0,1,2,3,4,5,6,7,8,9,10,11,12,13,14,15,16,17,18,19],"logprobs":[-0.6718742,-1.0468743,-2.5468743,-3.0468743,-5.671874,-5.671874,-6.796874,-7.296874,-7.484374,-7.984374,-8.234374,-8.921874,-8.984374,-9.046874,-9.109374,-9.171874,-9.234374,-9.546874,-9.546874,-9.921874]},{"tokens":[1,0,2,3,4,5,6,7,8,9,10,11,14,13,16,12,15,17,18,20],"logprobs":[-1.2036669,-0.57866687,-2.578667,-2.953667,-5.8286667,-5.9536667,-6.6411667,-7.3286667,-7.4536667,-8.078667,-8.266167,-8.891167,-8.953667,-8.953667,-9.078667,-9.141167,-9.203667,-9.328667,-9.516167,-9.703667]}]}