{"seen_tokens":["Hello","How","Hi","It","I","What","To","You","Welcome","If","hello","Some","hi","Please","Hey","There","Your","This","Is","HI"],"seen_logprobs":[{"tokens":[0,1,2,3,4,5,6,7,8,9,10,11,12,13,14,15,16,17,18,19],"logprobs":[-0.6718742,-1.0468743,-2.5468743,-3.0468743,-5.671874,-5.671874,-6.796874,-7.296874,-7.484374,-7.984374,-8.234374,-8.921874,-8.984374,-9.046874,-9.109374,-9.171874,-9.234374,-9.546874,-9.546874,-9.921874]}]}