{"seen_tokens":["Hello","Hi","你好","Hey","こんにちは"," Hello","hello","안","","Nice","Bon","При","**","H","HI"," Hi","Welcome","Got","Hai","He"],"seen_logprobs":[{"tokens":[0,1,2,3,4,5,6,7,8,9,10,11,12,13,14,15,16,17,18,19],"logprobs":[-0.06352228,-3.0635223,-4.8135223,-6.0635223,-6.3135223,-7.3760223,-7.9385223,-8.688522,-8.813522,-9.563522,-9.626022,-9.813522,-9.876022,-9.876022,-9.876022,-9.938522,-10.376022,-10.813522,-10.813522,-10.938522]},{"tokens":[2,0,1,3,4,5,6,7,8,9,10,12,13,14,11,15,16,17,18,19],"logprobs":[-4.8139153,-0.06391533,-3.0639153,-5.9389153,-6.3139153,-7.3139153,-7.8764153,-8.688915,-8.813915,-9.501415,-9.688915,-9.813915,-9.876415,-9.876415,-9.876415,-9.938915,-10.376415,-10.813915,-10.813915,-10.938915]}]}