{"seen_tokens":["Hello","Hi","你好","Hey","こんにちは"," Hello","hello","안","","Nice","Bon","При","**","H","HI"," Hi","Welcome","Got","Hai","He"],"seen_logprobs":[{"tokens":[0,1,2,3,4,5,6,7,8,9,10,11,12,13,14,15,16,17,18,19],"logprobs":[-0.06352228,-3.0635223,-4.8135223,-6.0635223,-6.3135223,-7.3760223,-7.9385223,-8.688522,-8.813522,-9.563522,-9.626022,-9.813522,-9.876022,-9.876022,-9.876022,-9.938522,-10.376022,-10.813522,-10.813522,-10.938522]}]}