{"seen_tokens":["你好","Of","您好","Hello","I","X","H","当然","Hi","x","我","The","**","您","请问","对不起","It","哈","你","¡"],"seen_logprobs":[{"tokens":[0,1,2,3,4,5,6,7,8,9,10,11,12,13,14,15,16,17,18,19],"logprobs":[-0.6382922,-1.2632922,-1.8882922,-4.0132923,-5.5132923,-5.6382923,-5.8882923,-6.2632923,-6.5132923,-7.5132923,-7.8882923,-8.138292,-8.138292,-8.138292,-8.263292,-8.638292,-9.013292,-9.013292,-9.013292,-9.138292]}]}