{"seen_tokens":["你好","Of","您好","Hello","I","X","H","当然","Hi","x","我","The","**","您","请问","对不起","It","哈","你","¡","你的","好的","你是","Sure"],"seen_logprobs":[{"tokens":[0,1,2,3,4,5,6,7,8,9,10,11,12,13,14,15,16,17,18,19],"logprobs":[-0.6382922,-1.2632922,-1.8882922,-4.0132923,-5.5132923,-5.6382923,-5.8882923,-6.2632923,-6.5132923,-7.5132923,-7.8882923,-8.138292,-8.138292,-8.138292,-8.263292,-8.638292,-9.013292,-9.013292,-9.013292,-9.138292]},{"tokens":[1,0,2,3,7,5,4,6,8,15,10,9,11,19,18,20,14,21,12,16],"logprobs":[-0.7683118,-0.7683118,-2.8933117,-5.3933115,-5.893312,-6.018312,-6.268312,-6.768312,-7.643312,-7.768312,-8.1433115,-8.3933115,-8.5183115,-8.6433115,-9.0183115,-9.0183115,-9.2683115,-9.2683115,-9.3933115,-9.5183115]},{"tokens":[0,1,2,3,6,4,7,5,8,10,14,9,15,20,11,12,19,16,22,23],"logprobs":[-0.3708074,-1.6208074,-2.3708074,-4.7458076,-6.245807,-6.3708076,-6.3708076,-6.745807,-7.2458076,-8.245808,-8.620808,-8.620808,-8.745808,-8.995808,-9.120808,-9.245808,-9.370808,-9.495808,-9.495808,-9.495808]}]}