{"seen_tokens":["你好","您好","Hello","你是","有什么","欢迎","当然"],"seen_logprobs":[{"tokens":[0,1,2,3,4],"logprobs":[-0.00124687,-7.251247,-7.626247,-12.001246,-12.126246]},{"tokens":[0,1,2,5,6],"logprobs":[-0.00043859,-8.000439,-9.375439,-12.375439,-13.250439]}]}