{"seen_tokens":["你好","您好","Hello","你是","有什么"],"seen_logprobs":[{"tokens":[0,1,2,3,4],"logprobs":[-0.00124687,-7.251247,-7.626247,-12.001246,-12.126246]}]}