{"seen_tokens":["I","It","Hello","Under","x","X","You","Thank","Hi","*","The","Sure","Okay","What","*x","Hey","Is","Please","Here","Are"],"seen_logprobs":[{"tokens":[0,1,2,3,4,5,6,7,8,9,10,11,12,13,14,15,16,17,18,19],"logprobs":[-0.052120272,-4.23962,-4.286495,-5.55212,-5.598995,-5.80212,-5.86462,-6.14587,-6.36462,-6.723995,-6.973995,-7.52087,-7.692745,-8.42712,-8.528683,-8.661495,-8.70837,-8.83337,-9.059933,-9.153683]}]}