{"seen_tokens":["Hello","It","Hi","Looks","Seems"],"seen_logprobs":[{"tokens":[0,1,2,3,4],"logprobs":[-0.31339946,-1.3133994,-8.938399,-12.188399,-14.938399]},{"tokens":[0,1,2,3,4],"logprobs":[-0.38705572,-1.1370558,-8.637055,-12.137055,-14.762055]},{"tokens":[0,1,2,3,4],"logprobs":[-0.31341654,-1.3134165,-8.8134165,-12.3134165,-14.9384165]}]}