{"seen_tokens":["It","Hello","Hi","How","Welcome","I","What","Hey","hello","You","To"," Hello","However","hi","HI","Please","If","When",">Hello","Let","it","它"],"seen_logprobs":[{"tokens":[0,1,2,3,4,5,6,7,8,9,10,11,12,13,14,15,16,17,18,19],"logprobs":[-1.5975807,-0.8475806,-1.2225807,-2.5975807,-9.222581,-9.972581,-10.222581,-10.972581,-10.972581,-12.972581,-12.972581,-13.347581,-13.347581,-13.410081,-13.535081,-13.597581,-14.285081,-14.347581,-14.410081,-14.972581]},{"tokens":[1,2,0,3,4,5,6,7,8,9,10,11,12,13,14,15,16,17,18,19],"logprobs":[-0.8475806,-1.2225807,-1.5975807,-2.5975807,-9.222581,-9.972581,-10.222581,-10.972581,-10.972581,-12.972581,-12.972581,-13.347581,-13.347581,-13.410081,-13.535081,-13.597581,-14.285081,-14.347581,-14.410081,-14.972581]},{"tokens":[0,1,2,3,4,6,5,8,7,10,9,12,17,11,20,15,13,16,14,21],"logprobs":[-0.62251985,-1.4975199,-2.12252,-2.12252,-9.1225195,-9.7475195,-10.3725195,-10.8725195,-10.9975195,-12.5600195,-12.6225195,-12.9350195,-13.3100195,-13.4350195,-13.7475195,-13.7475195,-14.0600195,-14.1225195,-14.1225195,-14.3100195]},{"tokens":[2,1,0,3,4,5,6,7,8,9,10,11,12,13,14,15,16,17,18,19],"logprobs":[-1.2225807,-0.8475806,-1.5975807,-2.5975807,-9.222581,-9.972581,-10.222581,-10.972581,-10.972581,-12.972581,-12.972581,-13.347581,-13.347581,-13.410081,-13.535081,-13.597581,-14.285081,-14.347581,-14.410081,-14.972581]}]}