{"seen_tokens":["It","Hello","Hi","How","Welcome","I","What","Hey","hello","You","To"," Hello","However","hi","HI","Please","If","When",">Hello","Let"],"seen_logprobs":[{"tokens":[0,1,2,3,4,5,6,7,8,9,10,11,12,13,14,15,16,17,18,19],"logprobs":[-1.5975807,-0.8475806,-1.2225807,-2.5975807,-9.222581,-9.972581,-10.222581,-10.972581,-10.972581,-12.972581,-12.972581,-13.347581,-13.347581,-13.410081,-13.535081,-13.597581,-14.285081,-14.347581,-14.410081,-14.972581]}]}