{"seen_tokens":["Hello","Hi","Hey","hello","Hmm","Hola","How","H","Hallo","He","Good","Oh","Well","Greetings","hi","Hell","Okay","HI","Welcome","Great","What"],"seen_logprobs":[{"tokens":[0,1,2,3,4,5,6,7,8,9,10,11,12,13,14,15,16,17,18,19],"logprobs":[-0.10043451,-2.3504345,-8.725434,-11.225434,-11.725434,-12.225434,-12.225434,-12.350434,-12.975434,-12.975434,-13.100434,-13.100434,-13.350434,-13.600434,-13.600434,-13.725434,-13.725434,-13.725434,-13.725434,-14.225434]},{"tokens":[0,1,2,3,4,5,6,7,8,10,11,9,12,13,18,14,17,16,15,20],"logprobs":[-0.10042938,-2.3504295,-8.72543,-11.35043,-11.97543,-12.22543,-12.22543,-12.60043,-12.85043,-12.97543,-13.10043,-13.22543,-13.35043,-13.47543,-13.72543,-13.72543,-13.72543,-13.85043,-13.97543,-14.22543]}]}