{"seen_tokens":["Hello","Hi","Hey","hello","Hmm","Hola","How","H","Hallo","He","Good","Oh","Well","Greetings","hi","Hell","Okay","HI","Welcome","Great"],"seen_logprobs":[{"tokens":[0,1,2,3,4,5,6,7,8,9,10,11,12,13,14,15,16,17,18,19],"logprobs":[-0.10043451,-2.3504345,-8.725434,-11.225434,-11.725434,-12.225434,-12.225434,-12.350434,-12.975434,-12.975434,-13.100434,-13.100434,-13.350434,-13.600434,-13.600434,-13.725434,-13.725434,-13.725434,-13.725434,-14.225434]}]}