{"seen_tokens":["ĊĊ","ĊĊĊ","Ċ","ĠĊĊ","ĊĊĊĊ","ĊĠĠĠĠĊ","<|end_of_text|>",")ĊĊ","ĊĠĊ","ĠĠĠĠĊĊ","ĊĠĠĊ","ĊĉĊ","ĊĊĊĊĊ","ĠĠĊĊ","ĉĊĊ","</","ĠĠĠĠĠĠĠĠĊĊ","čĊčĊ","ĠĠĠĊĊ","ĊĊĠĠĠĠĊ"],"seen_logprobs":[{"tokens":[0,1,2,3,4,5,6,7,8,9,10,11,12,13,14,15,16,17,18,19],"logprobs":[-4.7683704e-7,-15.75,-16.4375,-17.0,-17.1875,-18.1875,-18.375,-18.4375,-18.625,-18.8125,-18.8125,-18.875,-18.875,-19.1875,-19.1875,-19.4375,-19.5,-19.5,-19.5,-19.75]},{"tokens":[0,1,2,3,4,5,6,7,8,12,10,9,11,13,14,18,15,16,17,19],"logprobs":[-4.7683704e-7,-15.75,-16.4375,-17.0625,-17.125,-18.1875,-18.375,-18.4375,-18.5625,-18.8125,-18.8125,-18.8125,-18.875,-19.1875,-19.1875,-19.4375,-19.4375,-19.4375,-19.5,-19.75]}]}