{"seen_tokens":["It","I","That","This","Not","Unfortunately","Is","You","There","Could","A","Your","Nothing","However","Too","Just","it","Can","Only","But"],"seen_logprobs":[{"tokens":[0,1,2,3,4,5,6,7,8,9,10,11,12,13,14,15,16,17,18,19],"logprobs":[-0.017388513,-5.5173883,-5.6892633,-5.8767633,-6.6267633,-6.6267633,-6.8455133,-6.8611383,-7.3298883,-7.7048883,-8.064263,-8.642388,-8.751763,-9.095513,-9.993951,-10.118951,-10.267388,-10.556451,-10.618951,-10.665826]},{"tokens":[0,1,2,3,4,5,7,6,8,9,10,12,11,13,15,16,14,17,18,19],"logprobs":[-0.017070506,-5.6108203,-5.7358203,-5.7826953,-6.5170703,-6.6576953,-6.8608203,-6.8608203,-7.4858203,-7.7514453,-8.095196,-8.712383,-8.837383,-9.204571,-10.024883,-10.110821,-10.188946,-10.571758,-10.595196,-10.618633]},{"tokens":[0,1,3,2,4,5,6,7,8,9,10,11,12,13,14,15,16,19,18,17],"logprobs":[-0.01750695,-5.611257,-5.705007,-5.705007,-6.439382,-6.595632,-6.876882,-6.970632,-7.345632,-7.876882,-8.267507,-8.650319,-8.712819,-9.111257,-10.150319,-10.189382,-10.267507,-10.462819,-10.681569,-10.720632]},{"tokens":[0,1,2,3,5,4,7,6,8,9,10,12,11,13,15,16,14,19,17,18],"logprobs":[-0.018015211,-5.5492654,-5.6117654,-5.7367654,-6.5336404,-6.5492654,-6.8148904,-6.9555154,-7.4867654,-7.6898904,-8.205515,-8.666452,-8.72114,-9.00239,-10.06489,-10.12739,-10.143015,-10.455515,-10.47114,-10.62739]}]}