{"seen_tokens":["It","I","That","This","Not","Unfortunately","Is","You","There","Could","A","Your","Nothing","However","Too","Just","it","Can","Only","But"],"seen_logprobs":[{"tokens":[0,1,2,3,4,5,6,7,8,9,10,11,12,13,14,15,16,17,18,19],"logprobs":[-0.017388513,-5.5173883,-5.6892633,-5.8767633,-6.6267633,-6.6267633,-6.8455133,-6.8611383,-7.3298883,-7.7048883,-8.064263,-8.642388,-8.751763,-9.095513,-9.993951,-10.118951,-10.267388,-10.556451,-10.618951,-10.665826]}]}