{"seen_tokens":["Hello","It","Hi","Hey","You","hello","您好","你好","How","I","x","Hallo","The","What","Please","Could","Sure","Your"," Hello","こんにちは"],"seen_logprobs":[{"tokens":[0,1,2,3,4,5,6,7,8,9,10,11,12,13,14,15,16,17,18,19],"logprobs":[-0.080293275,-2.5802934,-7.205293,-9.080294,-9.205294,-9.330294,-9.455294,-9.705294,-9.955294,-10.330294,-10.830294,-11.080294,-11.205294,-11.580294,-11.705294,-11.705294,-11.830294,-12.080294,-12.330294,-12.455294]}]}