{"seen_tokens":["Hello","Hi","Good"," Hello","Hey","How","hello","Greetings","Hell",">Hello","Well","\n","Howdy","\\","﻿","​​","**","What","Hola","-","​","\n\n"],"seen_logprobs":[{"tokens":[0,1,2,3,4,5,6,7,8,9,10,11,12,13,14,15,16,17,18,19],"logprobs":[-0.000013306016,-11.250013,-16.250013,-17.250013,-17.250013,-21.000013,-21.000013,-21.250013,-21.625013,-22.750013,-23.000013,-23.250013,-24.125013,-24.875013,-25.000013,-25.000013,-25.000013,-25.000013,-25.125013,-25.250013]},{"tokens":[0,1,3,4,2,6,8,5,7,11,9,10,17,12,14,15,16,20,13,21],"logprobs":[-0.000010325924,-11.5000105,-16.75001,-17.25001,-17.75001,-21.37501,-21.37501,-21.50001,-22.37501,-22.50001,-23.37501,-24.50001,-24.75001,-24.87501,-25.00001,-25.25001,-25.37501,-25.50001,-25.50001,-26.00001]}]}