{"seen_tokens":["It","Hello","I","Hi","You","Hey","x","Of","ä½łå¥½","Could","æĤ¨å¥½","Your","Sure","Is","Certainly","çľĭèµ·æĿ¥","How","Looks","The",">Hello"],"seen_logprobs":[{"tokens":[0,1,2,3,4,5,6,7,8,9,10,11,12,13,14,15,16,17,18,19],"logprobs":[-0.6074872,-0.8574872,-3.4824872,-8.982487,-9.482487,-10.607487,-10.982487,-10.982487,-11.107487,-11.857487,-12.544987,-12.669987,-12.669987,-12.732487,-12.919987,-12.982487,-13.107487,-13.232487,-13.357487,-13.482487]},{"tokens":[0,1,2,3,4,5,6,7,8,9,10,11,12,13,14,15,16,17,18,19],"logprobs":[-0.6074864,-0.8574864,-3.4824865,-8.982487,-9.482487,-10.607487,-10.982487,-10.982487,-11.107487,-11.857487,-12.544987,-12.669987,-12.669987,-12.732487,-12.982487,-13.044987,-13.169987,-13.294987,-13.357487,-13.482487]},{"tokens":[0,1,2,3,4,5,6,7,8,9,10,12,11,13,14,15,16,17,18,19],"logprobs":[-0.5525221,-0.9275221,-3.5525222,-8.927522,-9.552522,-10.677522,-11.052522,-11.052522,-11.177522,-11.927522,-12.615022,-12.677522,-12.740022,-12.802522,-12.990022,-13.052522,-13.240022,-13.302522,-13.365022,-13.552522]}]}