{"seen_tokens":["Hello","Hi","I"," Hello","It","您好",">Hello","你好","hello","Hallo","Hey","X","看起来","Hell","Hola","_hello","HI","He","x","You","The"],"seen_logprobs":[{"tokens":[0,1,2,3,4,5,6,7,8,9,10,11,12,13,14,15,16,17,18,19],"logprobs":[-0.00009978315,-9.2501,-12.5001,-17.7501,-18.0001,-21.6251,-21.8751,-22.0001,-23.0001,-23.5001,-23.7501,-24.3751,-24.5001,-24.7501,-25.5001,-25.7501,-26.2501,-26.2501,-26.2501,-26.3751]},{"tokens":[0,1,2,4,3,7,5,6,8,11,10,9,12,14,13,19,18,20,17,15],"logprobs":[-0.0001295889,-9.00013,-12.00013,-16.50013,-17.50013,-20.62513,-20.75013,-21.75013,-22.12513,-22.25013,-22.75013,-23.00013,-23.12513,-23.75013,-23.75013,-24.25013,-24.37513,-24.87513,-25.00013,-25.25013]}]}