{"seen_tokens":["It","Hello","The","I","```","看起来","您好","Hi","x","\"x","###","That","X","\"","在","In","`","Could","Let","关于","看来","“","未知"],"seen_logprobs":[{"tokens":[0,1,2,3,4,5,6,7,8,9,10,11,12,13,14,15,16,17,18,19],"logprobs":[-0.12693436,-3.206611,-3.2717392,-4.252959,-5.3555694,-5.8396125,-6.203401,-6.4925923,-6.7804494,-7.1028686,-7.268193,-7.468661,-7.561315,-7.672899,-7.991714,-7.994991,-8.022844,-8.081945,-8.167794,-8.184406]},{"tokens":[0,1,2,3,5,4,6,8,7,9,10,14,12,13,19,11,16,20,21,22],"logprobs":[-0.11884924,-3.2874892,-3.4159405,-4.4951797,-5.386103,-5.3929114,-5.996609,-6.431763,-6.7132535,-6.8528514,-7.1150384,-7.4897904,-7.5790925,-7.6318088,-7.7674575,-7.8487496,-7.9311547,-7.970865,-8.005171,-8.059812]}]}