{"seen_tokens":["It","Hello","The","I","```","看起来","您好","Hi","x","\"x","###","That","X","\"","在","In","`","Could","Let","关于"],"seen_logprobs":[{"tokens":[0,1,2,3,4,5,6,7,8,9,10,11,12,13,14,15,16,17,18,19],"logprobs":[-0.12693436,-3.206611,-3.2717392,-4.252959,-5.3555694,-5.8396125,-6.203401,-6.4925923,-6.7804494,-7.1028686,-7.268193,-7.468661,-7.561315,-7.672899,-7.991714,-7.994991,-8.022844,-8.081945,-8.167794,-8.184406]}]}