{"seen_tokens":["<think>","</think>","<|im_start|>","Okay","<tool_response>","<tool_call>","<|im_end|>","_iface","$$","_ok","okay","大脑","brain","嗯","思考","เศรษ"," Poison","th","_marshaled","อำนวยความ"],"seen_logprobs":[{"tokens":[0,1,2,3,4,5,6,7,8,9,10,11,12,13,14,15,16,17,18,19],"logprobs":[-3.576278e-7,-15.0390625,-16.632812,-16.726562,-17.984375,-18.414062,-18.609375,-19.289062,-19.304688,-19.71875,-19.828125,-19.84375,-19.984375,-20.1875,-20.203125,-20.28125,-20.289062,-20.304688,-20.320312,-20.382812]},{"tokens":[0,1,2,3,4,5,6,7,8,9,10,11,12,14,13,15,16,18,17,19],"logprobs":[-2.3841855e-7,-15.0546875,-16.65625,-16.726562,-18.0,-18.421875,-18.617188,-19.296875,-19.3125,-19.71875,-19.820312,-19.898438,-20.023438,-20.195312,-20.203125,-20.296875,-20.296875,-20.335938,-20.335938,-20.40625]},{"tokens":[0,1,2,3,4,5,6,7,8,9,10,11,12,14,13,15,16,17,18,19],"logprobs":[-2.3841855e-7,-15.0703125,-16.671875,-16.75,-18.015625,-18.4375,-18.625,-19.304688,-19.335938,-19.734375,-19.84375,-19.929688,-20.039062,-20.203125,-20.25,-20.304688,-20.320312,-20.351562,-20.359375,-20.414062]}]}