{"seen_tokens":["Hello","Hi","Hey","Good","I","hello","Bon","Nice","How","What","Welcome","Oh","H"," Hello","You","He","It","HI","hi","My"],"seen_logprobs":[{"tokens":[0,1,2,3,4,5,6,7,8,9,10,11,12,13,14,15,16,17,18,19],"logprobs":[-0.07580077,-2.7008007,-5.575801,-7.950801,-8.325801,-8.325801,-8.575801,-8.950801,-9.200801,-9.200801,-9.825801,-9.950801,-9.950801,-10.325801,-10.450801,-10.450801,-10.450801,-10.700801,-11.075801,-11.075801]}]}