{"seen_tokens":["Hello","Hi","Hey","Good","I","hello","Bon","Nice","How","What","Welcome","Oh","H"," Hello","You","He","It","HI","hi","My","Great"],"seen_logprobs":[{"tokens":[0,1,2,3,4,5,6,7,8,9,10,11,12,13,14,15,16,17,18,19],"logprobs":[-0.07580077,-2.7008007,-5.575801,-7.950801,-8.325801,-8.325801,-8.575801,-8.950801,-9.200801,-9.200801,-9.825801,-9.950801,-9.950801,-10.325801,-10.450801,-10.450801,-10.450801,-10.700801,-11.075801,-11.075801]},{"tokens":[0,1,2,3,4,5,6,7,9,8,10,11,12,13,16,14,15,17,20,19],"logprobs":[-0.07657932,-2.7015793,-5.451579,-7.826579,-8.201579,-8.201579,-8.451579,-8.826579,-9.076579,-9.076579,-9.701579,-9.826579,-9.826579,-10.201579,-10.326579,-10.326579,-10.326579,-10.576579,-10.826579,-10.951579]}]}