{"seen_tokens":["\n","</think>","\n\n","1"," "],"seen_logprobs":[{"tokens":[0,1,2,3,4],"logprobs":[-0.00000167,-13.375002,-17.000002,-19.125002,-19.312502]}]}