{"seen_tokens":["I","Sorry","There","To","It","x","Unfortunately","As","No","The","Here","In","You","Without","1","Since","Okay","Hello","Thank","Hi"],"seen_logprobs":[{"tokens":[0,1,2,3,4,5,6,7,8,9,10,11,12,13,14,15,16,17,18,19],"logprobs":[-0.42784965,-3.0528498,-3.1778498,-3.2403498,-3.7403498,-3.9278498,-4.49035,-4.49035,-4.61535,-4.67785,-4.67785,-4.92785,-5.05285,-5.05285,-5.30285,-5.55285,-5.67785,-5.80285,-5.80285,-5.92785]}]}