{"seen_tokens":["<|channel|>","<|constrain|>"," "," (","분","<|call|>","<|message|>","analysis"," 分",","," m","We'll","(Note","<|start|>","<|end|>"," a"," nap"," b","We","_output"," name"," sun","..."," with"," at"," after"],"seen_logprobs":[{"tokens":[0,1,2,3,4,5,6,7,8,9,10,11,12,13,14,15,16,17,18,19],"logprobs":[0.0,-20.471548,-23.635864,-23.948061,-24.012001,-24.704704,-24.798107,-24.824242,-25.074732,-25.31952,-25.840342,-26.031563,-26.079855,-26.314201,-26.403759,-26.553398,-26.562365,-26.572655,-26.585703,-26.685486]},{"tokens":[0,1,2,3,4,5,7,9,8,6,12,11,15,20,13,14,10,16,21,22],"logprobs":[0.0,-20.48288,-23.310705,-23.621017,-23.880844,-24.512014,-24.538088,-24.836102,-24.893366,-24.933926,-25.731176,-25.974407,-26.07262,-26.154373,-26.169664,-26.171093,-26.23096,-26.304348,-26.383781,-26.421404]},{"tokens":[0,1,2,3,4,7,5,6,9,8,12,13,11,10,15,14,20,22,16,17],"logprobs":[0.0,-20.524101,-23.48233,-23.75467,-24.285439,-24.585327,-24.746574,-24.93832,-25.258575,-25.263456,-25.863918,-26.23077,-26.252094,-26.254627,-26.379889,-26.41991,-26.466019,-26.517725,-26.540981,-26.602757]},{"tokens":[0,1,2,3,4,8,7,5,9,6,15,23,14,21,22,12,24,25,13,16],"logprobs":[0.0,-20.358921,-22.64067,-23.48603,-23.727657,-24.105515,-24.12379,-24.88154,-25.211147,-25.278166,-25.905632,-26.180206,-26.226704,-26.38882,-26.42855,-26.450144,-26.471977,-26.472776,-26.551105,-26.556805]}]}