{"seen_tokens":["<|channel|>","<|constrain|>"," "," (","분","<|call|>","<|message|>","analysis"," 分",","," m","We'll","(Note","<|start|>","<|end|>"," a"," nap"," b","We","_output"," name"," sun","..."],"seen_logprobs":[{"tokens":[0,1,2,3,4,5,6,7,8,9,10,11,12,13,14,15,16,17,18,19],"logprobs":[0.0,-20.471548,-23.635864,-23.948061,-24.012001,-24.704704,-24.798107,-24.824242,-25.074732,-25.31952,-25.840342,-26.031563,-26.079855,-26.314201,-26.403759,-26.553398,-26.562365,-26.572655,-26.585703,-26.685486]},{"tokens":[0,1,2,3,4,5,7,9,8,6,12,11,15,20,13,14,10,16,21,22],"logprobs":[0.0,-20.48288,-23.310705,-23.621017,-23.880844,-24.512014,-24.538088,-24.836102,-24.893366,-24.933926,-25.731176,-25.974407,-26.07262,-26.154373,-26.169664,-26.171093,-26.23096,-26.304348,-26.383781,-26.421404]}]}