{"seen_tokens":["<|channel|>","<|constrain|>"," "," (","분","<|call|>","<|message|>","analysis"," 分",","," m","We'll","(Note","<|start|>","<|end|>"," a"," nap"," b","We","_output"],"seen_logprobs":[{"tokens":[0,1,2,3,4,5,6,7,8,9,10,11,12,13,14,15,16,17,18,19],"logprobs":[0.0,-20.471548,-23.635864,-23.948061,-24.012001,-24.704704,-24.798107,-24.824242,-25.074732,-25.31952,-25.840342,-26.031563,-26.079855,-26.314201,-26.403759,-26.553398,-26.562365,-26.572655,-26.585703,-26.685486]}]}