{"seen_tokens":["▁=","▁","▁is","▁The","▁To","▁I","▁Write","▁x","▁A","▁-","▁What","▁Given","▁y","▁There","▁Hello","▁In","▁You","▁This","▁If","▁Here","▁An"],"seen_logprobs":[{"tokens":[0,1,2,3,4,5,6,7,8,9,10,11,12,13,14,15,16,17,18,19],"logprobs":[-2.2315254,-1.9815253,-2.6690254,-2.7940254,-2.9815254,-3.2315254,-3.4190254,-3.4190254,-3.4190254,-3.6065254,-3.6065254,-3.7940254,-3.9190254,-4.0440254,-4.1065254,-4.2315254,-4.4815254,-4.6690254,-4.6690254,-4.6690254]},{"tokens":[1,2,0,3,5,7,4,8,10,9,6,14,13,11,15,12,17,18,16,20],"logprobs":[-1.7771397,-2.7771397,-2.7771397,-2.8396397,-2.8396397,-2.9021397,-3.0896397,-3.2771397,-3.5896397,-3.7146397,-3.7146397,-3.7771397,-3.9646397,-4.0271397,-4.2771397,-4.3396397,-4.3396397,-4.4646397,-4.5271397,-4.5271397]}]}