{"seen_tokens":["▁=","▁","▁is","▁The","▁To","▁I","▁Write","▁x","▁A","▁-","▁What","▁Given","▁y","▁There","▁Hello","▁In","▁You","▁This","▁If","▁Here"],"seen_logprobs":[{"tokens":[0,1,2,3,4,5,6,7,8,9,10,11,12,13,14,15,16,17,18,19],"logprobs":[-2.2315254,-1.9815253,-2.6690254,-2.7940254,-2.9815254,-3.2315254,-3.4190254,-3.4190254,-3.4190254,-3.6065254,-3.6065254,-3.7940254,-3.9190254,-4.0440254,-4.1065254,-4.2315254,-4.4815254,-4.6690254,-4.6690254,-4.6690254]}]}