{"seen_tokens":["I","It","You","Your","Unfortunately","The","X","There","If","That","This","Unknown","However","What","Please","How","To","A","x","Although","No"],"seen_logprobs":[{"tokens":[0,1,2,3,4,5,6,7,8,9,10,11,12,13,14,15,16,17,18,19],"logprobs":[-0.17751737,-1.9275174,-4.9275174,-5.9275174,-6.3025174,-6.8025174,-7.4900174,-7.7400174,-7.9900174,-8.177517,-8.177517,-8.365017,-8.615017,-8.802517,-9.115017,-9.177517,-9.240017,-9.552517,-9.677517,-9.865017]},{"tokens":[0,1,2,5,4,3,7,6,10,9,11,8,12,13,15,14,17,16,19,20],"logprobs":[-0.2215162,-1.7215163,-4.971516,-5.721516,-5.846516,-6.096516,-7.471516,-7.659016,-8.096517,-8.159017,-8.346517,-8.534017,-8.659017,-8.721517,-8.846517,-8.909017,-9.159017,-9.346517,-9.596517,-9.846517]}]}