{"seen_tokens":["Hey","Hi","Hello","**"," Hey","H","hey","Yo"],"seen_logprobs":[{"tokens":[0,1,2,3,4,5,6,7],"logprobs":[-0.10126536,-2.3512654,-6.8512654,-15.976265,-17.101265,-17.726265,-18.601265,-19.351265]}]}