{"seen_tokens":["Hey","Hi","Hello","**"," Hey","H","hey","Yo","\"Hey"],"seen_logprobs":[{"tokens":[0,1,2,3,4,5,6,7],"logprobs":[-0.10126536,-2.3512654,-6.8512654,-15.976265,-17.101265,-17.726265,-18.601265,-19.351265]},{"tokens":[0,2,1,3,4,5,8,6],"logprobs":[-0.083833225,-2.8338332,-3.8338332,-13.458834,-15.208834,-16.583834,-16.958834,-17.083834]}]}