{"seen_tokens":["Hello","Hi","Hey"," Hello","hello","Hola",">Hello","你好","HI","👋"," Hi","hi","ello","こんにちは","Hallo","Greetings","Good","Hmm","HEL","_hello"],"seen_logprobs":[{"tokens":[0,1,2,3,4,5,6,7,8,9,10,11,12,13,14,15,16,17,18,19],"logprobs":[-0.014175437,-4.2641754,-11.389175,-15.014175,-15.639175,-16.764175,-17.139175,-17.889175,-17.889175,-18.014175,-18.389175,-18.514175,-19.014175,-19.389175,-19.514175,-19.764175,-19.764175,-20.014175,-20.264175,-20.514175]}]}