{"seen_tokens":["Hello","Hi","Hey"," Hello","Good","\n","**","hello","Hell","Greetings","Howdy"," Hi","Hola",">Hello","Well","​","\n\n","How","﻿","-"],"seen_logprobs":[{"tokens":[0,1,2,3,4,5,6,7,8,9,10,11,12,13,14,15,16,17,18,19],"logprobs":[-0.005238856,-5.255239,-12.255239,-15.380239,-16.25524,-18.63024,-18.63024,-19.00524,-19.25524,-19.75524,-20.38024,-20.50524,-20.88024,-21.25524,-21.50524,-21.63024,-21.75524,-21.75524,-21.88024,-22.13024]},{"tokens":[0,1,2,3,4,6,5,7,8,9,11,10,12,17,14,13,19,16,15,18],"logprobs":[-0.0052376683,-5.2552376,-12.505238,-15.505238,-17.505238,-18.380238,-18.755238,-19.255238,-19.380238,-20.005238,-20.380238,-20.380238,-21.130238,-21.380238,-21.380238,-21.630238,-22.005238,-22.130238,-22.380238,-22.380238]},{"tokens":[0,1,2,3,4,6,5,7,8,9,10,11,13,12,16,14,18,15,19,17],"logprobs":[-0.004083028,-5.504083,-12.379083,-14.879083,-16.379084,-18.629084,-18.754084,-18.754084,-19.004084,-19.879084,-20.504084,-20.629084,-21.129084,-21.129084,-21.504084,-21.629084,-21.629084,-21.629084,-21.754084,-21.879084]}]}