{"seen_tokens":["Hello","Hi","Hey"," Hello","Good","\n","**","hello","Hell","Greetings","Howdy"," Hi","Hola",">Hello","Well","​","\n\n","How","﻿","-"],"seen_logprobs":[{"tokens":[0,1,2,3,4,5,6,7,8,9,10,11,12,13,14,15,16,17,18,19],"logprobs":[-0.005238856,-5.255239,-12.255239,-15.380239,-16.25524,-18.63024,-18.63024,-19.00524,-19.25524,-19.75524,-20.38024,-20.50524,-20.88024,-21.25524,-21.50524,-21.63024,-21.75524,-21.75524,-21.88024,-22.13024]}]}