{"seen_tokens":["Hello","你好","Hi","","好的","嗨","How","Hey","H","打招呼","您好","hello"," Hello","He","I","你","What"," Hi","哈","!","Hell","大家好","Can","嘿"],"seen_logprobs":[{"tokens":[0,1,2,3,4,5,6,7,8,9,10,11,12,13,14,15,16,17,18,19],"logprobs":[-0.61333466,-0.98833466,-2.4883347,-7.2383347,-7.2383347,-7.7383347,-8.113335,-8.738335,-9.238335,-9.363335,-9.488335,-9.863335,-10.113335,-10.238335,-10.238335,-10.613335,-10.738335,-10.738335,-10.863335,-10.988335]},{"tokens":[1,0,2,5,6,3,7,4,8,10,9,11,18,20,16,21,19,14,22,23],"logprobs":[-0.9426318,-0.5676318,-3.1926317,-7.0676317,-8.067632,-8.317632,-8.692632,-8.692632,-9.192632,-9.692632,-10.192632,-10.317632,-10.442632,-10.567632,-10.567632,-10.567632,-10.692632,-10.817632,-10.817632,-10.817632]}]}