{"seen_tokens":["Hello","你好","Hi","","好的","嗨","How","Hey","H","打招呼","您好","hello"," Hello","He","I","你","What"," Hi","哈","!"],"seen_logprobs":[{"tokens":[0,1,2,3,4,5,6,7,8,9,10,11,12,13,14,15,16,17,18,19],"logprobs":[-0.61333466,-0.98833466,-2.4883347,-7.2383347,-7.2383347,-7.7383347,-8.113335,-8.738335,-9.238335,-9.363335,-9.488335,-9.863335,-10.113335,-10.238335,-10.238335,-10.613335,-10.738335,-10.738335,-10.863335,-10.988335]}]}