{"seen_tokens":["\n","</s>","[","I","","!","<","The","There","\r","How","\"","A","and","It","This","is","(","My","You","\"]"],"seen_logprobs":[{"tokens":[0,1,2,3,4,5,6,7,8,9,10,11,12,13,14,15,16,17,18,19],"logprobs":[-0.3755598,-2.6880598,-3.0630598,-3.7505598,-5.12556,-5.12556,-5.37556,-5.37556,-5.68806,-5.75056,-5.87556,-5.93806,-6.06306,-6.06306,-6.06306,-6.06306,-6.12556,-6.18806,-6.18806,-6.31306]},{"tokens":[20,0,1,2,3,4,5,6,7,8,9,10,11,12,13,14,15,16,17,18],"logprobs":[-7.37556,-0.3755598,-2.6880598,-3.0630598,-3.7505598,-5.12556,-5.12556,-5.37556,-5.37556,-5.68806,-5.75056,-5.87556,-5.93806,-6.06306,-6.06306,-6.06306,-6.06306,-6.12556,-6.18806,-6.18806]},{"tokens":[2,0,1,3,4,5,6,7,8,9,10,11,12,13,14,15,16,17,18,19],"logprobs":[-3.0630598,-0.3755598,-2.6880598,-3.7505598,-5.12556,-5.12556,-5.37556,-5.37556,-5.68806,-5.75056,-5.87556,-5.93806,-6.06306,-6.06306,-6.06306,-6.06306,-6.12556,-6.18806,-6.18806,-6.31306]},{"tokens":[16,0,1,2,3,4,5,6,7,8,9,10,11,12,13,14,15,17,18,19],"logprobs":[-6.12556,-0.3755598,-2.6880598,-3.0630598,-3.7505598,-5.12556,-5.12556,-5.37556,-5.37556,-5.68806,-5.75056,-5.87556,-5.93806,-6.06306,-6.06306,-6.06306,-6.06306,-6.18806,-6.18806,-6.31306]}]}