{"seen_tokens":["Hello","It","Hi","Looks","Seems"],"seen_logprobs":[{"tokens":[0,1,2,3,4],"logprobs":[-0.31339946,-1.3133994,-8.938399,-12.188399,-14.938399]},{"tokens":[0,1,2,3,4],"logprobs":[-0.31341648,-1.3134165,-8.8134165,-12.3134165,-14.9384165]},{"tokens":[0,1,2,3,4],"logprobs":[-0.2520577,-1.5020577,-9.002058,-12.377058,-15.127058]},{"tokens":[0,1,2,3,4],"logprobs":[-0.31348443,-1.3134844,-8.438484,-12.313484,-14.813484]}]}