{"seen_tokens":["Hello","It","Hi","How","Hey"],"seen_logprobs":[{"tokens":[0,1,2,3,4],"logprobs":[-0.08765494,-2.8376548,-3.8376548,-5.962655,-7.587655]},{"tokens":[0,1,2,3,4],"logprobs":[-0.16896157,-2.1689615,-3.2939615,-5.7939615,-8.043962]},{"tokens":[0,1,2,3,4],"logprobs":[-0.06920355,-3.4442036,-3.4442036,-6.0692034,-8.194203]}]}