{"seen_tokens":["Hello","It","Hi","How","Hey"],"seen_logprobs":[{"tokens":[0,1,2,3,4],"logprobs":[-0.08765494,-2.8376548,-3.8376548,-5.962655,-7.587655]}]}