{"seen_tokens":["**","x","haha","😂","`","X","H","*x"],"seen_logprobs":[{"tokens":[0,1,2,3,4,5,6,7],"logprobs":[-0.001659803,-6.50166,-9.87666,-10.00166,-10.75166,-11.12666,-11.87666,-12.50166]}]}