{"seen_tokens":["**","x","haha","😂","`","X","H","*x","***"],"seen_logprobs":[{"tokens":[0,1,2,3,4,5,6,7],"logprobs":[-0.001659803,-6.50166,-9.87666,-10.00166,-10.75166,-11.12666,-11.87666,-12.50166]},{"tokens":[0,1,3,4,2,5,7,6],"logprobs":[-0.0013211579,-6.7513213,-9.751321,-10.126321,-11.126321,-11.251321,-12.126321,-12.501321]},{"tokens":[0,1,3,2,5,7,8,6],"logprobs":[-0.00068366993,-7.375684,-10.625684,-11.750684,-12.000684,-12.500684,-12.500684,-12.750684]}]}