{"seen_tokens":["Hello","Hi","'",")","\"","(","#","*","&","%","+","!","2","/",",","-",".","$","1","0"],"seen_logprobs":[{"tokens":[0,1,2,3,4,5,6,7,8,9,10,11,12,13,14,15,16,17,18,19],"logprobs":[-0.23681265,-1.5565567,-9999.0,-9999.0,-9999.0,-9999.0,-9999.0,-9999.0,-9999.0,-9999.0,-9999.0,-9999.0,-9999.0,-9999.0,-9999.0,-9999.0,-9999.0,-9999.0,-9999.0,-9999.0]},{"tokens":[0,1,14,15,9,4,2,17,11,13,10,5,16,6,3,8,7,12,18,19],"logprobs":[-0.6420465,-0.7470003,-9999.0,-9999.0,-9999.0,-9999.0,-9999.0,-9999.0,-9999.0,-9999.0,-9999.0,-9999.0,-9999.0,-9999.0,-9999.0,-9999.0,-9999.0,-9999.0,-9999.0,-9999.0]}]}