{"seen_tokens":["▁Hello","▁Hi","▁Hey","▁How","▁Can","▁I","▁What","▁There","▁Sure","▁Welcome","▁Are","▁Yes","▁Could","▁H","▁You","▁Is","▁Please","▁Sorry","▁Do","▁Help"],"seen_logprobs":[{"tokens":[0,1,2,3,4,5,6,7,8,9,10,11,12,13,14,15,16,17,18,19],"logprobs":[-0.13419513,-3.259195,-3.634195,-3.759195,-3.884195,-5.3841953,-5.6341953,-6.1966953,-7.3841953,-7.6966953,-7.8841953,-8.071695,-8.196695,-8.259195,-8.259195,-8.321695,-8.571695,-8.634195,-8.696695,-8.759195]},{"tokens":[6,0,1,2,3,4,5,7,8,9,10,11,12,13,14,15,16,17,18,19],"logprobs":[-5.6341953,-0.13419513,-3.259195,-3.634195,-3.759195,-3.884195,-5.3841953,-6.1966953,-7.3841953,-7.6966953,-7.8841953,-8.071695,-8.196695,-8.259195,-8.259195,-8.321695,-8.571695,-8.634195,-8.696695,-8.759195]}]}