{"seen_tokens":["\n","</s>","[","I","!","","<","The","\r","There","How","\"","It","and","A","This","is","(","My","You","Okay"],"seen_logprobs":[{"tokens":[0,1,2,3,4,5,6,7,8,9,10,11,12,13,14,15,16,17,18,19],"logprobs":[-0.36481076,-2.7398107,-3.1148107,-3.8023107,-5.052311,-5.177311,-5.364811,-5.364811,-5.677311,-5.677311,-5.927311,-5.989811,-6.052311,-6.052311,-6.114811,-6.114811,-6.114811,-6.177311,-6.239811,-6.302311]},{"tokens":[2,0,1,3,4,5,6,7,8,9,10,11,12,13,14,15,16,17,18,19],"logprobs":[-3.1148107,-0.36481076,-2.7398107,-3.8023107,-5.052311,-5.177311,-5.364811,-5.364811,-5.677311,-5.677311,-5.927311,-5.989811,-6.052311,-6.052311,-6.114811,-6.114811,-6.114811,-6.177311,-6.239811,-6.302311]},{"tokens":[20,0,1,2,3,4,5,6,7,8,9,10,11,12,13,14,15,16,17,18],"logprobs":[-8.802311,-0.36481076,-2.7398107,-3.1148107,-3.8023107,-5.052311,-5.177311,-5.364811,-5.364811,-5.677311,-5.677311,-5.927311,-5.989811,-6.052311,-6.052311,-6.114811,-6.114811,-6.114811,-6.177311,-6.239811]},{"tokens":[0,1,2,3,4,5,6,7,8,9,10,11,14,13,12,15,16,17,18,19],"logprobs":[-0.36956504,-2.682065,-3.119565,-3.807065,-5.119565,-5.182065,-5.369565,-5.369565,-5.682065,-5.744565,-5.932065,-5.994565,-6.057065,-6.057065,-6.057065,-6.119565,-6.119565,-6.182065,-6.244565,-6.307065]}]}