{"seen_tokens":["\n","</s>","[","I","!","","<","The","\r","There","How","\"","It","and","A","This","is","(","My","You"],"seen_logprobs":[{"tokens":[0,1,2,3,4,5,6,7,8,9,10,11,12,13,14,15,16,17,18,19],"logprobs":[-0.36481076,-2.7398107,-3.1148107,-3.8023107,-5.052311,-5.177311,-5.364811,-5.364811,-5.677311,-5.677311,-5.927311,-5.989811,-6.052311,-6.052311,-6.114811,-6.114811,-6.114811,-6.177311,-6.239811,-6.302311]},{"tokens":[2,0,1,3,4,5,6,7,8,9,10,11,12,13,14,15,16,17,18,19],"logprobs":[-3.1148107,-0.36481076,-2.7398107,-3.8023107,-5.052311,-5.177311,-5.364811,-5.364811,-5.677311,-5.677311,-5.927311,-5.989811,-6.052311,-6.052311,-6.114811,-6.114811,-6.114811,-6.177311,-6.239811,-6.302311]}]}