{"seen_tokens":["你好","<｜end▁of▁sentence｜>","!","\"","#","'","(","*","+","-","0","1","5",":","<",">","?","@","A","B","Hello","2"],"seen_logprobs":[{"tokens":[0,1,2,3,4,5,6,7,8,9,10,11,12,13,14,15,16,17,18,19],"logprobs":[0.0,-9999.0,-9999.0,-9999.0,-9999.0,-9999.0,-9999.0,-9999.0,-9999.0,-9999.0,-9999.0,-9999.0,-9999.0,-9999.0,-9999.0,-9999.0,-9999.0,-9999.0,-9999.0,-9999.0]},{"tokens":[20,0,1,2,3,4,5,6,7,8,9,10,11,21,13,14,15,16,17,18],"logprobs":[-1.7185681,-0.1976254,-9999.0,-9999.0,-9999.0,-9999.0,-9999.0,-9999.0,-9999.0,-9999.0,-9999.0,-9999.0,-9999.0,-9999.0,-9999.0,-9999.0,-9999.0,-9999.0,-9999.0,-9999.0]}]}