{"seen_tokens":["Hello","Hi"," Hello","Hey","Good","Greetings","\n","hello","\n\n","How","Welcome"," \n\n"," \n",",","​"," ","-","!",".","  "],"seen_logprobs":[{"tokens":[0,1,2,3,4,5,6,7,8,9,10,11,12,13,14,15,16,17,18,19],"logprobs":[-0.00029470553,-8.616145,-9.357348,-11.091044,-12.326123,-13.117238,-13.251246,-13.627749,-14.522445,-15.078614,-15.195325,-15.597068,-15.940158,-15.954232,-16.08394,-16.149128,-16.410257,-16.419514,-16.551458,-16.742756]},{"tokens":[0,1,2,3,4,5,9,6,7,8,10,13,17,11,18,12,15,14,16,19],"logprobs":[-0.00066168414,-7.736948,-8.857679,-9.8609085,-11.70237,-12.015686,-12.478069,-12.693291,-12.875069,-13.624657,-13.759529,-14.363766,-14.550167,-14.872322,-14.937691,-15.050558,-15.1105385,-15.30443,-15.501631,-15.710676]}]}