{"seen_tokens":["Hello","Hey","Hi","How","Yo","Here","你好","Welcome","","您好","¡","H","I","Hell","You","Gre","**","Ol","✨","*"],"seen_logprobs":[{"tokens":[0,1,2,3,4,5,6,7,8,9,10,11,12,13,14,15,16,17,18,19],"logprobs":[-0.2698601,-2.01986,-2.26986,-9.39486,-9.64486,-9.76986,-9.76986,-10.01986,-10.39486,-10.51986,-10.76986,-10.76986,-10.76986,-11.14486,-11.76986,-11.76986,-12.01986,-12.14486,-12.51986,-12.64486]}]}