{"seen_tokens":["Hello","Hey","Hi","How","Yo","Here","你好","Welcome","","您好","¡","H","I","Hell","You","Gre","**","Ol","✨","*","What","\"","嗨","He","It"],"seen_logprobs":[{"tokens":[0,1,2,3,4,5,6,7,8,9,10,11,12,13,14,15,16,17,18,19],"logprobs":[-0.2698601,-2.01986,-2.26986,-9.39486,-9.64486,-9.76986,-9.76986,-10.01986,-10.39486,-10.51986,-10.76986,-10.76986,-10.76986,-11.14486,-11.76986,-11.76986,-12.01986,-12.14486,-12.51986,-12.64486]},{"tokens":[1,0,2,4,8,3,10,7,11,5,20,13,12,14,21,6,9,18,22,23],"logprobs":[-0.13663511,-2.636635,-2.886635,-9.386635,-9.636635,-10.136635,-10.261635,-10.761635,-11.011635,-11.636635,-11.761635,-11.761635,-11.761635,-12.136635,-12.261635,-12.511635,-12.511635,-12.511635,-13.011635,-13.261635]},{"tokens":[2,0,1,8,9,3,7,10,6,11,4,5,12,17,13,22,23,21,20,24],"logprobs":[-2.3526113,-0.3526112,-1.6026112,-8.977612,-9.102612,-9.352612,-9.477612,-9.977612,-10.227612,-10.477612,-11.102612,-11.102612,-11.477612,-11.477612,-11.602612,-11.852612,-12.102612,-12.102612,-12.227612,-12.227612]},{"tokens":[1,0,2,3,8,7,11,5,12,9,6,4,13,22,18,10,14,20,21,24],"logprobs":[-1.055312,-0.55531204,-2.5553122,-9.680312,-10.055312,-10.555312,-10.555312,-10.680312,-10.680312,-10.805312,-10.930312,-11.180312,-11.555312,-11.555312,-11.805312,-12.055312,-12.305312,-12.305312,-12.305312,-12.305312]}]}