{"seen_tokens":["Hello","Hi","Hey"," Hello","\n"],"seen_logprobs":[{"tokens":[0,1,2,3,4],"logprobs":[-0.00003631232,-10.250036,-14.500036,-15.250036,-17.000036]},{"tokens":[0,1,2,3,4],"logprobs":[-0.000008299462,-11.750009,-15.500009,-15.750009,-17.000008]}]}