{"seen_tokens":["**","It","Could","¡","H","Hello","**\"","The","Es","P","¿","Hi","La","X","Se","El","\"","Hey","Si","Your"],"seen_logprobs":[{"tokens":[0,1,2,3,4,5,6,7,8,9,10,11,12,13,14,15,16,17,18,19],"logprobs":[-2.9981463,-0.9356463,-1.9981463,-2.2481463,-2.8731463,-2.8731463,-3.8731463,-3.9356463,-4.248146,-4.310646,-4.435646,-4.560646,-4.685646,-4.935646,-4.935646,-4.998146,-5.185646,-5.310646,-5.373146,-5.560646]},{"tokens":[1,2,3,4,5,0,6,7,8,9,10,11,12,13,14,15,16,17,18,19],"logprobs":[-0.9356463,-1.9981463,-2.2481463,-2.8731463,-2.8731463,-2.9981463,-3.8731463,-3.9356463,-4.248146,-4.310646,-4.435646,-4.560646,-4.685646,-4.935646,-4.935646,-4.998146,-5.185646,-5.310646,-5.373146,-5.560646]}]}