{"seen_tokens":["How","Hello","It's","Hi","Is","What's","Hey","Nice","It","hi","**","##","hello","If","Are","it's","###","Do","I'm","You're"],"seen_logprobs":[{"tokens":[0,1,2,3,4,5,6,7,8,9,10,11,12,13,14,15,16,17,18,19],"logprobs":[-2.1769123,-0.92691225,-1.4269123,-1.4269123,-5.6769123,-6.1769123,-6.6769123,-6.9269123,-7.6769123,-7.6769123,-7.9269123,-7.9269123,-8.426912,-8.426912,-8.926912,-9.426912,-9.426912,-9.426912,-9.676912,-9.926912]}]}