{"seen_tokens":["Hello","Hi","Good","Hey"," Hello","How","hello","Greetings","Hell",">Hello","\n","Howdy","Well","What","﻿","Hola","​​","​","\\"," hello"],"seen_logprobs":[{"tokens":[0,1,2,3,4,5,6,7,8,9,10,11,12,13,14,15,16,17,18,19],"logprobs":[-0.000024630364,-10.625025,-15.937525,-16.406275,-16.906275,-20.062525,-20.500025,-21.000025,-21.281275,-22.781275,-23.0469,-23.343775,-23.3594,-23.8594,-24.76565,-24.7969,-24.9844,-25.32815,-25.45315,-25.562525]}]}