{"seen_tokens":["Hello","Hi","Good","Hey"," Hello","How","hello","Greetings","Hell",">Hello","\n","Howdy","Well","What","﻿","Hola","​​","​","\\"," hello","**","\n\n","-"],"seen_logprobs":[{"tokens":[0,1,2,3,4,5,6,7,8,9,10,11,12,13,14,15,16,17,18,19],"logprobs":[-0.000024630364,-10.625025,-15.937525,-16.406275,-16.906275,-20.062525,-20.500025,-21.000025,-21.281275,-22.781275,-23.0469,-23.343775,-23.3594,-23.8594,-24.76565,-24.7969,-24.9844,-25.32815,-25.45315,-25.562525]},{"tokens":[0,1,3,2,4,5,6,7,8,10,9,11,13,12,18,15,14,16,20,21],"logprobs":[-0.000027968066,-10.500028,-15.437528,-16.468779,-17.031279,-20.000029,-20.656279,-20.859404,-20.890654,-22.515654,-23.000029,-23.125029,-23.750029,-23.953154,-24.578154,-24.656279,-24.859404,-24.859404,-25.062529,-25.359404]},{"tokens":[0,1,2,4,3,5,6,8,7,9,10,12,11,13,15,22,16,20,14,18],"logprobs":[-0.0000192662,-10.875019,-15.593769,-16.84377,-17.06252,-20.609394,-20.90627,-21.140644,-21.18752,-22.328144,-22.62502,-22.984394,-23.78127,-24.140644,-24.578144,-25.140644,-25.15627,-25.31252,-25.31252,-25.34377]}]}