{"seen_tokens":["Hello","Hi","Hey","Greetings","You","It","Hallo","**","Sure","Welcome","Hola","This","Bonjour","I","How","HEL","You're","*","hello","The"],"seen_logprobs":[{"tokens":[0,1,2,3,4,5,6,7,8,9,10,11,12,13,14,15,16,17,18,19],"logprobs":[-0.025942866,-3.7759428,-6.025943,-9.775943,-9.775943,-10.275943,-10.525943,-10.775943,-10.775943,-11.275943,-11.900943,-12.525943,-12.775943,-13.150943,-13.150943,-13.275943,-13.275943,-13.275943,-13.400943,-13.400943]},{"tokens":[1,0,2,3,4,5,6,7,8,9,10,11,12,13,14,15,16,17,18,19],"logprobs":[-3.7759428,-0.025942866,-6.025943,-9.775943,-9.775943,-10.275943,-10.525943,-10.775943,-10.775943,-11.275943,-11.900943,-12.525943,-12.775943,-13.150943,-13.150943,-13.275943,-13.275943,-13.275943,-13.400943,-13.400943]}]}