{"seen_tokens":["<think>","</think>","Okay","<|im_start|>","<|im_end|>","<tool_call>","<tool_response>","okay","滨江","-navbar","brain","think","thinking","Brain","思考","$$","是怎样","others","here","bara"],"seen_logprobs":[{"tokens":[0,1,2,3,4,5,6,7,8,9,10,11,12,13,14,15,16,17,18,19],"logprobs":[-1.1920928e-7,-15.7421875,-18.460938,-18.539062,-18.742188,-19.03125,-19.132812,-19.210938,-19.4375,-19.601562,-19.617188,-19.703125,-20.039062,-20.117188,-20.171875,-20.375,-20.554688,-20.679688,-20.726562,-20.898438]},{"tokens":[0,1,2,3,4,5,6,7,8,10,9,11,12,13,14,15,16,17,18,19],"logprobs":[-1.1920928e-7,-15.7421875,-18.460938,-18.539062,-18.742188,-19.023438,-19.140625,-19.226562,-19.4375,-19.609375,-19.609375,-19.671875,-20.023438,-20.09375,-20.179688,-20.382812,-20.554688,-20.65625,-20.734375,-20.882812]},{"tokens":[0,1,2,3,4,5,6,7,8,10,9,11,12,13,14,15,16,17,18,19],"logprobs":[-1.1920928e-7,-15.75,-18.453125,-18.539062,-18.75,-19.03125,-19.148438,-19.226562,-19.46875,-19.609375,-19.632812,-19.710938,-20.039062,-20.109375,-20.195312,-20.398438,-20.546875,-20.703125,-20.726562,-20.90625]}]}