{"seen_tokens":["It","You","I","That","X","Your","The","x","Unfortunately","What","Just","A","However","To","Hello","it","This","How","Hi","a"],"seen_logprobs":[{"tokens":[0,1,2,3,4,5,6,7,8,9,10,11,12,13,14,15,16,17,18,19],"logprobs":[-0.044005208,-4.2940054,-4.4190054,-5.0440054,-5.9190054,-6.2940054,-6.6690054,-6.9190054,-7.1690054,-7.5440054,-7.7940054,-8.169005,-8.294005,-8.544005,-8.981505,-9.169005,-9.294005,-9.481505,-9.669005,-9.981505]},{"tokens":[0,1,2,3,4,5,6,7,8,9,10,11,12,13,14,15,16,17,18,19],"logprobs":[-0.046354946,-4.171355,-4.421355,-5.046355,-5.796355,-6.296355,-6.671355,-6.796355,-7.171355,-7.546355,-7.796355,-8.171355,-8.296355,-8.483855,-8.858855,-9.108855,-9.233855,-9.546355,-9.608855,-9.921355]}]}