{"seen_tokens":["It","You","I","That","X","Your","The","x","Unfortunately","What","Just","A","However","To","Hello","it","This","How","Hi","a"],"seen_logprobs":[{"tokens":[0,1,2,3,4,5,6,7,8,9,10,11,12,13,14,15,16,17,18,19],"logprobs":[-0.044005208,-4.2940054,-4.4190054,-5.0440054,-5.9190054,-6.2940054,-6.6690054,-6.9190054,-7.1690054,-7.5440054,-7.7940054,-8.169005,-8.294005,-8.544005,-8.981505,-9.169005,-9.294005,-9.481505,-9.669005,-9.981505]}]}