{"seen_tokens":["Hi","Hello","How","What","Hey","*","It","I","Sure","Nice","Yes","Welcome","You","Good","Oh","Please","Thank","Sorry","Thanks","No"],"seen_logprobs":[{"tokens":[0,1,2,3,4,5,6,7,8,9,10,11,12,13,14,15,16,17,18,19],"logprobs":[-1.4112797,-0.6925296,-2.6456547,-3.5675297,-3.9503422,-4.231592,-4.3175297,-4.403467,-5.106592,-5.1144047,-5.2550297,-5.262842,-5.4425297,-5.5206547,-5.637842,-5.7862797,-5.872217,-5.9269047,-5.9581547,-6.0206547]}]}