{"seen_tokens":["It","Hello","If","To","The","I","How","Hi","Could","\"","Certainly","Welcome","Your","Sure","What","Based","You","Of","When","Unfortunately"],"seen_logprobs":[{"tokens":[0,1,2,3,4,5,6,7,8,9,10,11,12,13,14,15,16,17,18,19],"logprobs":[-0.38380545,-1.8213055,-3.1806805,-3.3994305,-3.5400555,-3.6963055,-5.0556803,-5.0713053,-5.6181803,-5.9463053,-6.4931803,-6.6650553,-7.0244303,-7.1025553,-7.7275553,-7.7900553,-7.8681803,-7.9619303,-8.321305,-8.383805]}]}