{"seen_tokens":["It","**","The","Ah","Il","O","Hello","Oh","**\"","¡","Could","Bien","La","*","Hey","Je","Se","X","El","\""],"seen_logprobs":[{"tokens":[0,1,2,3,4,5,6,7,8,9,10,11,12,13,14,15,16,17,18,19],"logprobs":[-0.78751475,-2.9125147,-3.1625147,-3.2250147,-3.2875147,-3.7250147,-4.0375147,-4.1000147,-4.2250147,-4.3500147,-4.3500147,-4.4125147,-4.4750147,-4.7875147,-4.7875147,-4.7875147,-4.9125147,-5.0375147,-5.0375147,-5.2250147]}]}