{"seen_tokens":["<think>","\n\n\n","\n\n","Hello","\n","</think>"],"seen_logprobs":[{"tokens":[0,1,2,3,4],"logprobs":[-0.000057937392,-11.187558,-11.187558,-12.015683,-12.015683]},{"tokens":[0,1,2,4,5],"logprobs":[-0.00005173817,-11.2813015,-11.4063015,-12.0625515,-12.3594265]},{"tokens":[0,1,2,3,4],"logprobs":[-0.000052453463,-11.265677,-11.500052,-11.718802,-12.265677]},{"tokens":[0,1,2,4,3],"logprobs":[-0.000052334246,-11.281302,-11.296927,-11.953177,-12.343802]}]}