{"seen_tokens":["<think>","\n\n\n","\n\n","Hello","\n"],"seen_logprobs":[{"tokens":[0,1,2,3,4],"logprobs":[-0.000057937392,-11.187558,-11.187558,-12.015683,-12.015683]}]}