{"seen_tokens":["<think>","\n\n\n","\n\n","Hello","\n","</think>"],"seen_logprobs":[{"tokens":[0,1,2,3,4],"logprobs":[-0.000057937392,-11.187558,-11.187558,-12.015683,-12.015683]},{"tokens":[0,1,2,4,5],"logprobs":[-0.00005173817,-11.2813015,-11.4063015,-12.0625515,-12.3594265]}]}