{"seen_tokens":["Hello","It","Hi","Looks","Hey","Could","Seems"," It","hello"," Hello","I","How","It's","Your","I'm","it"," it","Greetings","Is","Hola"],"seen_logprobs":[{"tokens":[0,1,2,3,4,5,6,7,8,9,10,11,12,13,14,15,16,17,18,19],"logprobs":[-0.25202805,-1.502028,-9.252028,-13.127028,-15.627028,-15.752028,-15.752028,-16.252028,-16.377028,-16.752028,-17.002028,-17.377028,-17.377028,-17.502028,-17.752028,-17.877028,-18.002028,-18.002028,-18.502028,-18.752028]}]}