{"seen_tokens":["I","Hello","X","x","You","It","*","<think>","The","Greetings","What","This","|","Thank","Here","Hi","Okay","Sure","Hey","Good","Yes","`"],"seen_logprobs":[{"tokens":[0,1,2,3,4,5,6,7,8,9,10,11,12,13,14,15,16,17,18,19],"logprobs":[-0.099208646,-3.2242086,-4.349209,-5.474209,-5.661709,-5.849209,-5.911709,-6.036709,-6.224209,-6.224209,-6.474209,-6.724209,-6.849209,-7.161709,-7.224209,-7.286709,-7.349209,-7.411709,-7.536709,-7.724209]},{"tokens":[0,1,2,3,7,4,9,6,8,10,5,11,20,18,13,16,17,12,15,21],"logprobs":[-0.044471562,-4.2944717,-5.2944717,-5.6069717,-6.2944717,-6.4819717,-6.5444717,-6.7319717,-6.7944717,-6.7944717,-6.9819717,-7.1069717,-7.8569717,-7.9819717,-8.044472,-8.106972,-8.169472,-8.231972,-8.231972,-8.294472]}]}