{"seen_tokens":["Hello","Hi","How","It","Hey"],"seen_logprobs":[{"tokens":[0,1,2,3,4],"logprobs":[-0.024846628,-4.0248466,-5.5248466,-6.0248466,-8.649847]},{"tokens":[0,1,3,2,4],"logprobs":[-0.051405486,-3.5514054,-4.3014054,-5.0514054,-6.8014054]},{"tokens":[0,1,2,3,4],"logprobs":[-0.024867203,-4.024867,-5.524867,-6.024867,-8.524867]}]}