{"seen_tokens":["Hello","Hi","How","It","Hey"],"seen_logprobs":[{"tokens":[0,1,2,3,4],"logprobs":[-0.024846628,-4.0248466,-5.5248466,-6.0248466,-8.649847]}]}