{"seen_tokens":["<think>","\n\n","\n\n\n","\n","</think>"],"seen_logprobs":[{"tokens":[0,1,2,3,4],"logprobs":[-0.000024557416,-11.9844,-12.2344,-13.39065,-13.6094]}]}