{"seen_tokens":["x","Bru","lol","What","Yo"],"seen_logprobs":[{"tokens":[0,1,2,3,4],"logprobs":[-1.8942199,-2.831719,-2.9723434,-3.1285932,-3.1364055]}]}