{"seen_tokens":["Hello","Hi","I","It"," Hello","你好","您好",">Hello","hello","Hola","X","Hallo","Hey","看起来","Hell","x","You","He","HI","The"],"seen_logprobs":[{"tokens":[0,1,2,3,4,5,6,7,8,9,10,11,12,13,14,15,16,17,18,19],"logprobs":[-0.00020728348,-8.500207,-12.500207,-17.375208,-18.000208,-20.375208,-20.625208,-21.500208,-22.625208,-22.750208,-22.875208,-22.875208,-23.125208,-23.250208,-24.000208,-24.750208,-24.875208,-25.125208,-25.500208,-25.625208]}]}