{"seen_tokens":["It","Hello","Your","Hi","Could","I","You","The","你好","it","If","hello","Is","x"," It","Hmm","Sure","Let","Hey","Looks"],"seen_logprobs":[{"tokens":[0,1,2,3,4,5,6,7,8,9,10,11,12,13,14,15,16,17,18,19],"logprobs":[-0.011402439,-4.6364026,-7.8239026,-7.8864026,-8.073902,-9.073902,-9.136402,-9.323902,-10.136402,-10.198902,-11.323902,-11.511402,-11.636402,-11.761402,-11.886402,-11.948902,-11.948902,-12.011402,-12.011402,-12.136402]},{"tokens":[0,1,3,2,4,5,7,6,8,9,11,10,18,15,16,13,12,14,17,19],"logprobs":[-0.017996829,-4.142997,-7.392997,-7.767997,-8.142997,-8.830497,-9.080497,-9.080497,-10.142997,-10.330497,-11.330497,-11.392997,-11.517997,-11.642997,-11.642997,-11.705497,-11.767997,-11.955497,-11.955497,-12.080497]},{"tokens":[1,0,3,2,4,5,7,6,8,9,11,10,18,15,16,13,12,14,17,19],"logprobs":[-4.142997,-0.017996829,-7.392997,-7.767997,-8.142997,-8.830497,-9.080497,-9.080497,-10.142997,-10.330497,-11.330497,-11.392997,-11.517997,-11.642997,-11.642997,-11.705497,-11.767997,-11.955497,-11.955497,-12.080497]},{"tokens":[0,1,3,2,4,5,7,6,9,8,11,10,13,15,18,16,12,17,14,19],"logprobs":[-0.012604926,-4.5126047,-7.7001047,-8.075105,-8.387605,-8.887605,-9.075105,-9.325105,-10.387605,-10.575105,-11.512605,-11.512605,-11.637605,-11.637605,-11.637605,-11.825105,-11.887605,-12.012605,-12.075105,-12.200105]}]}