{"seen_tokens":["Hello","Hi","It"," Hello","你好","Hey","hello","您好","I","You"," Hi",">Hello","Hallo"," hello","Hmm","_hello","Your","HI","HEL","Hola"],"seen_logprobs":[{"tokens":[0,1,2,3,4,5,6,7,8,9,10,11,12,13,14,15,16,17,18,19],"logprobs":[-0.019487472,-4.0194874,-6.6444874,-10.894487,-11.644487,-12.644487,-13.519487,-13.519487,-14.519487,-14.644487,-14.769487,-15.144487,-15.644487,-16.019487,-16.269487,-16.519487,-16.644487,-16.894487,-17.644487,-18.144487]}]}