{"seen_tokens":["Hello","Hi"," Hello","こんにちは","Welcome","Greeting"," EBS","）」"," TVs"," estudiando"," couplings","Friendly","Hallo"," filings"," knockdown"," hydraul","Hola","hello","見る","안녕하세요","<!","Greetings","👋"," waving"," hello","دة","Olá"," phytoplankton","Health"],"seen_logprobs":[{"tokens":[0,1,2,3,4,5,6,7,8,9,10,11,12,13,14,15,16,17,18,19],"logprobs":[-0.00014115377,-8.871601,-14.084097,-18.403063,-22.092817,-22.216564,-22.58839,-22.650442,-22.650442,-22.743559,-22.790136,-22.883324,-22.898859,-23.06983,-23.443316,-23.482252,-23.49783,-23.49783,-23.521194,-23.560144]},{"tokens":[0,2,1,3,5,12,20,17,10,21,22,4,18,23,24,25,26,27,28,13],"logprobs":[-0.000024080566,-11.325536,-11.325536,-18.245846,-21.113523,-21.908457,-21.954504,-22.154264,-22.185026,-22.246576,-22.570213,-22.910109,-23.018425,-23.09584,-23.111328,-23.18879,-23.204285,-23.312803,-23.421389,-23.62322]}]}