{"seen_tokens":["Hello","Hi"," Hello","こんにちは","Welcome","Greeting"," EBS","）」"," TVs"," estudiando"," couplings","Friendly","Hallo"," filings"," knockdown"," hydraul","Hola","hello","見る","안녕하세요"],"seen_logprobs":[{"tokens":[0,1,2,3,4,5,6,7,8,9,10,11,12,13,14,15,16,17,18,19],"logprobs":[-0.00014115377,-8.871601,-14.084097,-18.403063,-22.092817,-22.216564,-22.58839,-22.650442,-22.650442,-22.743559,-22.790136,-22.883324,-22.898859,-23.06983,-23.443316,-23.482252,-23.49783,-23.49783,-23.521194,-23.560144]}]}