{"seen_tokens":["Hello","Hi"," Hello","こんにちは","Greeting","hello","नमस्ते"," hydraul"," codebase","Merhaba"," EBS","চ্চ"," Channels"," channels","دة"," couplings","<!","Hola","Greetings","）」"],"seen_logprobs":[{"tokens":[0,1,2,3,4,5,6,7,8,9,10,11,12,13,14,15,16,17,18,19],"logprobs":[-0.000043868054,-10.062544,-13.687544,-18.625044,-20.437544,-21.062544,-21.687544,-22.296919,-22.296919,-22.562544,-22.562544,-22.593794,-22.796919,-22.812544,-22.937544,-22.953169,-23.171919,-23.250044,-23.406294,-23.437544]}]}