{"seen_tokens":["Hello","Hi"," Hello","こんにちは","Greeting","hello","नमस्ते"," hydraul"," codebase","Merhaba"," EBS","চ্চ"," Channels"," channels","دة"," couplings","<!","Hola","Greetings","）」","👋","</li>"," ಅವನ"," filings"," coupes"],"seen_logprobs":[{"tokens":[0,1,2,3,4,5,6,7,8,9,10,11,12,13,14,15,16,17,18,19],"logprobs":[-0.000043868054,-10.062544,-13.687544,-18.625044,-20.437544,-21.062544,-21.687544,-22.296919,-22.296919,-22.562544,-22.562544,-22.593794,-22.796919,-22.812544,-22.937544,-22.953169,-23.171919,-23.250044,-23.406294,-23.437544]},{"tokens":[0,1,2,3,4,8,5,10,6,7,17,13,15,9,20,12,21,16,14,22],"logprobs":[-0.00003683499,-10.250037,-13.500037,-19.250036,-21.046911,-21.156286,-21.250036,-21.703161,-22.187536,-22.640661,-22.796911,-22.937536,-22.937536,-23.117224,-23.218786,-23.281286,-23.328161,-23.429724,-23.523474,-23.523474]},{"tokens":[0,1,2,3,4,5,8,6,7,10,13,12,9,11,15,17,14,23,16,24],"logprobs":[-0.00004660974,-10.000047,-13.625047,-18.500046,-20.625046,-20.843796,-21.937546,-21.95317,-22.093796,-22.17192,-22.343796,-22.35942,-22.375046,-22.73442,-22.843796,-22.92192,-23.031296,-23.26567,-23.445358,-23.445358]}]}