{"seen_tokens":["P","X","eno","ir","en","ev","er","T","avier","ia","'",":","ox","W","el","M","H","ee","N","ix","XX","L","man"],"seen_logprobs":[{"tokens":[0,1,2,3,4,5,6,7,8,9,10,11,12,13,14,15,16,17,18,19],"logprobs":[-3.4805684,-1.8555683,-2.2930684,-2.9805684,-3.0430684,-3.1680684,-3.4805684,-3.5430684,-3.5430684,-3.7930684,-3.9805684,-4.3555684,-4.4180684,-4.6055684,-4.6680684,-4.7305684,-4.8555684,-4.8555684,-4.9180684,-4.9805684]},{"tokens":[1,2,5,3,4,7,8,6,9,11,0,10,14,12,20,15,21,13,22,17],"logprobs":[-2.091663,-2.716663,-2.966663,-3.091663,-3.091663,-3.154163,-3.216663,-3.466663,-3.591663,-3.654163,-3.779163,-4.216663,-4.279163,-4.591663,-4.654163,-4.654163,-4.716663,-4.716663,-4.841663,-4.904163]}]}