{"seen_tokens":["P","X","eno","ir","en","ev","er","T","avier","ia","'",":","ox","W","el","M","H","ee","N","ix"],"seen_logprobs":[{"tokens":[0,1,2,3,4,5,6,7,8,9,10,11,12,13,14,15,16,17,18,19],"logprobs":[-3.4805684,-1.8555683,-2.2930684,-2.9805684,-3.0430684,-3.1680684,-3.4805684,-3.5430684,-3.5430684,-3.7930684,-3.9805684,-4.3555684,-4.4180684,-4.6055684,-4.6680684,-4.7305684,-4.8555684,-4.8555684,-4.9180684,-4.9805684]}]}