{"seen_tokens":["\n",""," I"," [","!"," The"," There"," "," <"," How"," It"," \""," and","”"," You"," My"," So"," This"," What"," A"," there"],"seen_logprobs":[{"tokens":[0,1,2,3,4,5,6,7,8,9,10,11,12,13,14,15,16,17,18,19],"logprobs":[-0.22563127,-3.0771937,-3.9053187,-4.2803187,-4.960006,-5.8584437,-5.928756,-5.975631,-5.975631,-6.038131,-6.303756,-6.3896937,-6.4990687,-6.5146937,-6.5459437,-6.5771937,-6.600631,-6.600631,-6.678756,-6.725631]},{"tokens":[4,0,1,2,3,5,6,7,8,9,10,11,12,13,14,15,16,17,18,19],"logprobs":[-4.960006,-0.22563127,-3.0771937,-3.9053187,-4.2803187,-5.8584437,-5.928756,-5.975631,-5.975631,-6.038131,-6.303756,-6.3896937,-6.4990687,-6.5146937,-6.5459437,-6.5771937,-6.600631,-6.600631,-6.678756,-6.725631]},{"tokens":[0,1,2,3,4,5,6,7,8,9,10,11,12,13,14,15,16,17,18,20],"logprobs":[-0.22573304,-3.0772955,-3.9054205,-4.2804203,-4.9522953,-5.8585453,-5.928858,-5.975733,-5.9835453,-6.038233,-6.303858,-6.3897953,-6.4991703,-6.5304203,-6.5460453,-6.5772953,-6.600733,-6.600733,-6.6710453,-6.725733]},{"tokens":[0,1,2,3,4,5,6,8,7,9,10,11,12,13,14,15,17,16,18,20],"logprobs":[-0.2255601,-3.0771227,-3.9052477,-4.2802477,-4.9521227,-5.8583727,-5.928685,-5.97556,-5.9833727,-6.03806,-6.303685,-6.3896227,-6.4989977,-6.5146227,-6.5458727,-6.5771227,-6.60056,-6.6083727,-6.678685,-6.72556]}]}