{"seen_tokens":["Let","The","1","Hmm","收到","Okay","Hi","Checking","Looking","Hello","Alright","Got","\n","I","Seeing","So","Here","User","This","Oh"],"seen_logprobs":[{"tokens":[0,1,2,3,4,5,6,7,8,9,10,11,12,13,14,15,16,17,18,19],"logprobs":[-0.14465678,-2.8634067,-3.5977817,-4.3477817,-5.199344,-5.230594,-5.5821567,-5.6134067,-6.089969,-6.277469,-6.636844,-6.7852817,-6.839969,-7.043094,-7.105594,-7.1134067,-7.3165317,-7.324344,-7.402469,-7.6915317]},{"tokens":[0,1,2,3,5,4,7,6,8,9,10,12,11,14,13,15,17,16,18,19],"logprobs":[-0.16024543,-2.7539954,-3.4727454,-4.3789954,-5.0352454,-5.2227454,-5.418058,-5.496183,-6.0352454,-6.246183,-6.5664954,-6.777433,-6.793058,-6.855558,-6.9571204,-7.0821204,-7.246183,-7.2539954,-7.277433,-7.558683]},{"tokens":[0,1,2,3,5,4,6,7,8,9,10,12,11,14,13,15,17,16,18,19],"logprobs":[-0.14663765,-2.8497627,-3.5841377,-4.3653874,-5.15445,-5.3107,-5.4982,-5.5060124,-6.0685124,-6.27945,-6.6232,-6.8653874,-6.888825,-6.920075,-7.0372624,-7.107575,-7.3497624,-7.3497624,-7.3810124,-7.545075]}]}