{"seen_tokens":["Hello","Hi","Hey","¡","**","H"," Hello","","How","hello","Hay"," Hey","Ol","He","It"," Hi","I","hi","Welcome","Sal","Bon"],"seen_logprobs":[{"tokens":[0,1,2,3,4,5,6,7,8,9,10,11,12,13,14,15,16,17,18,19],"logprobs":[-0.16744383,-2.2924438,-3.1674438,-4.8549438,-7.5424438,-8.167444,-8.167444,-8.292444,-8.979944,-9.042444,-9.354944,-9.604944,-9.604944,-9.792444,-9.792444,-9.854944,-9.979944,-10.229944,-10.229944,-10.354944]},{"tokens":[0,1,2,3,4,6,7,5,8,9,10,11,12,13,14,15,16,17,18,19],"logprobs":[-0.16702358,-2.2920237,-3.1670237,-4.9170237,-7.4795237,-8.167024,-8.229524,-8.229524,-8.917024,-9.104524,-9.354524,-9.542024,-9.604524,-9.729524,-9.792024,-9.854524,-9.979524,-10.167024,-10.229524,-10.354524]},{"tokens":[0,1,2,3,4,6,7,5,8,9,10,11,12,14,13,15,16,17,18,20],"logprobs":[-0.17263177,-2.2976317,-3.0476317,-4.9226317,-7.5476317,-8.110132,-8.235132,-8.235132,-8.922632,-8.985132,-9.360132,-9.547632,-9.610132,-9.735132,-9.797632,-9.797632,-9.922632,-10.172632,-10.235132,-10.360132]}]}