{"seen_tokens":["It","\"","You","If","How","Please","Since","To","Is","In","I","Depending","'","**","The","As","`","X","What","Your"],"seen_logprobs":[{"tokens":[0,1,2,3,4,5,6,7,8,9,10,11,12,13,14,15,16,17,18,19],"logprobs":[-0.000034928933,-11.616036,-11.980979,-12.138702,-12.509754,-13.047045,-13.373396,-13.757809,-13.868353,-14.146073,-14.369627,-14.594381,-14.763721,-15.047405,-15.161378,-15.161378,-15.447529,-15.504966,-15.620043,-16.083004]}]}