{"seen_tokens":["Hello","Hi","你好"," Hello","Hey","您好","嗨","hello","こんにちは"," Hi"," hello",">Hello","_hello","HI","Hola","嘿","Greetings","HEL","_hi"," Hey"," greetings","안"],"seen_logprobs":[{"tokens":[0,1,2,3,4,5,6,7,8,9,10,11,12,13,14,15,16,17,18,19],"logprobs":[-0.0011056508,-6.876106,-10.001105,-11.501105,-11.876105,-12.126105,-13.001105,-13.751105,-14.376105,-14.751105,-15.501105,-15.876105,-15.876105,-16.501106,-16.626106,-17.626106,-18.001106,-18.126106,-18.251106,-18.251106]},{"tokens":[0,1,2,3,5,7,8,9,10,4,12,6,13,20,11,17,18,16,21,19],"logprobs":[-0.0011481605,-7.001148,-9.251148,-9.876148,-10.126148,-10.876148,-11.751148,-12.001148,-12.251148,-12.876148,-13.001148,-13.126148,-13.876148,-14.126148,-14.126148,-14.876148,-15.501148,-15.688648,-15.813648,-15.876148]}]}