{"seen_tokens":["Hello","It","Hi","Looks","Seems","Hey"],"seen_logprobs":[{"tokens":[0,1,2,3,4],"logprobs":[-0.2520161,-1.5020161,-9.377016,-13.377016,-15.752016]},{"tokens":[0,1,2,3,5],"logprobs":[-0.25202778,-1.5020278,-9.2520275,-13.2520275,-15.7520275]}]}