{"seen_tokens":["Hello","It","Hi","Looks","Seems"],"seen_logprobs":[{"tokens":[0,1,2,3,4],"logprobs":[-0.2520161,-1.5020161,-9.377016,-13.377016,-15.752016]}]}