{"seen_tokens":["Hello","Hi","It"," Hello","你好","Could"],"seen_logprobs":[{"tokens":[0,1,2,3,4],"logprobs":[-0.0015040288,-6.501504,-13.501504,-15.126504,-17.876505]},{"tokens":[0,1,2,3,4],"logprobs":[-0.0019313742,-6.251931,-13.001931,-15.126931,-17.001932]},{"tokens":[0,1,2,3,5],"logprobs":[-0.0019313742,-6.251931,-13.001931,-15.126931,-17.001932]}]}