{"seen_tokens":["Hello","Hi","It"," Hello","你好"],"seen_logprobs":[{"tokens":[0,1,2,3,4],"logprobs":[-0.0015040288,-6.501504,-13.501504,-15.126504,-17.876505]}]}