{"seen_tokens":["Hello","Hi","Hey","ĠHello","That","How","Here","It","To","Sure","ĠHi","What","I","Of","hello","ĠHey","Bon","He","x","\"","H"],"seen_logprobs":[{"tokens":[0,1,2,3,4,5,6,7,8,9,10,11,12,13,14,15,16,17,18,19],"logprobs":[-0.01766133,-4.642661,-6.330161,-6.392661,-7.080161,-7.267661,-7.830161,-8.017661,-8.080161,-8.142661,-8.142661,-8.392661,-8.642661,-9.830161,-9.892661,-9.892661,-10.142661,-10.267661,-10.330161,-10.455161]},{"tokens":[0,1,2,4,3,5,6,8,9,7,11,10,12,13,19,17,14,16,18,20],"logprobs":[-0.024274398,-4.2742743,-6.2117743,-6.4617743,-6.6492743,-6.8367743,-7.3992743,-7.5242743,-7.5867743,-7.7117743,-8.024275,-8.149275,-8.274275,-9.461775,-9.461775,-9.836775,-9.836775,-10.024275,-10.086775,-10.149275]},{"tokens":[0,1,3,2,5,4,10,6,9,7,8,11,12,15,16,19,17,14,13,20],"logprobs":[-0.022423645,-4.3974237,-6.0224237,-6.1474237,-6.8349237,-7.1474237,-7.3974237,-7.7099237,-7.8974237,-7.9599237,-8.397424,-8.522424,-8.709924,-9.397424,-9.522424,-9.834924,-9.897424,-9.897424,-10.147424,-10.459924]}]}