{"seen_tokens":["Hello","It","Hi","How","Hey"],"seen_logprobs":[{"tokens":[0,1,2,3,4],"logprobs":[-0.22888456,-1.9788846,-2.9788845,-4.2288847,-7.7288847]}]}