{"seen_tokens":["Hello","It","Hi","Looks","Hey","Could","Seems","hello"," It","I"," Hello","How","Your","I'm","It's","it"," it","Is","Greetings","Can"],"seen_logprobs":[{"tokens":[0,1,2,3,4,5,6,7,8,9,10,11,12,13,14,15,16,17,18,19],"logprobs":[-0.1603084,-1.9103084,-9.410309,-13.410309,-15.785309,-15.910309,-15.910309,-16.285309,-16.535309,-16.910309,-16.910309,-17.285309,-17.660309,-17.660309,-17.660309,-18.035309,-18.160309,-18.160309,-18.160309,-18.660309]}]}