{"seen_tokens":["Hi","Hello","Hey","HI","How","你好","Hallo","Hai","Got","Alright","I","Happy"],"seen_logprobs":[{"tokens":[0,1,2,3,4,5,6,7],"logprobs":[-0.5271354,-0.9021354,-5.5271354,-12.152136,-12.402136,-13.214636,-13.527136,-13.652136]},{"tokens":[1,0,2,8,9,4,10,11],"logprobs":[-0.4796576,-0.9796576,-5.2296576,-10.229657,-10.854657,-10.979657,-11.604657,-11.667157]}]}