{"seen_tokens":["Hi","Hello","Hey","HI","How","你好","Hallo","Hai"],"seen_logprobs":[{"tokens":[0,1,2,3,4,5,6,7],"logprobs":[-0.5271354,-0.9021354,-5.5271354,-12.152136,-12.402136,-13.214636,-13.527136,-13.652136]}]}