{"seen_tokens":["你好","Hello","您好","嗨","看起来","Hi","哈","H","I","Hey","X","#","你","看来","Looks","嘿","欢迎","我","好的","看到"],"seen_logprobs":[{"tokens":[0,1,2,3,4,5,6,7,8,9,10,11,12,13,14,15,16,17,18,19],"logprobs":[-0.5232966,-1.7732966,-2.1482966,-3.7732966,-3.7732966,-3.7732966,-4.2732964,-4.8982964,-5.773297,-6.1482964,-6.2732964,-6.5232964,-6.6482964,-6.6482964,-6.8982964,-6.8982964,-7.023297,-7.148297,-7.148297,-7.148297]}]}