{"seen_tokens":["It","Hello","I","Could","Hi","The","Your","x","What","You","Can","My","Hey","That","X","Bon","Of","This","Is","\""],"seen_logprobs":[{"tokens":[0,1,2,3,4,5,6,7,8,9,10,11,12,13,14,15,16,17,18,19],"logprobs":[-0.8545137,-1.2295136,-2.6045136,-2.7295136,-3.4795136,-3.6670136,-4.1045136,-4.3545136,-4.7295136,-4.9795136,-5.5420136,-5.8545136,-5.9170136,-5.9170136,-6.6045136,-6.6045136,-6.7295136,-6.7920136,-7.0420136,-7.0420136]},{"tokens":[3,0,1,2,4,5,6,7,8,9,10,11,13,12,15,14,16,17,19,18],"logprobs":[-2.6929057,-0.8179056,-1.3179057,-2.5679057,-3.4429057,-3.6304057,-4.0679054,-4.3179054,-4.7554054,-5.0054054,-5.5054054,-5.8179054,-5.9429054,-5.9429054,-6.5054054,-6.5679054,-6.6929054,-6.7554054,-7.0054054,-7.0679054]},{"tokens":[4,0,1,2,3,5,6,7,8,9,10,11,13,12,15,14,16,17,19,18],"logprobs":[-3.4429057,-0.8179056,-1.3179057,-2.5679057,-2.6929057,-3.6304057,-4.0679054,-4.3179054,-4.7554054,-5.0054054,-5.5054054,-5.8179054,-5.9429054,-5.9429054,-6.5054054,-6.5679054,-6.6929054,-6.7554054,-7.0054054,-7.0679054]},{"tokens":[2,0,1,3,4,5,6,7,8,9,10,11,13,12,15,14,16,17,19,18],"logprobs":[-2.5679057,-0.8179056,-1.3179057,-2.6929057,-3.4429057,-3.6304057,-4.0679054,-4.3179054,-4.7554054,-5.0054054,-5.5054054,-5.8179054,-5.9429054,-5.9429054,-6.5054054,-6.5679054,-6.6929054,-6.7554054,-7.0054054,-7.0679054]}]}