{"seen_tokens":["It","Hello","I","Could","Hi","The","Your","x","What","You","Can","My","Hey","That","X","Bon","Of","This","Is","\""],"seen_logprobs":[{"tokens":[0,1,2,3,4,5,6,7,8,9,10,11,12,13,14,15,16,17,18,19],"logprobs":[-0.8545137,-1.2295136,-2.6045136,-2.7295136,-3.4795136,-3.6670136,-4.1045136,-4.3545136,-4.7295136,-4.9795136,-5.5420136,-5.8545136,-5.9170136,-5.9170136,-6.6045136,-6.6045136,-6.7295136,-6.7920136,-7.0420136,-7.0420136]}]}