{"seen_tokens":["You","Hi","Did","%","0",")","*","+","'","(",".","&","$","/",",","-","#","\"","1","!","I","That","\"x","Could","That's"],"seen_logprobs":[{"tokens":[0,1,2,3,4,5,6,7,8,9,10,11,12,13,14,15,16,17,18,19],"logprobs":[-0.14195514,-2.267779,-3.5474498,-9999.0,-9999.0,-9999.0,-9999.0,-9999.0,-9999.0,-9999.0,-9999.0,-9999.0,-9999.0,-9999.0,-9999.0,-9999.0,-9999.0,-9999.0,-9999.0,-9999.0]},{"tokens":[20,2,21,22,23,24,0,17,11,12,8,7,14,5,6,19,9,15,3,16],"logprobs":[-0.37779292,-1.8153368,-3.026051,-3.4787679,-3.6761746,-3.7409062,-3.7533078,-9999.0,-9999.0,-9999.0,-9999.0,-9999.0,-9999.0,-9999.0,-9999.0,-9999.0,-9999.0,-9999.0,-9999.0,-9999.0]}]}