{"seen_tokens":["Hello","Hi","How","hello","Hey"," Hello","I","What","Good","Is","The","Welcome","Nice","It","Well","That","G","\"","Can","A"],"seen_logprobs":[{"tokens":[0,1,2,3,4,5,6,7,8,9,10,11,12,13,14,15,16,17,18,19],"logprobs":[-0.0013175864,-7.2513175,-9.001318,-9.126318,-9.501318,-9.751318,-10.063818,-10.688818,-11.126318,-11.688818,-11.751318,-11.751318,-11.938818,-11.938818,-12.251318,-12.313818,-12.313818,-12.563818,-12.626318,-12.688818]}]}