{"seen_tokens":["Hello","Hi","How","hello","Hey"," Hello","I","What","Good","Is","The","Welcome","Nice","It","Well","That","G","\"","Can","A","H"],"seen_logprobs":[{"tokens":[0,1,2,3,4,5,6,7,8,9,10,11,12,13,14,15,16,17,18,19],"logprobs":[-0.0013175864,-7.2513175,-9.001318,-9.126318,-9.501318,-9.751318,-10.063818,-10.688818,-11.126318,-11.688818,-11.751318,-11.751318,-11.938818,-11.938818,-12.251318,-12.313818,-12.313818,-12.563818,-12.626318,-12.688818]},{"tokens":[0,1,2,3,4,5,6,7,8,11,10,9,13,12,16,14,17,15,19,20],"logprobs":[-0.0013477061,-7.2513475,-8.876348,-9.376348,-9.501348,-9.626348,-9.876348,-10.563848,-10.938848,-11.626348,-11.626348,-11.688848,-11.813848,-11.876348,-11.938848,-12.188848,-12.188848,-12.251348,-12.501348,-12.626348]}]}