{"seen_tokens":["**","x","😂","haha","`","X","*x","***"],"seen_logprobs":[{"tokens":[0,1,2,3,4,5,6,7],"logprobs":[-0.0017966573,-6.3767967,-10.626797,-10.751797,-10.876797,-12.001797,-12.001797,-12.376797]}]}