{"seen_tokens":["**","x","😂","haha","`","X","*x","***","H"],"seen_logprobs":[{"tokens":[0,1,2,3,4,5,6,7],"logprobs":[-0.0017966573,-6.3767967,-10.626797,-10.751797,-10.876797,-12.001797,-12.001797,-12.376797]},{"tokens":[0,1,2,3,5,8,4,6],"logprobs":[-0.0012746669,-6.751275,-10.126275,-10.626275,-11.251275,-11.876275,-11.876275,-12.626275]}]}