{"seen_tokens":["<think>","The",".The","1","</think>"," The","<|tool_call_begin|>","<|im_end|>","\"The","Hi","\n","Hello",".","Hey",">The",".\n","o",",","嗯","a"],"seen_logprobs":[{"tokens":[0,1,2,3,4,5,6,7,8,9,10,11,12,13,14,15,16,17,18,19],"logprobs":[0.0,-20.625,-25.625,-25.6875,-25.75,-25.8125,-25.8125,-26.1875,-27.25,-27.3125,-27.4375,-27.625,-27.84375,-28.15625,-28.15625,-28.21875,-28.25,-28.34375,-28.34375,-28.53125]}]}