{"seen_tokens":["<think>","The",".The","1","</think>"," The","<|tool_call_begin|>","<|im_end|>","\"The","Hi","\n","Hello",".","Hey",">The",".\n","o",",","嗯","a","ng","-The","0","g"],"seen_logprobs":[{"tokens":[0,1,2,3,4,5,6,7,8,9,10,11,12,13,14,15,16,17,18,19],"logprobs":[0.0,-20.625,-25.625,-25.6875,-25.75,-25.8125,-25.8125,-26.1875,-27.25,-27.3125,-27.4375,-27.625,-27.84375,-28.15625,-28.15625,-28.21875,-28.25,-28.34375,-28.34375,-28.53125]},{"tokens":[0,1,2,6,5,3,4,7,8,12,9,15,20,10,14,16,21,11,22,23],"logprobs":[0.0,-20.4375,-25.125,-25.5625,-25.625,-25.6875,-26.0625,-26.375,-26.9375,-27.0625,-27.125,-27.1875,-27.25,-27.3125,-27.75,-27.78125,-27.8125,-27.875,-28.03125,-28.125]}]}