{"seen_tokens":["Hello","You","Just","It"," Hello","That","Did","\"","Greetings","Is","In","Hey","Looks","你好","Hmm","The","X","A",">Hello","..."],"seen_logprobs":[{"tokens":[0,1,2,3,4,5,6,7,8,9,10,11,12,13,14,15,16,17,18,19],"logprobs":[-0.0074932463,-5.632493,-5.757493,-7.632493,-9.632493,-10.132493,-10.632493,-10.757493,-11.007493,-11.194993,-11.444993,-12.319993,-12.382493,-12.382493,-12.882493,-13.069993,-13.069993,-13.069993,-13.132493,-13.382493]}]}