{"seen_tokens":["Hello","You","Just","It"," Hello","That","Did","\"","Greetings","Is","In","Hey","Looks","你好","Hmm","The","X","A",">Hello","...","它"," It",".It","it","\tIt","您","看起来"," it","I","它是","Hi","Was"," Hi","👋","Hola"," Did","\"x","\"It","\"P","x","\"A","\"...","\"'","\"W","\"That"],"seen_logprobs":[{"tokens":[0,1,2,3,4,5,6,7,8,9,10,11,12,13,14,15,16,17,18,19],"logprobs":[-0.0074932463,-5.632493,-5.757493,-7.632493,-9.632493,-10.132493,-10.632493,-10.757493,-11.007493,-11.194993,-11.444993,-12.319993,-12.382493,-12.382493,-12.882493,-13.069993,-13.069993,-13.069993,-13.132493,-13.382493]},{"tokens":[3,1,20,6,21,12,22,9,23,24,25,26,0,27,28,29,10,2,5,13],"logprobs":[-0.000040768748,-10.250041,-13.250041,-13.750041,-14.000041,-14.500041,-15.625041,-15.625041,-15.750041,-15.750041,-16.18754,-16.62504,-16.87504,-17.18754,-17.25004,-17.56254,-17.68754,-18.06254,-18.12504,-18.18754]},{"tokens":[30,0,3,6,31,11,9,32,4,12,8,14,7,5,33,1,34,35,16,28],"logprobs":[-0.5214633,-1.1464633,-3.0214634,-3.2714634,-6.7714634,-8.521463,-8.896463,-9.271463,-9.396463,-10.146463,-10.271463,-10.583963,-11.146463,-11.396463,-11.521463,-11.646463,-11.708963,-11.708963,-11.896463,-11.896463]},{"tokens":[7,3,16,36,6,5,12,37,2,15,1,38,9,39,21,40,41,42,43,44],"logprobs":[-0.23668264,-1.6116827,-4.7366824,-6.3616824,-7.8616824,-9.361683,-9.611683,-9.736683,-11.236683,-11.236683,-11.611683,-12.174183,-12.174183,-12.486683,-12.611683,-12.861683,-13.049183,-13.049183,-13.111683,-13.299183]}]}