{"seen_tokens":["Hello","You","Just","It"," Hello","That","Did","\"","Greetings","Is","In","Hey","Looks","你好","Hmm","The","X","A",">Hello","...","它"," It",".It","it","\tIt","您","看起来"," it","I","它是"],"seen_logprobs":[{"tokens":[0,1,2,3,4,5,6,7,8,9,10,11,12,13,14,15,16,17,18,19],"logprobs":[-0.0074932463,-5.632493,-5.757493,-7.632493,-9.632493,-10.132493,-10.632493,-10.757493,-11.007493,-11.194993,-11.444993,-12.319993,-12.382493,-12.382493,-12.882493,-13.069993,-13.069993,-13.069993,-13.132493,-13.382493]},{"tokens":[3,1,20,6,21,12,22,9,23,24,25,26,0,27,28,29,10,2,5,13],"logprobs":[-0.000040768748,-10.250041,-13.250041,-13.750041,-14.000041,-14.500041,-15.625041,-15.625041,-15.750041,-15.750041,-16.18754,-16.62504,-16.87504,-17.18754,-17.25004,-17.56254,-17.68754,-18.06254,-18.12504,-18.18754]}]}