{"seen_tokens":["你好","Hello","您好","Hi","嗨","哈","","Hey","H","欢迎","嘿","**","很高兴","こ","hello","🌟","#"],"seen_logprobs":[{"tokens":[0,1,2,3,4,5,6,7,8,9,10,11,6,12,13,14,15,16,6,6],"logprobs":[-0.3102685,-1.8102685,-3.0602684,-3.5602684,-3.6852684,-6.8102684,-7.8102684,-8.185268,-8.435268,-8.685268,-9.060268,-9.560268,-9.560268,-10.560268,-10.560268,-10.810268,-11.185268,-11.185268,-11.310268,-11.435268]}]}