{"seen_tokens":["Hello","It","Hi","Looks","Seems","Hey","Could"," It","hello","I"," Hello","How","I'm","Your","It's","it"," it","Greetings","Is","Can","What","Welcome","こんにちは"],"seen_logprobs":[{"tokens":[0,1,2,3,4,5,6,7,8,9,10,11,12,13,14,15,16,17,18,19],"logprobs":[-0.2520161,-1.5020161,-9.377016,-13.377016,-15.752016,-15.877016,-16.002016,-16.252016,-16.502016,-16.877016,-17.002016,-17.377016,-17.502016,-17.627016,-17.627016,-18.002016,-18.127016,-18.127016,-18.252016,-18.627016]},{"tokens":[0,1,2,3,5,6,4,8,7,9,10,11,13,12,14,15,16,18,17,19],"logprobs":[-0.1603084,-1.9103084,-9.410309,-13.410309,-15.785309,-15.910309,-15.910309,-16.285309,-16.535309,-16.910309,-16.910309,-17.285309,-17.660309,-17.660309,-17.660309,-18.035309,-18.160309,-18.160309,-18.160309,-18.660309]},{"tokens":[0,1,2,3,5,11,6,8,4,10,9,17,12,18,14,7,20,13,21,22],"logprobs":[-0.03816141,-3.2881615,-9.038161,-14.663161,-15.913161,-15.913161,-16.163162,-16.413162,-16.788162,-16.788162,-17.038162,-17.288162,-17.413162,-17.663162,-17.913162,-18.038162,-18.163162,-18.163162,-18.538162,-18.663162]}]}