{"seen_tokens":["Hello","It","Hi","Looks","Seems","Hey","Could"," It","hello","I"," Hello","How","I'm","Your","It's","it"," it","Greetings","Is","Can"],"seen_logprobs":[{"tokens":[0,1,2,3,4,5,6,7,8,9,10,11,12,13,14,15,16,17,18,19],"logprobs":[-0.2520161,-1.5020161,-9.377016,-13.377016,-15.752016,-15.877016,-16.002016,-16.252016,-16.502016,-16.877016,-17.002016,-17.377016,-17.502016,-17.627016,-17.627016,-18.002016,-18.127016,-18.127016,-18.252016,-18.627016]}]}