{"seen_tokens":["Looks","看起来","你好","您好","It","Hello","它","您","你","Hi","似乎","You","看来","Hey","您的","你的","抱歉","你在","\"","看上去"],"seen_logprobs":[{"tokens":[0,1,2,3,4,5,6,7,8,9,10,11,12,13,14,15,16,17,18,19],"logprobs":[-7.6036453,-0.47864553,-1.3536456,-2.4786456,-3.9786456,-4.9786453,-5.2286453,-5.4786453,-6.3536453,-7.7286453,-9.478645,-9.603645,-9.978645,-10.228645,-10.478645,-10.728645,-10.978645,-11.353645,-11.478645,-11.728645]}]}