{"seen_tokens":["Hello","你好","Hey","How","Hi","嗨","hello","What","\"","您好","I"," Hello","H","You","嘿","哈"," hello","Here","很高兴"," Hi","during"],"seen_logprobs":[{"tokens":[0,1,2,3,4,5,6,7,8,9,10,11,12,13,14,15,16,17,18,19],"logprobs":[-0.063026115,-4.063026,-4.625526,-5.563026,-5.625526,-5.875526,-5.875526,-6.031776,-7.156776,-7.313026,-7.313026,-7.469276,-7.656776,-7.688026,-7.844276,-8.000526,-8.156776,-8.188026,-8.250526,-8.281776]},{"tokens":[20,0,1,2,3,4,6,5,7,9,8,10,11,12,13,14,15,16,18,17],"logprobs":[-16.80053,-0.06615408,-3.941154,-4.628654,-5.503654,-5.691154,-5.816154,-5.878654,-6.034904,-7.159904,-7.222404,-7.316154,-7.441154,-7.597404,-7.659904,-7.753654,-7.909904,-8.0661545,-8.0974045,-8.1599045]}]}