{"seen_tokens":["Hello","It","Hi","You","Hey","How","您好","你好","hello","I","Hallo","x","Could","The","What","Please"," Hello","Your","Sure","こんにちは"],"seen_logprobs":[{"tokens":[0,1,2,3,4,5,6,7,8,9,10,11,12,13,14,15,16,17,18,19],"logprobs":[-0.05183089,-3.020581,-6.864331,-8.426831,-8.973706,-9.458081,-9.676831,-9.942456,-10.145581,-10.583081,-11.114331,-11.473706,-11.489331,-11.598706,-11.833081,-12.004956,-12.254956,-12.333081,-12.629956,-12.645581]}]}