{"seen_tokens":["看起来","你好","您好","Hello","哈","It","H","嗨","好的","I","您","你","Hi","Looks","看来","我","X","嗯","You","看到","欢迎","你的","This","The"],"seen_logprobs":[{"tokens":[0,1,2,3,4,5,6,7,8,9,10,11,12,13,14,15,16,17,18,19],"logprobs":[-3.3788567,-0.6288567,-1.3788567,-2.6288567,-4.5038567,-4.6288567,-4.7538567,-4.7538567,-4.8788567,-5.2538567,-5.3788567,-5.5038567,-5.6288567,-5.7538567,-6.0038567,-6.1288567,-6.2538567,-6.5038567,-6.7538567,-6.8788567]},{"tokens":[1,2,3,0,7,12,8,6,4,9,10,20,11,15,5,13,21,16,22,23],"logprobs":[-0.69072795,-1.565728,-2.940728,-3.815728,-4.065728,-4.065728,-4.065728,-4.315728,-4.315728,-4.440728,-4.690728,-4.940728,-5.190728,-5.190728,-5.315728,-5.690728,-6.065728,-6.065728,-6.190728,-6.190728]}]}