{"seen_tokens":["Hello","Hi","Hey","\n"," Hello","Good","How","Greetings","hello","Hell","Howdy","**",">Hello","Welcome"," ","\n\n","Hola","Hallo","﻿","​"],"seen_logprobs":[{"tokens":[0,1,2,3,4,5,6,7,8,9,10,11,12,13,14,15,16,17,18,19],"logprobs":[-0.000296732,-8.250297,-10.875297,-11.750297,-12.250297,-13.625297,-14.000297,-14.250297,-15.125297,-16.000298,-16.250298,-16.250298,-16.750298,-17.000298,-17.000298,-17.250298,-17.375298,-17.375298,-17.375298,-17.750298]}]}