{"seen_tokens":["Hello","Hi","Hey","\n"," Hello","Good","How","Greetings","hello","Hell","Howdy","**",">Hello","Welcome"," ","\n\n","Hola","Hallo","﻿","​"],"seen_logprobs":[{"tokens":[0,1,2,3,4,5,6,7,8,9,10,11,12,13,14,15,16,17,18,19],"logprobs":[-0.000296732,-8.250297,-10.875297,-11.750297,-12.250297,-13.625297,-14.000297,-14.250297,-15.125297,-16.000298,-16.250298,-16.250298,-16.750298,-17.000298,-17.000298,-17.250298,-17.375298,-17.375298,-17.375298,-17.750298]},{"tokens":[0,1,2,3,4,5,6,7,8,9,10,11,12,13,14,15,16,17,18,19],"logprobs":[-0.0002944671,-8.250295,-11.000295,-11.750295,-12.250295,-13.625295,-14.000295,-14.250295,-15.125295,-16.000294,-16.250294,-16.250294,-16.750294,-17.000294,-17.000294,-17.250294,-17.375294,-17.375294,-17.375294,-17.750294]}]}