{"seen_tokens":["Hello","It","Hi","Looks","Seems","Hey","Could"," It","hello","I"," Hello","It's","How","Your","I'm","Greetings","it"," it","Is","Hola","Can"],"seen_logprobs":[{"tokens":[0,1,2,3,4,5,6,7,8,9,10,11,12,13,14,15,16,17,18,19],"logprobs":[-0.20151724,-1.7015172,-9.201517,-13.076517,-15.576517,-15.576517,-15.701517,-16.201517,-16.451517,-16.826517,-16.826517,-17.201517,-17.326517,-17.326517,-17.701517,-17.826517,-17.951517,-18.076517,-18.451517,-18.576517]},{"tokens":[0,1,2,3,5,4,6,7,8,9,10,11,12,13,14,15,16,17,18,19],"logprobs":[-0.20151724,-1.7015172,-9.201517,-13.076517,-15.576517,-15.576517,-15.701517,-16.201517,-16.451517,-16.826517,-16.826517,-17.201517,-17.326517,-17.326517,-17.701517,-17.826517,-17.951517,-18.076517,-18.451517,-18.576517]},{"tokens":[0,1,2,3,5,6,4,8,7,9,10,12,13,14,11,16,17,18,15,20],"logprobs":[-0.1603084,-1.9103084,-9.410309,-13.410309,-15.785309,-15.910309,-15.910309,-16.285309,-16.535309,-16.910309,-16.910309,-17.285309,-17.660309,-17.660309,-17.660309,-18.035309,-18.160309,-18.160309,-18.160309,-18.660309]}]}