{"seen_tokens":["Hello","It","Hi","Looks","Seems"],"seen_logprobs":[{"tokens":[0,1,2,3,4],"logprobs":[-0.160347,-1.910347,-9.035347,-12.910347,-15.285347]}]}