{"seen_tokens":["Hello","It","Hi","How","Hey"],"seen_logprobs":[{"tokens":[0,1,2,3,4],"logprobs":[-0.25313815,-2.003138,-2.503138,-5.628138,-6.378138]}]}