{"seen_tokens":["Hello","Hi"," Hello","こんにちは","Greeting","Merhaba","hello","Hallo","Greetings"," codebase"," channels","Welcome","नमस्ते","👋","Hola"," knockdown","안녕하세요"," estudiando"," filings"," waving"],"seen_logprobs":[{"tokens":[0,1,2,3,4,5,6,7,8,9,10,11,12,13,14,15,16,17,18,19],"logprobs":[-0.000019907753,-10.87502,-13.87502,-19.56252,-20.53127,-22.15627,-22.81252,-23.28127,-23.81252,-23.828144,-23.90627,-23.921894,-23.93752,-24.023457,-24.039082,-24.054707,-24.195332,-24.210957,-24.21877,-24.21877]}]}