{"seen_tokens":["<think>","The","1","x"," The","This","We","</think>","_x",".The","o","\n","<|tool_call_begin|>","0","n"," o",".\n","7","Okay","<|im_end|>"],"seen_logprobs":[{"tokens":[0,1,2,3,4,5,6,7,8,9,10,11,12,13,14,15,16,17,18,19],"logprobs":[0.0,-17.0,-21.125,-21.8125,-22.1875,-22.4375,-23.0625,-23.4375,-23.625,-23.84375,-23.875,-24.0,-24.21875,-24.25,-24.28125,-24.3125,-24.4375,-24.46875,-24.53125,-24.59375]}]}