{"seen_tokens":["<think>","The","1","x"," The","This","We","</think>","_x",".The","o","\n","<|tool_call_begin|>","0","n"," o",".\n","7","Okay","<|im_end|>","I"],"seen_logprobs":[{"tokens":[0,1,2,3,4,5,6,7,8,9,10,11,12,13,14,15,16,17,18,19],"logprobs":[0.0,-17.0,-21.125,-21.8125,-22.1875,-22.4375,-23.0625,-23.4375,-23.625,-23.84375,-23.875,-24.0,-24.21875,-24.25,-24.28125,-24.3125,-24.4375,-24.46875,-24.53125,-24.59375]},{"tokens":[0,1,2,6,4,5,3,7,11,9,10,13,18,15,16,20,12,8,17,19],"logprobs":[-1.1920928e-7,-16.0625,-20.8125,-21.625,-21.8125,-21.875,-22.5,-23.0625,-23.125,-23.1875,-23.25,-23.375,-23.40625,-23.5625,-23.5625,-23.65625,-23.90625,-24.15625,-24.3125,-24.375]}]}