{"seen_tokens":["Hello","Hi","Hey"," Hello","Good","\n"],"seen_logprobs":[{"tokens":[0,1,2,3,4],"logprobs":[-0.000010921943,-11.5000105,-15.0000105,-15.2500105,-15.7500105]},{"tokens":[0,1,2,3,5],"logprobs":[-0.000008657073,-11.750009,-14.500009,-15.500009,-17.25001]},{"tokens":[0,1,2,3,5],"logprobs":[-0.000008657073,-11.750009,-14.500009,-15.500009,-17.00001]}]}