{"seen_tokens":["It","\"","You","If","How","Please","Since","Is","To","I","In","Depending","'","The","**","X","As","`","What"," It"],"seen_logprobs":[{"tokens":[0,1,2,3,4,5,6,7,8,9,10,11,12,13,14,15,16,17,18,19],"logprobs":[-0.000036715788,-11.437536,-11.750036,-12.062536,-12.812536,-13.250036,-13.562536,-13.812536,-13.875036,-14.437536,-14.500036,-14.687536,-14.937536,-15.062536,-15.062536,-15.125036,-15.250036,-15.687536,-15.812536,-16.125036]}]}