{"seen_tokens":["Ċ","ĊĊ","</think>","ĠĊ","ĊĊĊ","<|user|>","1",".Ċ","model","Ġmodel","I","?Ċ","Ġ(","æ¨¡åŀĭ","The",",","Ġ","čĊ","Model","We"],"seen_logprobs":[{"tokens":[0,1,2,3,4,5,6,7,8,9,10,11,12,13,14,15,16,17,18,19],"logprobs":[-0.0000112056105,-11.750011,-12.750011,-16.250011,-16.312511,-16.562511,-17.562511,-17.937511,-18.250011,-18.375011,-18.750011,-18.812511,-18.812511,-19.125011,-19.375011,-19.500011,-19.500011,-19.562511,-19.625011,-19.625011]}]}