{"seen_tokens":["Hello","Hi","Hey","Hel","Hell","Hallo","hello","Him","He","H","Hil","Hai"],"seen_logprobs":[{"tokens":[0,1,2,3,4,5,6,7],"logprobs":[-0.0005629266,-7.500563,-12.875563,-14.063063,-14.438063,-14.563063,-14.750563,-15.063063]},{"tokens":[1,0,2,8,9,7,10,11],"logprobs":[-0.006847488,-5.0068474,-9.131847,-13.069347,-13.381847,-13.444347,-13.944347,-14.131847]}]}