{"seen_tokens":["Hello","Hi","Hey","Hel","Hell","Hallo","hello","Him"],"seen_logprobs":[{"tokens":[0,1,2,3,4,5,6,7],"logprobs":[-0.0005629266,-7.500563,-12.875563,-14.063063,-14.438063,-14.563063,-14.750563,-15.063063]}]}