{"seen_tokens":["Okay","You","Please","The","It","Is","That","Alright","\"","I","This","Under","To","OK","Just"," Okay","**","Ah","Of","In"],"seen_logprobs":[{"tokens":[0,1,2,3,4,5,6,7,8,9,10,11,12,13,14,15,16,17,18,19],"logprobs":[-0.0002448259,-8.500245,-10.750245,-11.500245,-11.750245,-13.250245,-16.000244,-16.750244,-17.500244,-18.500244,-19.250244,-19.500244,-20.000244,-20.750244,-21.250244,-21.500244,-21.500244,-21.500244,-22.000244,-22.500244]}]}