{"seen_tokens":["你好","抱歉","好的","您好","Hi","You","I","你","H","对不起","很","It","Hello","The","由于","Sorry","“","嗨","看起来","这句话"],"seen_logprobs":[{"tokens":[0,1,2,3,4,5,6,7,8,9,10,11,12,13,14,15,16,17,18,19],"logprobs":[-0.22021301,-3.095213,-3.720213,-3.720213,-3.845213,-4.595213,-4.595213,-4.595213,-4.720213,-4.845213,-5.095213,-5.220213,-5.720213,-5.845213,-5.970213,-6.345213,-6.845213,-7.095213,-7.220213,-7.345213]}]}