{"seen_tokens":["Hi","Hello","Hey","H","He","¡","Yo"," Hello","hello","Hell","Welcome","Y","Sal","hi","Oh","HI","**","hey"," Hey","","How"],"seen_logprobs":[{"tokens":[0,1,2,3,4,5,6,7,8,9,10,11,12,13,14,15,16,17,18,19],"logprobs":[-2.0028744,-0.2528745,-2.5028744,-5.9403744,-7.5653744,-7.7528744,-7.8778744,-7.8778744,-8.127874,-8.877874,-9.377874,-9.377874,-9.440374,-9.502874,-9.627874,-9.752874,-9.877874,-9.940374,-10.002874,-10.065374]},{"tokens":[2,1,0,3,4,7,6,5,8,9,11,10,13,12,14,15,20,17,18,16],"logprobs":[-2.5200245,-0.27002454,-1.8950245,-6.1450243,-7.5825243,-7.8950243,-7.9575243,-8.020024,-8.082524,-8.895024,-9.457524,-9.457524,-9.520024,-9.707524,-9.770024,-9.895024,-9.957524,-9.957524,-10.020024,-10.020024]}]}