{"seen_tokens":["你好","Hello","您好","嗨","看起来","Hi","哈","H","I","Hey","X","#","你","看来","Looks","嘿","欢迎","我","好的","看到","您","It","Of","你的","嗯","哈哈"],"seen_logprobs":[{"tokens":[0,1,2,3,4,5,6,7,8,9,10,11,12,13,14,15,16,17,18,19],"logprobs":[-0.5232912,-1.7732912,-2.1482913,-3.773291,-3.773291,-3.773291,-4.273291,-4.898291,-5.773291,-6.148291,-6.273291,-6.523291,-6.648291,-6.648291,-6.898291,-6.898291,-7.023291,-7.148291,-7.148291,-7.148291]},{"tokens":[0,2,1,5,4,3,7,6,8,11,16,20,18,10,21,22,12,17,15,9],"logprobs":[-0.41413552,-1.5391355,-2.6641355,-5.0391355,-5.0391355,-5.1641355,-5.1641355,-5.2891355,-5.7891355,-6.1641355,-6.4141355,-6.6641355,-6.7891355,-6.9141355,-7.0391355,-7.0391355,-7.2891355,-7.7891355,-7.7891355,-7.7891355]},{"tokens":[0,2,1,3,6,5,4,7,16,18,8,20,17,12,11,23,24,19,15,25],"logprobs":[-0.4092031,-1.659203,-3.284203,-4.159203,-4.159203,-4.284203,-4.534203,-4.784203,-5.409203,-5.659203,-5.659203,-6.159203,-6.284203,-6.409203,-6.534203,-6.659203,-6.784203,-7.034203,-7.159203,-7.159203]}]}