{"seen_tokens":["你好","Hello","您好","嗨","看起来","Hi","哈","H","I","Hey","X","#","你","看来","Looks","嘿","欢迎","我","好的","看到"],"seen_logprobs":[{"tokens":[0,1,2,3,4,5,6,7,8,9,10,11,12,13,14,15,16,17,18,19],"logprobs":[-0.5232912,-1.7732912,-2.1482913,-3.773291,-3.773291,-3.773291,-4.273291,-4.898291,-5.773291,-6.148291,-6.273291,-6.523291,-6.648291,-6.648291,-6.898291,-6.898291,-7.023291,-7.148291,-7.148291,-7.148291]}]}