{"seen_tokens":["Hello","It","Hi","You","您好","Hey","你好","How","hello","I","x","您","Hallo","The","Could","Sure","What","Your","Hmm","Do","Please"],"seen_logprobs":[{"tokens":[0,1,2,3,4,5,6,7,8,9,10,11,12,13,14,15,16,17,18,19],"logprobs":[-0.20441301,-1.704413,-6.454413,-8.079413,-8.329413,-8.454413,-8.704413,-9.079413,-9.204413,-10.204413,-10.454413,-10.704413,-10.829413,-10.954413,-11.079413,-11.204413,-11.329413,-11.329413,-11.454413,-11.579413]},{"tokens":[0,1,2,3,4,8,6,5,7,9,13,10,14,16,11,12,18,17,15,20],"logprobs":[-0.5782163,-0.8282163,-6.9532166,-7.9532166,-8.578217,-8.953217,-8.953217,-9.203217,-9.578217,-9.953217,-10.203217,-10.328217,-10.578217,-10.828217,-10.828217,-10.953217,-11.078217,-11.203217,-11.328217,-11.453217]}]}