{"seen_tokens":["Hello","It","Hi","You","您好","Hey","你好","How","hello","I","x","您","Hallo","The","Could","Sure","What","Your","Hmm","Do"],"seen_logprobs":[{"tokens":[0,1,2,3,4,5,6,7,8,9,10,11,12,13,14,15,16,17,18,19],"logprobs":[-0.20441301,-1.704413,-6.454413,-8.079413,-8.329413,-8.454413,-8.704413,-9.079413,-9.204413,-10.204413,-10.454413,-10.704413,-10.829413,-10.954413,-11.079413,-11.204413,-11.329413,-11.329413,-11.454413,-11.579413]}]}