{"seen_tokens":["I","Hi","Hello","You","It","Here","What","Hey","Looking","Based","Your","Excellent","Thank","Good","Thinking","Could","We","The","My","As"],"seen_logprobs":[{"tokens":[0,1,2,3,4,5,6,7,8,9,10,11,12,13,14,15,16,17,18,19],"logprobs":[-0.4578972,-1.8328972,-1.9578971,-3.7078972,-3.7078972,-5.082897,-6.082897,-6.082897,-6.582897,-6.957897,-7.082897,-7.582897,-7.832897,-8.082897,-8.207897,-8.582897,-9.082897,-9.082897,-9.082897,-9.207897]}]}