{"seen_tokens":["I","Hi","Hello","You","It","Here","What","Hey","Looking","Based","Your","Excellent","Thank","Good","Thinking","Could","We","The","My","As","Let","Alright","To"],"seen_logprobs":[{"tokens":[0,1,2,3,4,5,6,7,8,9,10,11,12,13,14,15,16,17,18,19],"logprobs":[-0.4578972,-1.8328972,-1.9578971,-3.7078972,-3.7078972,-5.082897,-6.082897,-6.082897,-6.582897,-6.957897,-7.082897,-7.582897,-7.832897,-8.082897,-8.207897,-8.582897,-9.082897,-9.082897,-9.082897,-9.207897]},{"tokens":[0,2,4,1,3,5,6,9,8,10,13,7,11,15,20,16,12,17,21,22],"logprobs":[-0.5109172,-1.2609171,-3.1359172,-3.3859172,-4.385917,-5.260917,-5.260917,-6.010917,-6.135917,-6.135917,-6.260917,-6.635917,-7.385917,-7.635917,-7.635917,-7.760917,-7.760917,-7.760917,-8.135917,-8.135917]}]}