{"seen_tokens":["Hi","Hey","It","Hello","Could","You","Got","I","You've","Looks","I'm","x","Just","**","hi","X","Thanks","你好","\"","","You're"],"seen_logprobs":[{"tokens":[0,1,2,3,4,5,6,7,8,9,10,11,12,13,14,15,16,17,18,19],"logprobs":[-0.024028169,-4.6490283,-4.6490283,-6.2740283,-7.1490283,-8.274028,-8.524028,-8.711528,-8.774028,-8.774028,-9.211528,-9.586528,-9.586528,-9.649028,-9.649028,-9.836528,-9.836528,-9.899028,-10.274028,-10.399028]},{"tokens":[0,2,1,3,4,5,7,9,6,8,10,17,14,12,13,16,11,18,15,20],"logprobs":[-0.021212025,-4.646212,-4.896212,-6.396212,-7.333712,-8.521212,-8.833712,-8.833712,-8.833712,-9.208712,-9.521212,-9.583712,-9.771212,-9.771212,-9.958712,-10.021212,-10.021212,-10.083712,-10.208712,-10.271212]}]}