{"seen_tokens":["Hi","Hey","It","Hello","Could","You","Got","I","You've","Looks","I'm","x","Just","**","hi","X","Thanks","你好","\"","","You're","That's","\"x"],"seen_logprobs":[{"tokens":[0,1,2,3,4,5,6,7,8,9,10,11,12,13,14,15,16,17,18,19],"logprobs":[-0.024028169,-4.6490283,-4.6490283,-6.2740283,-7.1490283,-8.274028,-8.524028,-8.711528,-8.774028,-8.774028,-9.211528,-9.586528,-9.586528,-9.649028,-9.649028,-9.836528,-9.836528,-9.899028,-10.274028,-10.399028]},{"tokens":[0,2,1,3,4,5,7,9,6,8,10,17,14,12,13,16,11,18,15,20],"logprobs":[-0.021212025,-4.646212,-4.896212,-6.396212,-7.333712,-8.521212,-8.833712,-8.833712,-8.833712,-9.208712,-9.521212,-9.583712,-9.771212,-9.771212,-9.958712,-10.021212,-10.021212,-10.083712,-10.208712,-10.271212]},{"tokens":[0,1,2,3,4,5,9,12,7,6,10,8,14,13,16,18,11,15,21,17],"logprobs":[-0.026167022,-4.401167,-4.651167,-6.526167,-7.151167,-8.401167,-8.651167,-8.776167,-8.838667,-8.838667,-9.338667,-9.401167,-9.588667,-9.713667,-10.026167,-10.088667,-10.088667,-10.213667,-10.276167,-10.338667]},{"tokens":[0,1,2,3,4,5,9,12,6,7,8,10,13,14,11,18,22,21,16,15],"logprobs":[-0.024699451,-4.5246997,-4.6496997,-6.5246997,-7.2746997,-8.337199,-8.587199,-8.649699,-8.899699,-8.899699,-9.149699,-9.462199,-9.587199,-9.587199,-9.837199,-10.024699,-10.149699,-10.149699,-10.149699,-10.149699]}]}