{"seen_tokens":["Hi","Hey","It","Hello","Could","You","Got","I","You've","Looks","I'm","x","Just","**","hi","X","Thanks","你好","\"",""],"seen_logprobs":[{"tokens":[0,1,2,3,4,5,6,7,8,9,10,11,12,13,14,15,16,17,18,19],"logprobs":[-0.024028169,-4.6490283,-4.6490283,-6.2740283,-7.1490283,-8.274028,-8.524028,-8.711528,-8.774028,-8.774028,-9.211528,-9.586528,-9.586528,-9.649028,-9.649028,-9.836528,-9.836528,-9.899028,-10.274028,-10.399028]}]}