{"seen_tokens":["Hello","It","Hi","How","Hey","Greetings","\n","Seems","Sure","Looks","Is","Your","Could"," Hello","Howdy","Can","I'm","Olá","Good","Welcome"],"seen_logprobs":[{"tokens":[0,1,2,3,4,5,6,7,8,9,10,11,12,13,14,15,16,17,18,19],"logprobs":[-0.109571785,-2.8595717,-3.1095717,-6.859572,-7.359572,-9.609571,-10.359571,-10.984571,-11.484571,-11.484571,-12.234571,-12.234571,-12.234571,-12.359571,-12.484571,-12.859571,-13.109571,-13.484571,-13.484571,-13.484571]},{"tokens":[0,1,2,3,4,5,6,7,8,9,12,10,11,13,14,15,16,19,17,18],"logprobs":[-0.10958344,-2.8595834,-3.1095834,-6.8595834,-7.3595834,-9.609584,-10.234584,-10.984584,-11.359584,-11.359584,-12.109584,-12.109584,-12.234584,-12.234584,-12.359584,-12.734584,-12.984584,-13.234584,-13.359584,-13.484584]},{"tokens":[0,1,2,3,4,5,6,7,9,8,10,11,12,13,14,15,16,17,18,19],"logprobs":[-0.109573066,-2.8595731,-3.1095731,-6.859573,-7.359573,-9.609573,-10.359573,-10.984573,-11.359573,-11.484573,-12.234573,-12.234573,-12.234573,-12.359573,-12.484573,-12.859573,-13.109573,-13.484573,-13.484573,-13.484573]}]}