{"seen_tokens":["Hello","Hi"," Hello","Hey",">Hello"],"seen_logprobs":[{"tokens":[0,1,2,3,4],"logprobs":[-0.000010206721,-11.5000105,-18.00001,-22.50001,-24.12501]}]}