{"seen_tokens":["Hello","Hi","Hey","ĠHello","How","That","ĠHi","Here","Sure","To","It","What","I","Of","\"","Bon","He","ĠHey","x","H","hello"],"seen_logprobs":[{"tokens":[0,1,2,3,4,5,6,7,8,9,10,11,12,13,14,15,16,17,18,19],"logprobs":[-0.025602585,-4.275603,-6.088103,-6.275603,-6.650603,-6.775603,-7.400603,-7.525603,-7.588103,-7.650603,-7.775603,-7.900603,-8.463102,-9.088102,-9.275602,-9.400602,-9.525602,-9.588102,-9.650602,-9.775602]},{"tokens":[1,0,2,3,4,5,6,7,8,9,10,11,12,13,14,15,16,17,18,19],"logprobs":[-4.275603,-0.025602585,-6.088103,-6.275603,-6.650603,-6.775603,-7.400603,-7.525603,-7.588103,-7.650603,-7.775603,-7.900603,-8.463102,-9.088102,-9.275602,-9.400602,-9.525602,-9.588102,-9.650602,-9.775602]},{"tokens":[13,0,1,2,3,4,5,6,7,8,9,10,11,12,14,15,16,17,18,19],"logprobs":[-9.088102,-0.025602585,-4.275603,-6.088103,-6.275603,-6.650603,-6.775603,-7.400603,-7.525603,-7.588103,-7.650603,-7.775603,-7.900603,-8.463102,-9.275602,-9.400602,-9.525602,-9.588102,-9.650602,-9.775602]},{"tokens":[0,1,2,3,4,5,6,7,8,9,10,11,12,13,14,15,18,16,17,20],"logprobs":[-0.025422117,-4.275422,-6.212922,-6.337922,-6.587922,-6.775422,-7.462922,-7.462922,-7.587922,-7.587922,-7.712922,-7.900422,-8.400422,-9.150422,-9.275422,-9.337922,-9.525422,-9.525422,-9.712922,-9.712922]}]}