{"seen_tokens":["你好","Hello","您好","Hi","嗨","哈","看起来","H","I","欢迎","При","¡","嘿","看来","Hey","X","It","好的","Looks","你"],"seen_logprobs":[{"tokens":[0,1,2,3,4,5,6,7,8,9,10,11,12,13,14,15,16,17,18,19],"logprobs":[-0.26205698,-2.262057,-2.637057,-4.137057,-4.387057,-4.887057,-5.262057,-5.762057,-6.512057,-7.012057,-7.262057,-7.5120573,-7.762057,-8.012057,-8.012057,-8.137057,-8.262057,-8.262057,-8.262057,-8.387057]}]}