{"seen_tokens":["你好","Hello","您好","嗨","看起来","Hi","哈","H","I","Hey","X","#","你","看来","Looks","嘿","欢迎","我","好的","看到","こ","哈哈","При","哦"],"seen_logprobs":[{"tokens":[0,1,2,3,4,5,6,7,8,9,10,11,12,13,14,15,16,17,18,19],"logprobs":[-0.5232966,-1.7732966,-2.1482966,-3.7732966,-3.7732966,-3.7732966,-4.2732964,-4.8982964,-5.773297,-6.1482964,-6.2732964,-6.5232964,-6.6482964,-6.6482964,-6.8982964,-6.8982964,-7.023297,-7.148297,-7.148297,-7.148297]},{"tokens":[0,2,1,6,3,5,7,16,4,15,11,8,20,18,9,21,22,19,17,23],"logprobs":[-0.3529968,-1.6029968,-3.2279968,-3.8529968,-4.352997,-4.852997,-5.977997,-6.102997,-6.477997,-6.727997,-7.602997,-7.727997,-7.977997,-8.102997,-8.102997,-8.352997,-8.602997,-8.602997,-8.602997,-8.727997]},{"tokens":[0,1,2,3,4,5,6,7,8,9,10,11,12,13,14,15,16,17,18,19],"logprobs":[-0.5232912,-1.7732912,-2.1482913,-3.773291,-3.773291,-3.773291,-4.273291,-4.898291,-5.773291,-6.148291,-6.273291,-6.523291,-6.648291,-6.648291,-6.898291,-6.898291,-7.023291,-7.148291,-7.148291,-7.148291]}]}