{"seen_tokens":["It","\"","You","If","How","Please","Since","Is","To","I","In","'","Depending","**","`","The","What","X","As"," It"],"seen_logprobs":[{"tokens":[0,1,2,3,4,5,6,7,8,9,10,11,12,13,14,15,16,17,18,19],"logprobs":[-0.000026702524,-11.812527,-12.312527,-12.375027,-12.812527,-13.375027,-13.812527,-14.062527,-14.062527,-14.250027,-14.875027,-15.000027,-15.000027,-15.312527,-15.375027,-15.500027,-15.687527,-15.750027,-15.875027,-16.156277]}]}