{"seen_tokens":["It","\"","You","If","How","Please","Since","Is","To","I","In","'","Depending","**","`","The","What","X","As"," It","Whether"],"seen_logprobs":[{"tokens":[0,1,2,3,4,5,6,7,8,9,10,11,12,13,14,15,16,17,18,19],"logprobs":[-0.000026702524,-11.812527,-12.312527,-12.375027,-12.812527,-13.375027,-13.812527,-14.062527,-14.062527,-14.250027,-14.875027,-15.000027,-15.000027,-15.312527,-15.375027,-15.500027,-15.687527,-15.750027,-15.875027,-16.156277]},{"tokens":[0,1,3,2,5,4,6,8,7,9,11,12,10,13,15,14,18,17,16,19],"logprobs":[-0.000030159496,-11.7500305,-12.0625305,-12.1250305,-13.0000305,-13.0625305,-13.6250305,-13.7500305,-14.1875305,-14.5625305,-14.8750305,-14.8750305,-14.8750305,-15.0625305,-15.3750305,-15.5625305,-15.6875305,-15.8750305,-16.06253,-16.21878]},{"tokens":[0,1,3,2,4,5,6,8,7,9,10,12,11,13,15,14,18,17,16,20],"logprobs":[-0.00003111314,-11.687531,-12.125031,-12.187531,-12.875031,-13.250031,-13.250031,-13.812531,-14.062531,-14.312531,-14.437531,-14.687531,-14.875031,-15.187531,-15.375031,-15.375031,-15.437531,-15.687531,-15.750031,-16.09378]}]}