{"seen_tokens":["It","Since","Depending","Please","You","I"," It","How"," it","Because","**","Whether","As","Thinking","If","Did","Hello","Assuming","Could","Do"],"seen_logprobs":[{"tokens":[0,1,2,3,4,5,6,7,8,9,10,11,12,13,14,15,16,17,18,19],"logprobs":[-0.00385873,-5.8065434,-8.170698,-8.400953,-8.556446,-9.773611,-10.372473,-10.547176,-12.096255,-12.429259,-12.766987,-12.864342,-13.060196,-13.356812,-13.506386,-13.656799,-14.010998,-14.061965,-14.421271,-14.52474]}]}