{"seen_tokens":["It","Since","Depending","Please","You","I"," It","How"," it","Because","**","Whether","As","Thinking","If","Did","Hello","Assuming","Could","Do","Looking"],"seen_logprobs":[{"tokens":[0,1,2,3,4,5,6,7,8,9,10,11,12,13,14,15,16,17,18,19],"logprobs":[-0.00385873,-5.8065434,-8.170698,-8.400953,-8.556446,-9.773611,-10.372473,-10.547176,-12.096255,-12.429259,-12.766987,-12.864342,-13.060196,-13.356812,-13.506386,-13.656799,-14.010998,-14.061965,-14.421271,-14.52474]},{"tokens":[0,1,2,3,4,5,7,6,10,9,8,11,12,13,14,15,17,16,20,19],"logprobs":[-0.0034524126,-5.9384117,-8.1477375,-8.539461,-8.619003,-9.689495,-10.293961,-10.737697,-12.416798,-12.465238,-12.562401,-13.15336,-13.203218,-13.403584,-13.554831,-13.706907,-14.116455,-14.219746,-14.427398,-14.7415285]},{"tokens":[0,1,2,4,3,5,7,6,8,10,9,11,12,13,14,15,17,16,19,20],"logprobs":[-0.002285826,-6.439254,-8.327508,-8.8011675,-8.881511,-9.706967,-10.134725,-10.484132,-12.134968,-12.374278,-12.664622,-13.255582,-13.505805,-13.606544,-13.758345,-13.9620285,-14.218677,-14.218677,-14.529619,-14.581754]}]}