{"seen_tokens":["Ch","It","**","The","Ah","Il","O","Hello","Oh","**\"","Could","¡","Bien","La","Hey","*","Je","Se","X","El","\""],"seen_logprobs":[{"tokens":[0,1,2,3,4,5,6,7,8,9,10,11,12,13,14,15,16,17,18,19],"logprobs":[-8.256971,-0.8194716,-2.8819716,-3.1319716,-3.1944716,-3.3194716,-3.7569716,-3.9444716,-4.0694714,-4.1944714,-4.2569714,-4.3194714,-4.3819714,-4.4444714,-4.7569714,-4.8194714,-4.8194714,-4.8819714,-5.0069714,-5.0069714]},{"tokens":[1,2,3,4,5,6,7,8,9,10,11,12,13,15,14,16,17,18,19,20],"logprobs":[-0.8186301,-2.8811302,-3.1311302,-3.2561302,-3.2561302,-3.8186302,-4.00613,-4.06863,-4.19363,-4.25613,-4.31863,-4.38113,-4.44363,-4.75613,-4.75613,-4.75613,-4.88113,-5.00613,-5.00613,-5.19363]}]}