{"seen_tokens":["Hello","Hi",">","H","\"","I","You","*","The","-","S","J","A","M","It","He","**","G",">>","My"],"seen_logprobs":[{"tokens":[0,1,2,3,4,5,6,7,8,9,10,11,12,13,14,15,16,17,18,19],"logprobs":[-2.7445254,-1.1195254,-1.5570254,-2.6820254,-3.1195254,-3.1195254,-3.6820254,-3.6820254,-4.6195254,-4.8070254,-4.9945254,-5.0570254,-5.1820254,-5.2445254,-5.4320254,-5.4320254,-5.4320254,-5.6195254,-5.6820254,-5.6820254]}]}