{"seen_tokens":["Hello","Hi",">","H","\"","I","You","*","The","-","S","J","A","M","It","He","**","G",">>","My","Mark","In"],"seen_logprobs":[{"tokens":[0,1,2,3,4,5,6,7,8,9,10,11,12,13,14,15,16,17,18,19],"logprobs":[-2.7445254,-1.1195254,-1.5570254,-2.6820254,-3.1195254,-3.1195254,-3.6820254,-3.6820254,-4.6195254,-4.8070254,-4.9945254,-5.0570254,-5.1820254,-5.2445254,-5.4320254,-5.4320254,-5.4320254,-5.6195254,-5.6820254,-5.6820254]},{"tokens":[8,1,2,0,3,5,4,7,6,9,10,11,12,13,16,14,18,15,19,20],"logprobs":[-4.680492,-1.1179919,-1.5554919,-2.742992,-2.805492,-2.992992,-3.055492,-3.555492,-3.805492,-4.930492,-5.055492,-5.180492,-5.180492,-5.242992,-5.305492,-5.492992,-5.492992,-5.492992,-5.555492,-5.617992]},{"tokens":[7,1,2,4,0,5,3,6,8,9,11,10,12,13,15,20,14,16,17,21],"logprobs":[-3.7061954,-1.2686952,-1.3311952,-2.9561954,-3.0811954,-3.1436954,-3.2061954,-3.8311954,-4.3936954,-4.6436954,-4.7061954,-4.8936954,-4.9561954,-5.0186954,-5.2061954,-5.2686954,-5.3936954,-5.3936954,-5.5186954,-5.5186954]}]}