{"seen_tokens":["Hello","It","Hi","How","What","Welcome","Hey","I","hello","However","You","To","If"," Hello","Please","hi","This","Here","HI","When"],"seen_logprobs":[{"tokens":[0,1,2,3,4,5,6,7,8,9,10,11,12,13,14,15,16,17,18,19],"logprobs":[-1.6419166,-0.76691663,-1.7669166,-1.7669166,-9.141916,-10.516916,-10.641916,-11.016916,-11.391916,-11.954416,-11.954416,-12.079416,-13.141916,-13.329416,-13.329416,-13.766916,-13.891916,-14.204416,-14.204416,-14.391916]}]}