{"seen_tokens":["It","Hello","Hi","您好","You","你好","hello","How","Hey","I","x","Hallo","What","The","Sure","您","Please","Could","Your","Do"],"seen_logprobs":[{"tokens":[0,1,2,3,4,5,6,7,8,9,10,11,12,13,14,15,16,17,18,19],"logprobs":[-2.4656527,-0.09065259,-7.3406525,-8.465652,-8.590652,-8.715652,-9.215652,-9.340652,-9.340652,-10.090652,-10.340652,-10.965652,-11.090652,-11.090652,-11.215652,-11.590652,-11.590652,-11.715652,-11.965652,-12.215652]},{"tokens":[1,0,2,3,4,5,6,7,8,9,10,11,12,13,14,15,16,17,18,19],"logprobs":[-0.09065259,-2.4656527,-7.3406525,-8.465652,-8.590652,-8.715652,-9.215652,-9.340652,-9.340652,-10.090652,-10.340652,-10.965652,-11.090652,-11.090652,-11.215652,-11.590652,-11.590652,-11.715652,-11.965652,-12.215652]}]}