{"seen_tokens":["Hello","Hi","I","It"," Hello","您好","你好",">Hello","X","看起来","hello","Hey","Hallo","Hell","x","You","Hola","_hello","He","The","HI"],"seen_logprobs":[{"tokens":[0,1,2,3,4,5,6,7,8,9,10,11,12,13,14,15,16,17,18,19],"logprobs":[-0.000079754194,-9.50008,-12.25008,-16.75008,-17.25008,-21.25008,-21.25008,-21.87508,-22.87508,-23.00008,-23.25008,-23.50008,-23.62508,-24.75008,-25.00008,-25.62508,-25.75008,-25.87508,-26.00008,-26.37508]},{"tokens":[0,1,2,4,3,5,7,6,10,12,11,8,9,13,16,17,20,18,14,15],"logprobs":[-0.00009978315,-9.2501,-12.5001,-17.7501,-18.0001,-21.6251,-21.8751,-22.0001,-23.0001,-23.5001,-23.7501,-24.3751,-24.5001,-24.7501,-25.5001,-25.7501,-26.2501,-26.2501,-26.2501,-26.3751]}]}