{"seen_tokens":["Hello","Hi","I","It"," Hello","您好","你好",">Hello","X","看起来","hello","Hey","Hallo","Hell","x","You","Hola","_hello","He","The"],"seen_logprobs":[{"tokens":[0,1,2,3,4,5,6,7,8,9,10,11,12,13,14,15,16,17,18,19],"logprobs":[-0.000079754194,-9.50008,-12.25008,-16.75008,-17.25008,-21.25008,-21.25008,-21.87508,-22.87508,-23.00008,-23.25008,-23.50008,-23.62508,-24.75008,-25.00008,-25.62508,-25.75008,-25.87508,-26.00008,-26.37508]}]}