{"seen_tokens":["The","We","User","Hmm","There's","Okay","We've","It","This","We're","I","There","From","Alright","\"","Hello","I'm","Given","First","Ok","At"],"seen_logprobs":[{"tokens":[0,1,2,3,4,5,6,7,8,9,10,11,12,13,14,15,16,17,18,19],"logprobs":[-0.3500068,-1.2250068,-7.7250066,-8.475007,-8.850007,-8.975007,-9.100007,-9.350007,-9.475007,-9.475007,-9.600007,-10.100007,-10.475007,-10.850007,-11.100007,-11.475007,-11.725007,-11.725007,-11.850007,-11.975007]},{"tokens":[0,1,2,3,5,8,10,6,4,7,9,11,13,16,20,14,19,17,18,12],"logprobs":[-0.31481108,-1.3148111,-7.689811,-8.689811,-8.689811,-9.064811,-9.189811,-9.314811,-9.439811,-9.439811,-9.564811,-10.439811,-10.564811,-11.064811,-11.314811,-11.439811,-11.439811,-11.564811,-11.689811,-11.689811]}]}