{"seen_tokens":["The","We","User","Hmm","There's","Okay","We've","It","This","We're","I","There","From","Alright","\"","Hello","I'm","Given","First","Ok","At","So"],"seen_logprobs":[{"tokens":[0,1,2,3,4,5,6,7,8,9,10,11,12,13,14,15,16,17,18,19],"logprobs":[-0.3500068,-1.2250068,-7.7250066,-8.475007,-8.850007,-8.975007,-9.100007,-9.350007,-9.475007,-9.475007,-9.600007,-10.100007,-10.475007,-10.850007,-11.100007,-11.475007,-11.725007,-11.725007,-11.850007,-11.975007]},{"tokens":[0,1,2,3,5,8,10,6,4,7,9,11,13,16,20,14,19,17,18,12],"logprobs":[-0.31481108,-1.3148111,-7.689811,-8.689811,-8.689811,-9.064811,-9.189811,-9.314811,-9.439811,-9.439811,-9.564811,-10.439811,-10.564811,-11.064811,-11.314811,-11.439811,-11.439811,-11.564811,-11.689811,-11.689811]},{"tokens":[1,0,3,2,4,5,10,8,7,6,9,11,13,12,20,16,17,21,19,14],"logprobs":[-1.1388324,-0.38883248,-8.013832,-8.013832,-8.513832,-8.513832,-8.513832,-8.888832,-9.138832,-9.388832,-9.513832,-9.763832,-10.388832,-10.638832,-10.763832,-10.763832,-11.138832,-11.388832,-11.513832,-11.513832]},{"tokens":[0,1,2,5,3,10,4,8,7,6,9,13,11,21,15,19,16,18,12,17],"logprobs":[-0.31509453,-1.3150945,-7.8150945,-8.065095,-8.190095,-9.065095,-9.065095,-9.065095,-9.190095,-9.440095,-9.440095,-10.065095,-10.690095,-10.940095,-11.315095,-11.315095,-11.440095,-11.690095,-11.690095,-11.815095]}]}