{"seen_tokens":["Hey","What's","Got","Just","What","**","x","Hi","X","Hello"],"seen_logprobs":[{"tokens":[0,1,2,3,4,5,6,7],"logprobs":[-0.30272597,-1.552726,-3.052726,-7.052726,-7.177726,-8.177726,-8.677726,-8.927726]},{"tokens":[0,6,1,2,5,8,3,4],"logprobs":[-0.74677527,-0.99677527,-3.2467752,-3.2467752,-3.2467752,-3.4967752,-4.746775,-7.996775]},{"tokens":[0,1,2,6,4,5,7,9],"logprobs":[-0.051140033,-3.30114,-4.5511403,-6.0511403,-10.30114,-10.42614,-10.67614,-12.05114]},{"tokens":[0,2,8,6,1,3,5,4],"logprobs":[-0.28537327,-1.7853732,-3.2853732,-3.7853732,-4.7853737,-5.2853737,-5.2853737,-6.4103737]}]}