{"seen_tokens":["Hey","What's","Got","Just","What","**","x","Hi"],"seen_logprobs":[{"tokens":[0,1,2,3,4,5,6,7],"logprobs":[-0.30272597,-1.552726,-3.052726,-7.052726,-7.177726,-8.177726,-8.677726,-8.927726]}]}