{"seen_tokens":["Hey","What's","Got","Just","What","**","x","Hi","X"],"seen_logprobs":[{"tokens":[0,1,2,3,4,5,6,7],"logprobs":[-0.30272597,-1.552726,-3.052726,-7.052726,-7.177726,-8.177726,-8.677726,-8.927726]},{"tokens":[0,6,1,2,5,8,3,4],"logprobs":[-0.74677527,-0.99677527,-3.2467752,-3.2467752,-3.2467752,-3.4967752,-4.746775,-7.996775]}]}