{"seen_tokens":["import","x","def","#","class","```","#!/","#include","//","from","int","\"\"\"","function","/*","<|im_end|>","void","if","const","None","print"],"seen_logprobs":[{"tokens":[0,1,2,3,4,5,6,7,8,9,10,11,12,13,14,15,16,17,18,19],"logprobs":[-3.144021,-0.26902094,-3.019021,-3.019021,-4.956521,-5.456521,-5.456521,-5.456521,-5.706521,-5.831521,-5.894021,-5.894021,-6.269021,-6.331521,-6.519021,-6.519021,-6.519021,-6.581521,-6.581521,-6.644021]},{"tokens":[1,2,3,0,4,5,6,7,8,9,10,11,12,13,14,15,16,17,18,19],"logprobs":[-0.26902094,-3.019021,-3.019021,-3.144021,-4.956521,-5.456521,-5.456521,-5.456521,-5.706521,-5.831521,-5.894021,-5.894021,-6.269021,-6.331521,-6.519021,-6.519021,-6.519021,-6.581521,-6.581521,-6.644021]}]}