{"seen_tokens":["Hello","It","Hi","Hey","How","Greetings","Looks","Seems","Sure","\n","Howdy","Could","Is","Olá","Welcome","Hallo"," Hello","Of","Certainly","What","こんにちは","I'm","I"],"seen_logprobs":[{"tokens":[0,1,2,3,4,5,6,7,8,9,10,11,12,13,14,15,16,17,18,19],"logprobs":[-0.15573202,-2.655732,-2.655732,-6.155732,-6.655732,-9.655732,-9.780732,-9.905732,-10.405732,-10.405732,-10.780732,-11.905732,-12.155732,-12.530732,-12.530732,-12.655732,-12.905732,-12.905732,-13.030732,-13.155732]},{"tokens":[0,2,1,3,4,5,6,7,8,9,10,11,12,13,14,15,16,17,18,19],"logprobs":[-0.15573202,-2.655732,-2.655732,-6.155732,-6.655732,-9.655732,-9.780732,-9.905732,-10.405732,-10.405732,-10.780732,-11.905732,-12.155732,-12.530732,-12.530732,-12.655732,-12.905732,-12.905732,-13.030732,-13.155732]},{"tokens":[0,2,1,3,4,5,9,7,6,8,10,13,16,11,14,15,20,21,12,22],"logprobs":[-0.10020753,-2.8502076,-3.3502076,-6.3502073,-7.6002073,-9.725207,-10.350207,-10.725207,-10.975207,-11.225207,-11.350207,-12.350207,-12.725207,-12.850207,-12.850207,-12.975207,-13.225207,-13.350207,-13.350207,-13.600207]}]}