{"seen_tokens":["It","I","This","That","Unfortunately","You","There","Could","Is","A","Your","Not","However","To","Nothing","More","Can","Too","Since","The","But"],"seen_logprobs":[{"tokens":[0,1,2,3,4,5,6,7,8,9,10,11,12,13,14,15,16,17,18,19],"logprobs":[-0.034358315,-4.2843585,-5.2999835,-5.6437335,-6.2374835,-6.2687335,-6.5343585,-6.5656085,-7.0343585,-7.1593585,-7.2374835,-7.2687335,-7.6124835,-7.7374835,-9.229671,-9.346858,-9.409358,-9.706233,-9.753108,-9.964046]},{"tokens":[0,1,2,3,5,4,6,7,8,9,11,10,12,13,14,16,15,17,18,20],"logprobs":[-0.028399225,-4.544024,-5.356524,-5.825274,-6.372149,-6.387774,-6.747149,-6.794024,-6.965899,-7.309649,-7.372149,-7.606524,-7.809649,-8.356524,-9.348712,-9.489337,-9.669024,-9.848712,-9.973712,-10.067462]}]}