{"seen_tokens":["It","I","This","That","Unfortunately","You","There","Could","Is","A","Your","Not","However","To","Nothing","More","Can","Too","Since","The"],"seen_logprobs":[{"tokens":[0,1,2,3,4,5,6,7,8,9,10,11,12,13,14,15,16,17,18,19],"logprobs":[-0.034358315,-4.2843585,-5.2999835,-5.6437335,-6.2374835,-6.2687335,-6.5343585,-6.5656085,-7.0343585,-7.1593585,-7.2374835,-7.2687335,-7.6124835,-7.7374835,-9.229671,-9.346858,-9.409358,-9.706233,-9.753108,-9.964046]}]}