{"seen_tokens":["It","Since","You","Depending","I","How","Please"," It"," it","Hello","As","Thinking","Because","If","Your","Whether","Did","**","Assuming","Looking","Could","Is"],"seen_logprobs":[{"tokens":[0,1,2,3,4,5,6,7,8,9,10,11,12,13,14,15,16,17,18,19],"logprobs":[-0.0038334199,-6.1735415,-7.351852,-7.8697314,-8.097607,-8.564089,-8.64323,-10.751923,-12.23195,-12.61754,-12.763717,-13.157693,-13.356939,-13.457123,-13.759892,-13.810677,-14.168715,-14.271825,-14.271825,-14.427162]},{"tokens":[0,1,3,2,6,5,7,4,8,12,11,15,13,16,18,9,10,17,20,19],"logprobs":[-0.0021986677,-6.555923,-8.479987,-8.479987,-8.711437,-9.185096,-9.922599,-10.78011,-11.769436,-13.293131,-13.391624,-13.63951,-13.689369,-13.990473,-14.142274,-14.243933,-14.243933,-14.345958,-14.448346,-14.551095]},{"tokens":[0,1,6,3,2,5,4,7,8,15,10,11,13,16,9,12,21,17,18,20],"logprobs":[-0.0032722787,-6.3728533,-7.351291,-8.02069,-8.328494,-8.563527,-9.20787,-10.573468,-11.571511,-13.206803,-13.256568,-13.256568,-13.356378,-13.356378,-13.406424,-13.759331,-14.014163,-14.065403,-14.065403,-14.116732]}]}