{"seen_tokens":["Hello","Hi","Hey"," Hello","Good","**","\n","hello","Hell","Greetings"," Hi","Well","Howdy","Hola",">Hello","How","-","​","\n\n","﻿"],"seen_logprobs":[{"tokens":[0,1,2,3,4,5,6,7,8,9,10,11,12,13,14,15,16,17,18,19],"logprobs":[-0.004080778,-5.504081,-13.004081,-15.629081,-17.129082,-19.004082,-19.254082,-19.379082,-19.629082,-20.129082,-21.129082,-21.129082,-21.129082,-21.629082,-21.879082,-21.879082,-22.254082,-22.254082,-22.379082,-22.504082]}]}