{"seen_tokens":["Hello","Hi","Hey","휔Hello","횂징","Bonjour","Hola","Hallo","Welcome","Greetings","hello","찾친캔찾칟캔찾친짬찾친징찾친짱","How","휔Hi","It","훹","I","횖흟횗칙","**","Of"],"seen_logprobs":[{"tokens":[0,1,2,3,4,5,6,7,8,9,10,11,12,13,14,15,16,17,18,19],"logprobs":[-0.0070588016,-4.9601836,-12.038309,-12.085184,-12.475809,-12.960184,-13.366434,-13.663309,-14.444559,-14.991434,-15.163309,-15.335184,-15.991434,-16.06956,-16.397684,-16.56956,-16.866434,-17.710184,-17.97581,-17.991434]},{"tokens":[0,1,2,3,4,5,6,7,8,9,10,11,12,13,14,15,16,17,18,19],"logprobs":[-0.0070588016,-4.9601836,-12.038309,-12.085184,-12.475809,-12.960184,-13.366434,-13.663309,-14.444559,-15.007059,-15.163309,-15.335184,-16.00706,-16.06956,-16.38206,-16.56956,-16.866434,-17.710184,-17.97581,-17.991434]}]}