{"seen_tokens":["The","Hmm","1","Okay","\n","Let","I","This","Here","嗯","User","Got","收到","Alright","It","Hello","Analy","Sorry","You","To"],"seen_logprobs":[{"tokens":[0,1,2,3,4,5,6,7,8,9,10,11,12,13,14,15,16,17,18,19],"logprobs":[-0.61383325,-1.5825832,-2.2857082,-2.9185207,-3.6060207,-3.7153957,-5.418521,-5.512271,-5.684146,-5.8794584,-5.9107084,-6.106021,-6.2857084,-6.4263334,-6.6294584,-6.668521,-6.731021,-6.777896,-6.856021,-6.8794584]}]}