{"seen_tokens":["Hello","Hi","It","How","Hey","Could","Greetings","What","Looks","\"","Sure","\n"," Hello","Welcome","Yes","Good","Seems","Would","Can","Is"],"seen_logprobs":[{"tokens":[0,1,2,3,4,5,6,7,8,9,10,11,12,13,14,15,16,17,18,19],"logprobs":[-0.029979695,-3.5299797,-9.27998,-9.52998,-10.40498,-10.77998,-12.90498,-13.40498,-13.40498,-13.77998,-13.90498,-14.15498,-14.27998,-14.40498,-14.40498,-14.65498,-15.40498,-15.52998,-15.77998,-15.90498]}]}