{"seen_tokens":["Hello","Hi","It","How","Hey","Could","Greetings","What","Looks","\"","Sure","\n"," Hello","Welcome","Yes","Good","Seems","Would","Can","Is","Certainly"],"seen_logprobs":[{"tokens":[0,1,2,3,4,5,6,7,8,9,10,11,12,13,14,15,16,17,18,19],"logprobs":[-0.029979695,-3.5299797,-9.27998,-9.52998,-10.40498,-10.77998,-12.90498,-13.40498,-13.40498,-13.77998,-13.90498,-14.15498,-14.27998,-14.40498,-14.40498,-14.65498,-15.40498,-15.52998,-15.77998,-15.90498]},{"tokens":[0,1,2,3,4,5,7,6,8,10,9,12,14,13,15,11,19,16,20,18],"logprobs":[-0.030042512,-3.5300424,-8.905043,-9.405043,-10.030043,-11.030043,-12.905043,-12.905043,-13.280043,-13.530043,-13.905043,-14.030043,-14.155043,-14.280043,-14.530043,-14.780043,-15.530043,-15.530043,-15.780043,-15.780043]}]}