{"seen_tokens":["Hello","Hi","It","How","Hey","Could","Greetings","What","Looks","\"","Sure","\n"," Hello","Welcome","Yes","Good","Seems","Would","Can","Is","Certainly","Got"],"seen_logprobs":[{"tokens":[0,1,2,3,4,5,6,7,8,9,10,11,12,13,14,15,16,17,18,19],"logprobs":[-0.029979695,-3.5299797,-9.27998,-9.52998,-10.40498,-10.77998,-12.90498,-13.40498,-13.40498,-13.77998,-13.90498,-14.15498,-14.27998,-14.40498,-14.40498,-14.65498,-15.40498,-15.52998,-15.77998,-15.90498]},{"tokens":[0,1,2,3,4,5,7,6,8,10,9,12,14,13,15,11,19,16,20,18],"logprobs":[-0.030042512,-3.5300424,-8.905043,-9.405043,-10.030043,-11.030043,-12.905043,-12.905043,-13.280043,-13.530043,-13.905043,-14.030043,-14.155043,-14.280043,-14.530043,-14.780043,-15.530043,-15.530043,-15.780043,-15.780043]},{"tokens":[0,1,2,3,4,5,8,6,7,12,9,10,13,14,11,15,16,19,17,21],"logprobs":[-0.030016936,-3.530017,-8.655017,-10.155017,-10.280017,-11.530017,-13.030017,-13.405017,-13.530017,-14.405017,-14.530017,-14.530017,-14.780017,-15.030017,-15.155017,-15.155017,-15.155017,-15.905017,-16.405018,-16.405018]},{"tokens":[0,1,2,3,4,5,6,7,8,9,10,14,12,11,13,15,16,19,18,17],"logprobs":[-0.023470711,-3.7734706,-9.148471,-9.648471,-10.398471,-11.398471,-12.773471,-13.273471,-13.273471,-13.898471,-14.023471,-14.148471,-14.273471,-14.398471,-14.398471,-14.648471,-15.398471,-15.898471,-16.02347,-16.14847]}]}