{"seen_tokens":["It","Hello","Hi","How","Welcome","I","What","hello","Hey","However","You","To"," Hello","Please","When","HI","hi","If",">Hello","This"],"seen_logprobs":[{"tokens":[0,1,2,3,4,5,6,7,8,9,10,11,12,13,14,15,16,17,18,19],"logprobs":[-1.0754032,-0.8254033,-1.8254032,-2.8254032,-8.950403,-9.450403,-9.825403,-10.575403,-10.950403,-12.200403,-12.450403,-12.575403,-13.200403,-13.262903,-13.450403,-13.637903,-13.825403,-13.887903,-14.137903,-14.450403]}]}