{"seen_tokens":["Hello","Hi","{","👋","Healthy","`","$\\","True","_","Template","Type","Step","("," sense","Halo"," Hello","Ass","Phase","Here","How"],"seen_logprobs":[{"tokens":[0,1,2,3,4,5,6,7,8,9,10,11,12,13,14,15,16,17,18,19],"logprobs":[-8.344647e-7,-14.523438,-15.613282,-17.4375,-17.570312,-17.875,-18.0,-18.421875,-18.640625,-18.6875,-19.125,-19.21875,-19.28125,-19.28125,-19.3125,-19.34375,-19.4375,-19.453125,-19.5,-19.515625]}]}