{"seen_tokens":["你好","您好","Hello","Hi","嗨","哈","看起来","H","欢迎","I","При","好的","你","X","嘿","看来","Hey","Of","哦","¡","您","我","Looks","**","It","看到","“"],"seen_logprobs":[{"tokens":[0,1,2,3,4,5,6,7,8,9,10,11,12,13,14,15,16,17,18,19],"logprobs":[-0.22541796,-2.1004179,-3.4754179,-4.225418,-4.350418,-4.725418,-6.225418,-6.475418,-6.600418,-7.475418,-7.600418,-7.975418,-8.100418,-8.225418,-8.225418,-8.350418,-8.350418,-8.600418,-8.600418,-8.600418]},{"tokens":[0,1,2,6,3,4,9,5,7,8,13,12,20,11,17,21,22,15,23,24],"logprobs":[-0.6622604,-1.2872604,-2.4122605,-3.5372605,-4.0372605,-4.4122605,-4.6622605,-5.4122605,-5.7872605,-5.7872605,-6.2872605,-6.2872605,-6.2872605,-6.4122605,-6.4122605,-6.5372605,-6.5372605,-6.7872605,-6.9122605,-6.9122605]},{"tokens":[0,2,1,3,4,5,6,9,8,7,12,24,17,18,21,25,10,13,26,11],"logprobs":[-0.25945377,-2.5094538,-2.6344538,-3.8844538,-3.8844538,-4.509454,-5.384454,-5.759454,-6.259454,-6.509454,-7.384454,-7.509454,-7.509454,-7.634454,-7.759454,-7.759454,-7.759454,-7.884454,-7.884454,-7.884454]}]}