{"seen_tokens":["It","Hello","Hi","Your","Could","I","The","You","你好","it","hello","If","Hey","Hmm","Sure","x","Is"," It","Let","Looks","“"],"seen_logprobs":[{"tokens":[0,1,2,3,4,5,6,7,8,9,10,11,12,13,14,15,16,17,18,19],"logprobs":[-0.017996829,-4.142997,-7.392997,-7.767997,-8.142997,-8.830497,-9.080497,-9.080497,-10.142997,-10.330497,-11.330497,-11.392997,-11.517997,-11.642997,-11.642997,-11.705497,-11.767997,-11.955497,-11.955497,-12.080497]},{"tokens":[0,1,2,3,4,5,6,7,9,8,10,11,15,13,12,14,16,18,17,19],"logprobs":[-0.012604926,-4.5126047,-7.7001047,-8.075105,-8.387605,-8.887605,-9.075105,-9.325105,-10.387605,-10.575105,-11.512605,-11.512605,-11.637605,-11.637605,-11.637605,-11.825105,-11.887605,-12.012605,-12.075105,-12.200105]},{"tokens":[1,0,2,3,4,5,6,7,8,9,10,11,12,13,14,15,16,17,18,19],"logprobs":[-4.142997,-0.017996829,-7.392997,-7.767997,-8.142997,-8.830497,-9.080497,-9.080497,-10.142997,-10.330497,-11.330497,-11.392997,-11.517997,-11.642997,-11.642997,-11.705497,-11.767997,-11.955497,-11.955497,-12.080497]},{"tokens":[20,0,1,2,3,4,5,6,7,8,9,10,11,12,13,14,15,16,17,18],"logprobs":[-12.892997,-0.017996829,-4.142997,-7.392997,-7.767997,-8.142997,-8.830497,-9.080497,-9.080497,-10.142997,-10.330497,-11.330497,-11.392997,-11.517997,-11.642997,-11.642997,-11.705497,-11.767997,-11.955497,-11.955497]}]}