{"seen_tokens":["It","Hello","Hi","Your","Could","I","The","You","你好","it","hello","If","Hey","Hmm","Sure","x","Is"," It","Let","Looks"],"seen_logprobs":[{"tokens":[0,1,2,3,4,5,6,7,8,9,10,11,12,13,14,15,16,17,18,19],"logprobs":[-0.017996829,-4.142997,-7.392997,-7.767997,-8.142997,-8.830497,-9.080497,-9.080497,-10.142997,-10.330497,-11.330497,-11.392997,-11.517997,-11.642997,-11.642997,-11.705497,-11.767997,-11.955497,-11.955497,-12.080497]}]}