{"seen_tokens":["Ċ","</think>","ĊĊ","1","**Ċ","čĊ",".Ċ","Ġ","I","Plan","!Ċ","ĠPlan","ĊĊĊ","um",":Ċ","()Ċ","The","Ex","ĠĊ","$Ċ"],"seen_logprobs":[{"tokens":[0,1,2,3,4,5,6,7,8,9,10,11,12,13,14,15,16,17,18,19],"logprobs":[-3.576278e-7,-15.0703125,-16.78125,-18.578125,-20.375,-20.703125,-20.867188,-20.929688,-21.046875,-21.046875,-21.1875,-21.351562,-21.5625,-21.632812,-21.703125,-21.710938,-21.757812,-21.796875,-22.0,-22.039062]}]}