{"seen_tokens":["你好","Hello","您好","Hi","看起来","嗨","H","I","哈","It","X","Looks","欢迎","你","看到","При","Hey","You","好的","您","嘿","¡","看来"],"seen_logprobs":[{"tokens":[0,1,2,3,4,5,6,7,8,9,10,11,12,13,14,15,16,17,18,19],"logprobs":[-0.51172024,-1.6367203,-2.3867202,-3.6367202,-4.01172,-4.38672,-4.76172,-4.88672,-5.01172,-5.63672,-5.88672,-6.38672,-6.38672,-6.51172,-6.63672,-6.63672,-6.88672,-7.01172,-7.26172,-7.38672]},{"tokens":[0,2,1,3,5,4,8,6,7,15,12,10,20,18,21,16,13,22,14,9],"logprobs":[-0.29570308,-2.2957032,-2.4207032,-4.045703,-4.295703,-4.795703,-4.920703,-5.545703,-6.420703,-6.670703,-6.920703,-7.045703,-7.170703,-7.545703,-7.545703,-7.670703,-7.795703,-7.920703,-7.920703,-8.045703]}]}