{"seen_tokens":["你好","Hello","您好","Hi","看起来","嗨","H","I","哈","It","X","Looks","欢迎","你","看到","При","Hey","You","好的","您"],"seen_logprobs":[{"tokens":[0,1,2,3,4,5,6,7,8,9,10,11,12,13,14,15,16,17,18,19],"logprobs":[-0.51172024,-1.6367203,-2.3867202,-3.6367202,-4.01172,-4.38672,-4.76172,-4.88672,-5.01172,-5.63672,-5.88672,-6.38672,-6.38672,-6.51172,-6.63672,-6.63672,-6.88672,-7.01172,-7.26172,-7.38672]}]}