{"seen_tokens":["It","Hello","Hi","Hey","Thanks","你好","The","您好","You","Thank","看起来","I","Your","Hmm","Looks","There","Looking","HI","Could","What"],"seen_logprobs":[{"tokens":[0,1,2,3,4,5,6,7,8,9,10,11,12,13,14,15,16,17,18,19],"logprobs":[-0.10450618,-2.3545063,-5.604506,-8.4795065,-8.9795065,-9.1045065,-9.2295065,-9.9795065,-11.6045065,-12.2295065,-13.7295065,-13.7295065,-13.8545065,-14.3545065,-14.4795065,-14.6045065,-14.6045065,-15.2295065,-16.604506,-16.729506]},{"tokens":[0,1,2,3,4,5,6,7,8,9,11,12,10,14,13,15,16,17,18,19],"logprobs":[-0.10367751,-2.3536775,-5.8536777,-8.478678,-8.978678,-9.228678,-9.228678,-9.978678,-11.603678,-12.353678,-13.728678,-13.853678,-13.853678,-14.478678,-14.478678,-14.728678,-14.728678,-15.228678,-16.728678,-16.728678]}]}