{"seen_tokens":["Hey","Hi","Hello","H","**","Yo"," Hey","Hola"],"seen_logprobs":[{"tokens":[0,1,2,3,4,5,6,7],"logprobs":[-0.079078555,-2.5790787,-9.704079,-9.704079,-10.204079,-10.454079,-14.579079,-15.204079]},{"tokens":[0,1,2,3,4,5,6,7],"logprobs":[-0.079179056,-2.579179,-9.079179,-9.454179,-9.829179,-10.079179,-14.204179,-15.079179]}]}