{"seen_tokens":["Hey","Hi","Hello","H","**","Yo"," Hey","Hola"],"seen_logprobs":[{"tokens":[0,1,2,3,4,5,6,7],"logprobs":[-0.079078555,-2.5790787,-9.704079,-9.704079,-10.204079,-10.454079,-14.579079,-15.204079]},{"tokens":[0,1,2,3,4,5,6,7],"logprobs":[-0.079179056,-2.579179,-9.079179,-9.454179,-9.829179,-10.079179,-14.204179,-15.079179]},{"tokens":[0,1,4,3,2,5,6,7],"logprobs":[-0.079319194,-2.5793192,-8.829319,-9.079319,-9.079319,-9.829319,-14.329319,-14.829319]},{"tokens":[0,1,2,4,3,5,6,7],"logprobs":[-0.25210896,-1.5021089,-9.502109,-9.877109,-10.002109,-11.752109,-14.752109,-15.877109]}]}