{"seen_tokens":["你好","您好","好的","I","你","Hi","You","Hello","抱歉","我","H","由于","The","嗨","Of","“","嗯","你怎么","It","很"],"seen_logprobs":[{"tokens":[0,1,2,3,4,5,6,7,8,9,10,11,12,13,14,15,16,17,18,19],"logprobs":[-0.018103369,-5.6431036,-5.8931036,-5.8931036,-6.0181036,-6.3931036,-7.0181036,-7.2681036,-8.018104,-8.143104,-8.518104,-8.518104,-8.643104,-8.768104,-8.893104,-9.143104,-9.268104,-9.268104,-9.393104,-9.518104]}]}