{"seen_tokens":["你好","您好","好的","I","你","Hi","You","Hello","抱歉","我","H","由于","The","嗨","Of","“","嗯","你怎么","It","很","Sorry","对不起","What","Hey","Deep","This","这句话","看起来","（"],"seen_logprobs":[{"tokens":[0,1,2,3,4,5,6,7,8,9,10,11,12,13,14,15,16,17,18,19],"logprobs":[-0.018103369,-5.6431036,-5.8931036,-5.8931036,-6.0181036,-6.3931036,-7.0181036,-7.2681036,-8.018104,-8.143104,-8.518104,-8.518104,-8.643104,-8.768104,-8.893104,-9.143104,-9.268104,-9.268104,-9.393104,-9.518104]},{"tokens":[0,5,7,6,8,20,3,1,10,13,4,14,2,12,21,22,18,19,23,15],"logprobs":[-0.30851552,-2.5585155,-2.5585155,-3.8085155,-4.1835155,-4.3085155,-4.4335155,-4.6835155,-5.0585155,-5.4335155,-5.6835155,-5.8085155,-5.8085155,-6.1835155,-6.4335155,-7.0585155,-7.0585155,-7.1835155,-7.1835155,-7.3085155]},{"tokens":[7,0,6,5,3,20,8,18,2,10,12,1,4,24,23,14,25,21,26,15],"logprobs":[-1.9061241,-0.40612406,-3.031124,-3.031124,-3.531124,-4.656124,-4.781124,-4.781124,-5.156124,-5.406124,-5.656124,-5.906124,-6.406124,-6.531124,-6.656124,-6.656124,-6.781124,-6.781124,-7.156124,-7.281124]},{"tokens":[0,5,7,1,4,6,3,18,2,10,12,14,19,8,15,13,11,27,20,28],"logprobs":[-0.08387083,-3.833871,-4.083871,-4.708871,-4.958871,-5.208871,-5.833871,-6.083871,-6.083871,-6.083871,-6.458871,-7.208871,-7.333871,-7.583871,-7.708871,-7.833871,-7.958871,-7.958871,-8.083871,-8.083871]}]}