{"seen_tokens":["Hello","Hey","Hi","How","Yo","Here","你好","Welcome","","您好","¡","H","I","Hell","You","Gre","**","Ol","✨","*","What","\"","嗨","He"],"seen_logprobs":[{"tokens":[0,1,2,3,4,5,6,7,8,9,10,11,12,13,14,15,16,17,18,19],"logprobs":[-0.2698601,-2.01986,-2.26986,-9.39486,-9.64486,-9.76986,-9.76986,-10.01986,-10.39486,-10.51986,-10.76986,-10.76986,-10.76986,-11.14486,-11.76986,-11.76986,-12.01986,-12.14486,-12.51986,-12.64486]},{"tokens":[1,0,2,4,8,3,10,7,11,5,20,13,12,14,21,6,9,18,22,23],"logprobs":[-0.13663511,-2.636635,-2.886635,-9.386635,-9.636635,-10.136635,-10.261635,-10.761635,-11.011635,-11.636635,-11.761635,-11.761635,-11.761635,-12.136635,-12.261635,-12.511635,-12.511635,-12.511635,-13.011635,-13.261635]}]}