{"seen_tokens":["Hello","Hi","Hey"," Hello",">Hello","How","hello","你好","H","Hola","Bonjour","I","Good","_hello","Hallo","Здравствуйте","您好","Hell","¡","Greetings"],"seen_logprobs":[{"tokens":[0,1,2,3,4,5,6,7,8,9,10,11,12,13,14,15,16,17,18,19],"logprobs":[-0.0021873615,-6.1271873,-14.127188,-14.502188,-15.127188,-15.127188,-15.627188,-16.002188,-16.627188,-17.377188,-17.377188,-17.627188,-18.127188,-18.127188,-18.377188,-18.502188,-18.627188,-18.627188,-18.877188,-19.002188]}]}