{"seen_tokens":["It","I","Unfortunately","That","This","You","Not","There","A","Could","Nothing","Too","However","Your","Is","ĠIt","Only","To","Since","X","The"],"seen_logprobs":[{"tokens":[0,1,2,3,4,5,6,7,8,9,10,11,12,13,14,15,16,17,18,19],"logprobs":[-0.014808614,-5.6398087,-5.8898087,-6.0148087,-6.2648087,-6.7648087,-7.1398087,-7.8273087,-8.202309,-8.264809,-8.889809,-9.077309,-9.139809,-9.202309,-9.452309,-9.827309,-9.952309,-9.952309,-10.264809,-10.264809]},{"tokens":[0,1,3,4,5,2,8,6,7,9,14,13,10,17,11,12,19,18,16,20],"logprobs":[-0.01796463,-5.267965,-5.642965,-6.017965,-6.267965,-6.767965,-7.142965,-7.392965,-7.642965,-7.955465,-8.455464,-8.517964,-9.080464,-9.267964,-9.267964,-9.392964,-9.955464,-9.955464,-10.017964,-10.205464]}]}