{"seen_tokens":["Hi","Hello","D","H","I","A","How","Wel","G","▁Hello","S","hello","It","N","▁Hi","Thank","##","W","Good","There"],"seen_logprobs":[{"tokens":[0,1,2,3,4,5,6,7,8,9,10,11,12,13,14,15,16,17,18,19],"logprobs":[-0.8036921,-0.6630671,-4.5458794,-5.0146294,-5.350567,-5.8115044,-6.7177544,-7.069317,-7.1552544,-7.178692,-7.2021294,-7.3583794,-7.881817,-7.881817,-7.8896294,-7.975567,-8.116192,-8.311504,-8.397442,-8.397442]},{"tokens":[0,1,2,3,4,5,6,7,8,9,10,11,12,13,14,15,16,17,19,18],"logprobs":[-0.79517776,-0.67017776,-4.5529904,-5.0217404,-5.3498654,-5.8186154,-6.717053,-7.0686154,-7.1467404,-7.1936154,-7.217053,-7.357678,-7.8811154,-7.8811154,-7.888928,-7.9904904,-8.11549,-8.310802,-8.39674,-8.412365]},{"tokens":[1,0,2,3,4,5,6,7,8,9,10,11,12,13,14,15,16,17,19,18],"logprobs":[-0.67087555,-0.79587555,-4.522438,-5.006813,-5.3427505,-5.7958755,-6.709938,-7.0615005,-7.1396255,-7.1865005,-7.194313,-7.366188,-7.8583755,-7.866188,-7.881813,-7.9677505,-8.108376,-8.295876,-8.381813,-8.397438]}]}