{"seen_tokens":["Hi","Hello","D","H","I","A","How","Wel","G","▁Hello","S","hello","It","N","▁Hi","Thank","##","W","Good","There"],"seen_logprobs":[{"tokens":[0,1,2,3,4,5,6,7,8,9,10,11,12,13,14,15,16,17,18,19],"logprobs":[-0.8036921,-0.6630671,-4.5458794,-5.0146294,-5.350567,-5.8115044,-6.7177544,-7.069317,-7.1552544,-7.178692,-7.2021294,-7.3583794,-7.881817,-7.881817,-7.8896294,-7.975567,-8.116192,-8.311504,-8.397442,-8.397442]}]}