{"seen_tokens":["你好","I","You","Hello","好的","H","抱歉","您好","Hi","对不起","Sorry","It","你","The","Of","Deep","这句话","“","This","Hey","嗯","看起来","很","我","由于","嗨","您"],"seen_logprobs":[{"tokens":[0,1,2,3,4,5,6,7,8,9,10,11,12,13,14,15,16,17,18,19],"logprobs":[-0.5057553,-2.3807554,-3.0057554,-3.1307554,-3.3807554,-3.5057554,-3.7557554,-3.8807554,-3.8807554,-4.3807554,-4.5057554,-4.6307554,-4.7557554,-5.3807554,-5.8807554,-6.0057554,-6.1307554,-6.2557554,-6.3807554,-6.5057554]},{"tokens":[0,7,4,6,12,20,17,1,3,8,9,13,21,22,23,10,2,18,24,11],"logprobs":[-0.10538771,-3.6053877,-3.9803877,-4.4803877,-5.2303877,-5.4803877,-5.4803877,-5.4803877,-5.9803877,-6.3553877,-6.3553877,-6.3553877,-6.3553877,-6.4803877,-6.6053877,-6.7303877,-6.7303877,-6.8553877,-6.8553877,-7.2303877]},{"tokens":[0,7,1,12,6,8,2,10,11,3,4,22,24,9,13,21,5,25,26,23],"logprobs":[-0.07034809,-3.945348,-4.4453483,-4.8203483,-5.1953483,-5.1953483,-5.1953483,-6.5703483,-6.6953483,-6.9453483,-7.0703483,-7.1953483,-7.1953483,-7.1953483,-7.3203483,-7.3203483,-7.6953483,-7.8203483,-8.195348,-8.195348]}]}