{"seen_tokens":["你好","I","You","Hello","好的","H","抱歉","您好","Hi","对不起","Sorry","It","你","The","Of","Deep","这句话","“","This","Hey"],"seen_logprobs":[{"tokens":[0,1,2,3,4,5,6,7,8,9,10,11,12,13,14,15,16,17,18,19],"logprobs":[-0.5057553,-2.3807554,-3.0057554,-3.1307554,-3.3807554,-3.5057554,-3.7557554,-3.8807554,-3.8807554,-4.3807554,-4.5057554,-4.6307554,-4.7557554,-5.3807554,-5.8807554,-6.0057554,-6.1307554,-6.2557554,-6.3807554,-6.5057554]}]}