{"seen_tokens":["Hi","Hello","#","import","hi","def","```","hello","class","You","print","#!/","<|im_end|>","Hey","\"\"\"","I","#include","return","//","Welcome"],"seen_logprobs":[{"tokens":[0,1,2,3,4,5,6,7,8,9,10,11,12,13,14,15,16,17,18,19],"logprobs":[-0.4159825,-2.0409825,-2.6659825,-3.7909825,-4.1659827,-4.2284827,-4.4784827,-5.1034827,-5.8534827,-5.9159827,-5.9159827,-5.9784827,-6.1659827,-6.2909827,-6.4159827,-6.4784827,-6.4784827,-6.4784827,-6.5409827,-6.7909827]}]}