{"seen_tokens":["你好","Hello","¡","您好","It","你的"],"seen_logprobs":[{"tokens":[0,1,2,3,4],"logprobs":[-0.08258988,-2.8325899,-4.95759,-5.70759,-5.95759]},{"tokens":[0,4,1,5,3],"logprobs":[-0.03368577,-4.5336857,-4.6586857,-5.0336857,-6.2836857]}]}