{"seen_tokens":["你好","Hello","¡","您好","It"],"seen_logprobs":[{"tokens":[0,1,2,3,4],"logprobs":[-0.08258988,-2.8325899,-4.95759,-5.70759,-5.95759]}]}