{"seen_tokens":["It","Hi","Hello","x","If","I","Unfortunately","\"","The","X","\"x","There","Sure","âĢľ","We","Ass",">Hello","To","$x","HI","What","*x","Ap"],"seen_logprobs":[{"tokens":[0,1,2,3,4,5,6,7,8,9,10,11,12,13,14,15,16,17,18,19],"logprobs":[-0.43404263,-1.9340427,-2.4652927,-2.5902927,-4.2777925,-4.3715425,-5.6684175,-5.7152925,-5.83248,-5.8402925,-6.191855,-6.8559175,-8.17623,-8.223105,-8.566855,-8.566855,-8.621543,-8.848105,-8.980918,-9.043418]},{"tokens":[0,3,2,1,5,4,9,8,10,11,7,13,6,12,20,21,16,18,14,22],"logprobs":[-0.8731884,-1.2481884,-2.0450635,-2.5450635,-3.4981885,-4.443501,-4.7481885,-4.9200635,-5.0919385,-5.3888135,-5.631001,-6.9356885,-7.084126,-7.2169385,-7.3888135,-7.646626,-7.709126,-7.7169385,-8.0528755,-8.263813]}]}