{"seen_tokens":["\n","</think>","\n\n","1","**\n"," ","\n\n\n","!\n","\r\n",".\n","um"," \n","$\n"," aut","I","()\n"," ("," sense","Plan",":\n"],"seen_logprobs":[{"tokens":[0,1,2,3,4,5,6,7,8,9,10,11,12,13,14,15,16,17,18,19],"logprobs":[-5.960463e-7,-14.570313,-15.679688,-18.585938,-19.890625,-20.0,-20.53125,-20.90625,-21.078125,-21.117188,-21.273438,-21.3125,-21.351562,-21.375,-21.460938,-21.554688,-21.570312,-21.65625,-21.664062,-21.820312]}]}