{"seen_tokens":["I","It","That","Your","You","What","Please","To","The","There","However","Is","Can","Unfortunately","Hello","X","In","How","We","Could"],"seen_logprobs":[{"tokens":[0,1,2,3,4,5,6,7,8,9,10,11,12,13,14,15,16,17,18,19],"logprobs":[-0.1276314,-2.1276314,-8.127631,-9.252631,-9.377631,-9.627631,-10.815131,-10.815131,-11.065131,-11.252631,-11.440131,-11.440131,-11.565131,-11.815131,-11.815131,-12.315131,-12.565131,-12.627631,-12.752631,-12.877631]}]}