{"seen_tokens":["<think>","\n\n\n","I","I'm","It"],"seen_logprobs":[{"tokens":[0,1,2,3,4],"logprobs":[-0.00026842,-9.750268,-9.750268,-9.875268,-10.750268]}]}