{"seen_tokens":["<think>","\n\n\n","I","I'm","It","Hello"],"seen_logprobs":[{"tokens":[0,1,2,3,4],"logprobs":[-0.00026842,-9.750268,-9.750268,-9.875268,-10.750268]},{"tokens":[0,3,5,1,2],"logprobs":[-0.00076158,-8.750762,-9.375762,-9.375762,-9.500762]},{"tokens":[0,1,3,2,5],"logprobs":[-0.00049531,-9.000495,-9.250495,-9.250495,-10.375495]}]}