{"seen_tokens":["<think>","</think>","<｜place▁holder▁no▁0｜>","<｜place▁holder▁no▁797｜>","<｜place▁holder▁no▁2｜>","<｜place▁holder▁no▁3｜>","<｜place▁holder▁no▁795｜>","<｜place▁holder▁no▁794｜>","<｜place▁holder▁no▁1｜>","<｜place▁holder▁no▁5｜>","<｜place▁holder▁no▁796｜>","<｜place▁holder▁no▁793｜>","<｜place▁holder▁no▁4｜>","<｜place▁holder▁no▁792｜>","<｜place▁holder▁no▁8｜>","<｜place▁holder▁no▁7｜>","<｜place▁holder▁no▁790｜>","<｜place▁holder▁no▁791｜>","<｜place▁holder▁no▁787｜>","<｜place▁holder▁no▁622｜>","<｜place▁holder▁no▁620｜>","<｜place▁holder▁no▁204｜>"],"seen_logprobs":[{"tokens":[0,1,2,3,4,5,6,7,8,9,10,11,12,13,14,15,16,17,18,19],"logprobs":[-0.0000044107533,-12.750005,-14.625005,-14.625005,-15.500005,-16.000006,-16.000006,-16.250006,-17.000006,-17.125006,-17.125006,-17.625006,-17.875006,-18.125006,-18.250004,-18.875006,-18.875006,-18.875006,-19.000006,-19.250006]},{"tokens":[0,1,5,2,6,3,4,7,11,8,13,10,9,12,17,18,19,16,14,15],"logprobs":[-0.000013113107,-11.625013,-14.000013,-14.125013,-14.500012,-14.625013,-14.875013,-15.000012,-15.375013,-15.500012,-16.250013,-16.250013,-16.375013,-16.500013,-16.500013,-16.625013,-16.750013,-17.750011,-18.000013,-18.125013]},{"tokens":[0,1,5,3,4,19,6,2,7,8,11,20,17,10,9,13,12,21,18,15],"logprobs":[-0.000004768383,-12.750005,-14.875006,-15.000005,-15.125006,-15.250005,-15.625006,-15.750005,-15.875006,-16.375004,-16.625004,-17.250006,-17.375006,-17.500006,-17.625006,-17.750004,-18.000004,-18.125006,-18.125006,-18.500004]}]}