{"seen_tokens":["<think>","</think>","<｜place▁holder▁no▁0｜>","<｜place▁holder▁no▁797｜>","<｜place▁holder▁no▁2｜>","<｜place▁holder▁no▁3｜>","<｜place▁holder▁no▁795｜>","<｜place▁holder▁no▁794｜>","<｜place▁holder▁no▁1｜>","<｜place▁holder▁no▁5｜>","<｜place▁holder▁no▁796｜>","<｜place▁holder▁no▁793｜>","<｜place▁holder▁no▁4｜>","<｜place▁holder▁no▁792｜>","<｜place▁holder▁no▁8｜>","<｜place▁holder▁no▁7｜>","<｜place▁holder▁no▁790｜>","<｜place▁holder▁no▁791｜>","<｜place▁holder▁no▁787｜>","<｜place▁holder▁no▁622｜>"],"seen_logprobs":[{"tokens":[0,1,2,3,4,5,6,7,8,9,10,11,12,13,14,15,16,17,18,19],"logprobs":[-0.0000044107533,-12.750005,-14.625005,-14.625005,-15.500005,-16.000006,-16.000006,-16.250006,-17.000006,-17.125006,-17.125006,-17.625006,-17.875006,-18.125006,-18.250004,-18.875006,-18.875006,-18.875006,-19.000006,-19.250006]}]}