{"seen_tokens":["<think>","</think>","<|im_start|>","Okay","<|im_end|>","<tool_call>","<tool_response>","okay","滨江","think","brain","-navbar","thinking","思考","$$","Brain","是怎样","others","here","bara"],"seen_logprobs":[{"tokens":[0,1,2,3,4,5,6,7,8,9,10,11,12,13,14,15,16,17,18,19],"logprobs":[-1.1920928e-7,-15.703125,-18.445312,-18.53125,-18.75,-19.039062,-19.148438,-19.257812,-19.367188,-19.507812,-19.640625,-19.742188,-19.851562,-20.039062,-20.25,-20.265625,-20.539062,-20.570312,-20.671875,-20.898438]},{"tokens":[0,1,2,3,4,5,6,7,8,9,10,11,12,13,14,15,16,17,18,19],"logprobs":[-1.1920928e-7,-15.71875,-18.460938,-18.546875,-18.773438,-19.046875,-19.15625,-19.25,-19.320312,-19.523438,-19.648438,-19.75,-19.867188,-20.0625,-20.257812,-20.257812,-20.554688,-20.554688,-20.695312,-20.898438]},{"tokens":[0,1,2,3,4,5,6,7,8,9,10,11,12,13,15,14,16,17,18,19],"logprobs":[-1.1920928e-7,-15.703125,-18.421875,-18.546875,-18.757812,-19.039062,-19.132812,-19.242188,-19.351562,-19.539062,-19.664062,-19.71875,-19.867188,-20.0625,-20.265625,-20.28125,-20.546875,-20.5625,-20.6875,-20.914062]},{"tokens":[0,1,2,3,4,5,6,7,8,9,10,11,12,13,14,15,16,17,18,19],"logprobs":[-1.1920928e-7,-15.7109375,-18.453125,-18.554688,-18.757812,-19.039062,-19.148438,-19.265625,-19.367188,-19.507812,-19.632812,-19.71875,-19.84375,-20.03125,-20.226562,-20.25,-20.546875,-20.570312,-20.679688,-20.898438]}]}