{"seen_tokens":["It","How","Hello","Hi","Welcome"," It","Is","What"," How","Its","_it","Can","它"," Hello"," it","Hey","(It","You","-it","it"],"seen_logprobs":[{"tokens":[0,1,2,3,4,5,6,7,8,9,10,11,12,13,14,15,16,17,18,19],"logprobs":[-0.116650276,-2.2416503,-5.99165,-7.86665,-8.116651,-8.616651,-8.616651,-9.366651,-9.866651,-9.991651,-11.366651,-11.366651,-11.429151,-11.929151,-12.054151,-12.054151,-12.366651,-12.741651,-12.866651,-12.991651]},{"tokens":[1,0,2,3,4,5,6,7,8,9,10,11,12,13,14,15,16,17,18,19],"logprobs":[-2.2416503,-0.116650276,-5.99165,-7.86665,-8.116651,-8.616651,-8.616651,-9.366651,-9.866651,-9.991651,-11.366651,-11.366651,-11.429151,-11.929151,-12.054151,-12.054151,-12.366651,-12.741651,-12.866651,-12.991651]}]}