{"seen_tokens":["Hello","Hi","I","It"," Hello"],"seen_logprobs":[{"tokens":[0,1,2,3,4],"logprobs":[-0.00012957,-9.00013,-12.00013,-16.50013,-17.50013]},{"tokens":[0,1,2,3,4],"logprobs":[-0.00006318,-9.750063,-12.250063,-15.750063,-18.375063]}]}