{"seen_tokens":["Hello","Hi"," Hello","こんにちは","Greeting","hello","Welcome"," waving","नमस्ते","안녕하세요","<!","👋"," couplings","Hallo"," turbocharged","Merhaba"," مرور","ທາງ"," TVs"," kaps"," EBS","）」"," estudiando","Friendly"," filings"," knockdown"," hydraul","Hola","見る","Greetings"," hello","دة","Olá"," phytoplankton","Health"," ছড়িয়ে"],"seen_logprobs":[{"tokens":[0,1,2,3,4,5,6,7,8,9,10,11,12,13,14,15,16,17,18,19],"logprobs":[-0.000035524998,-10.384614,-12.291967,-17.02672,-20.931505,-21.652693,-21.745087,-21.914654,-22.068995,-22.099886,-22.130781,-22.316301,-22.39367,-22.42463,-22.657011,-22.672514,-22.82763,-22.84315,-22.85867,-23.045013]},{"tokens":[0,1,2,3,6,4,20,21,18,22,12,23,13,24,25,26,27,5,28,9],"logprobs":[-0.00014115377,-8.871601,-14.084097,-18.403063,-22.092817,-22.216564,-22.58839,-22.650442,-22.650442,-22.743559,-22.790136,-22.883324,-22.898859,-23.06983,-23.443316,-23.482252,-23.49783,-23.49783,-23.521194,-23.560144]},{"tokens":[0,2,1,3,4,13,10,5,12,29,11,6,28,7,30,31,32,33,34,24],"logprobs":[-0.000024080566,-11.325536,-11.325536,-18.245846,-21.113523,-21.908457,-21.954504,-22.154264,-22.185026,-22.246576,-22.570213,-22.910109,-23.018425,-23.09584,-23.111328,-23.18879,-23.204285,-23.312803,-23.421389,-23.62322]},{"tokens":[0,1,2,3,4,26,12,17,15,35,21,22,14,13,5,18,24,28,8,6],"logprobs":[-0.00010526734,-9.2103195,-12.169529,-17.076813,-22.488565,-22.550413,-22.581347,-22.736107,-22.782566,-22.891022,-22.968534,-22.999548,-23.201277,-23.496498,-23.574257,-23.644264,-23.768772,-23.784342,-23.823265,-23.869984]}]}