{"seen_tokens":["Okay","好的","Alright","嗯","The","好","Well","Hmm","用户","Hello","Oh","Good","User","Wow","This","okay","Yep","Looks","Yes","看起来","好了","Sure","</think>","First","Hey","Hi"],"seen_logprobs":[{"tokens":[0,1,2,3,4,5,6,7,8,9,10,11,12,13,14,15,16,17,18,19],"logprobs":[-0.09479107,-3.2197912,-3.5947912,-3.9697912,-7.344791,-7.844791,-7.844791,-8.094791,-8.219791,-8.594791,-9.094791,-9.344791,-9.469791,-9.719791,-9.844791,-9.969791,-9.969791,-9.969791,-9.969791,-10.094791]},{"tokens":[0,1,2,3,4,5,8,6,7,9,11,10,12,20,17,19,13,21,22,23],"logprobs":[-0.14427617,-2.7692761,-3.1442761,-3.7692761,-6.894276,-7.269276,-7.394276,-7.894276,-7.894276,-8.519277,-9.269277,-9.394277,-9.706777,-9.831777,-9.894277,-9.956777,-9.956777,-9.956777,-10.019277,-10.081777]},{"tokens":[0,2,1,3,4,6,8,5,7,9,11,12,10,13,15,22,24,16,25,14],"logprobs":[-0.08184884,-3.3318489,-3.5818489,-4.5818486,-7.2068486,-7.7068486,-7.8318486,-7.8318486,-7.9568486,-8.331849,-9.331849,-9.581849,-9.581849,-9.706849,-9.831849,-9.956849,-9.956849,-10.081849,-10.206849,-10.269349]}]}