{"seen_tokens":["Hello","Hi","Hey","hello","Hmm","Hola","How","H","Hallo","Good","Well","He","Greetings","hi","Oh","Welcome","HI","Okay","Hell","I"," Hello"],"seen_logprobs":[{"tokens":[0,1,2,3,4,5,6,7,8,9,10,11,12,13,14,15,16,17,18,19],"logprobs":[-0.08915845,-2.4641585,-8.714158,-11.339158,-12.089158,-12.464158,-12.464158,-12.714158,-13.214158,-13.214158,-13.214158,-13.339158,-13.464158,-13.589158,-13.589158,-13.714158,-13.714158,-13.964158,-14.214158,-14.339158]},{"tokens":[0,1,2,3,4,5,7,6,9,8,10,11,13,12,15,14,16,17,18,20],"logprobs":[-0.08916021,-2.4641602,-8.71416,-11.21416,-12.08916,-12.33916,-12.58916,-12.58916,-13.08916,-13.21416,-13.21416,-13.33916,-13.58916,-13.58916,-13.71416,-13.71416,-13.71416,-13.96416,-14.21416,-14.21416]}]}