{"seen_tokens":["It","I","That","You","X","Your","x","Unfortunately","The","What","Just","However","A","To","This","it","Hello","Hi","There","Please","How"],"seen_logprobs":[{"tokens":[0,1,2,3,4,5,6,7,8,9,10,11,12,13,14,15,16,17,18,19],"logprobs":[-0.034383543,-4.534384,-5.034384,-5.284384,-5.534384,-6.284384,-6.784384,-7.159384,-7.159384,-7.784384,-7.909384,-8.034384,-8.346884,-8.409384,-8.909384,-9.346884,-9.409384,-9.846884,-10.159384,-10.284384]},{"tokens":[0,1,2,3,4,5,8,6,7,10,9,11,13,12,14,16,15,17,18,20],"logprobs":[-0.036666106,-4.536666,-5.036666,-5.036666,-5.411666,-6.286666,-7.036666,-7.036666,-7.161666,-7.786666,-7.786666,-7.911666,-8.161666,-8.349166,-8.599166,-9.161666,-9.349166,-9.411666,-9.974166,-10.036666]}]}