{"seen_tokens":["I","It","Your","You","That","What","The","There","To","Please","X","How","Hello","Something","In","A","Is","Could","Can","We","However","This","If","Nothing"],"seen_logprobs":[{"tokens":[0,1,2,3,4,5,6,7,8,9,10,11,12,13,14,15,16,17,18,19],"logprobs":[-0.14938337,-2.0087583,-6.3993835,-6.9462585,-7.1962585,-7.1962585,-9.422821,-9.641571,-10.118134,-10.157196,-10.594696,-10.868134,-10.993134,-11.211884,-11.383759,-11.399384,-11.563446,-11.758759,-11.977509,-12.063446]},{"tokens":[0,1,2,3,4,5,6,7,8,9,12,14,11,10,16,15,20,21,19,17],"logprobs":[-0.10914924,-2.2966492,-6.8435245,-7.5153995,-7.6403995,-8.218524,-9.5544615,-9.6638365,-9.8200865,-10.7263365,-10.812274,-10.8982115,-10.9763365,-11.171649,-11.3044615,-11.765399,-11.827899,-11.827899,-11.8669615,-11.9138365]},{"tokens":[0,1,2,4,3,5,6,7,9,8,10,11,14,16,15,12,19,18,22,13],"logprobs":[-0.06569114,-2.8000662,-6.784441,-7.268816,-8.003191,-8.050066,-9.6828785,-10.2610035,-10.7610035,-10.8703785,-11.190691,-11.2922535,-11.346941,-11.596941,-11.909441,-12.003191,-12.1516285,-12.206316,-12.5735035,-12.612566]},{"tokens":[0,1,2,4,3,5,6,7,8,9,12,10,14,11,15,13,20,19,16,23],"logprobs":[-0.080375336,-2.5960004,-7.096,-7.1585,-7.736625,-8.424126,-9.424126,-9.838188,-10.088188,-10.494438,-11.080376,-11.135063,-11.166313,-11.533501,-11.596001,-11.635063,-11.744438,-12.017876,-12.158501,-12.174126]}]}