{"seen_tokens":["It","Hello","I","You","Hi","x","Hey","ä½łå¥½","Of","Could","Your","æĤ¨å¥½","çľĭèµ·æĿ¥","The","Is","Looks","Sure","Certainly","Thank","ĠIt"],"seen_logprobs":[{"tokens":[0,1,2,3,4,5,6,7,8,9,10,11,12,13,14,15,16,17,18,19],"logprobs":[-0.4124422,-1.2874422,-2.7874422,-8.662442,-9.287442,-10.412442,-11.037442,-11.162442,-11.162442,-11.287442,-11.662442,-12.099942,-12.224942,-12.412442,-12.599942,-12.599942,-12.787442,-12.912442,-13.037442,-13.099942]}]}