{"seen_tokens":["Hello","How","Hi","It","I","What","To","Welcome","You","hello","If","Hey","Please","Some","There","hi","Your","This","Is","HI"],"seen_logprobs":[{"tokens":[0,1,2,3,4,5,6,7,8,9,10,11,12,13,14,15,16,17,18,19],"logprobs":[-0.5435715,-1.1685715,-2.7935715,-3.2935715,-5.7935715,-6.0435715,-6.8560715,-7.6060715,-7.6685715,-8.043571,-8.168571,-9.106071,-9.106071,-9.168571,-9.231071,-9.231071,-9.418571,-9.731071,-9.731071,-9.981071]},{"tokens":[0,1,2,3,4,5,6,8,7,9,10,11,13,15,12,14,16,17,18,19],"logprobs":[-0.6372217,-1.1372217,-2.5122218,-2.8872218,-5.512222,-5.637222,-6.574722,-7.262222,-7.387222,-7.949722,-8.012221,-8.762221,-8.887221,-8.949721,-9.012221,-9.074721,-9.137221,-9.324721,-9.637221,-9.762221]}]}