{"seen_tokens":["Hello","Hi","Hey","How","Here","It","What","I","Sure","That","x","To","\"","The"," Hello","Bon","Of","This","Content","**"],"seen_logprobs":[{"tokens":[0,1,2,3,4,5,6,7,8,9,10,11,12,13,14,15,16,17,18,19],"logprobs":[-0.029554607,-5.154555,-5.529555,-5.717055,-5.842055,-6.217055,-6.592055,-6.592055,-6.779555,-6.967055,-7.092055,-7.217055,-8.092054,-8.154554,-8.342054,-8.592054,-8.592054,-8.592054,-8.654554,-8.779554]}]}