{"seen_tokens":["Ċ","The","It","To","I","4","10","If","x","1","Hmm","Hello","2","3","Are","5","As","Alright","Thank","Is","In"],"seen_logprobs":[{"tokens":[0,1,2,3,4,5,6,7,8,9,10,11,12,13,14,15,16,17,18,19],"logprobs":[-1.4715278,-1.4168403,-2.0965278,-2.3465278,-2.6199653,-4.362153,-4.440278,-4.471528,-4.7293406,-4.8699656,-4.955903,-5.1355906,-5.1512156,-5.205903,-5.252778,-5.3387156,-5.4949656,-5.518403,-5.5574656,-5.5730906]},{"tokens":[7,1,0,3,2,4,5,6,8,9,10,11,12,13,14,17,15,18,16,20],"logprobs":[-4.217611,-1.3660485,-1.467611,-2.3035483,-2.5066733,-2.5222983,-4.4129233,-4.5222983,-4.670736,-4.8191733,-4.9129233,-5.061361,-5.1472983,-5.201986,-5.264486,-5.2879233,-5.3347983,-5.3972983,-5.4441733,-5.4754233]}]}