{"seen_tokens":["Ċ","The","It","To","I","4","10","If","x","1","Hmm","Hello","2","3","Are","5","As","Alright","Thank","Is"],"seen_logprobs":[{"tokens":[0,1,2,3,4,5,6,7,8,9,10,11,12,13,14,15,16,17,18,19],"logprobs":[-1.4715278,-1.4168403,-2.0965278,-2.3465278,-2.6199653,-4.362153,-4.440278,-4.471528,-4.7293406,-4.8699656,-4.955903,-5.1355906,-5.1512156,-5.205903,-5.252778,-5.3387156,-5.4949656,-5.518403,-5.5574656,-5.5730906]}]}