{"seen_tokens":["Hey","Got","What's","What","x","\"x","X","**","Just"],"seen_logprobs":[{"tokens":[0,1,2,3,4,5,6,7],"logprobs":[-0.36090022,-1.3609003,-3.8609002,-4.6109004,-4.8609004,-5.6109004,-5.8609004,-7.1109004]},{"tokens":[4,1,7,6,2,0,5,8],"logprobs":[-0.13350943,-2.6335094,-3.3835094,-4.3835096,-5.1335096,-7.8835096,-8.50851,-8.88351]}]}