{"seen_tokens":["Hey","Got","What's","What","x","\"x","X","**"],"seen_logprobs":[{"tokens":[0,1,2,3,4,5,6,7],"logprobs":[-0.36090022,-1.3609003,-3.8609002,-4.6109004,-4.8609004,-5.6109004,-5.8609004,-7.1109004]}]}