{"seen_tokens":["1","The","Ċ","Let","Hmm","This","I","It","Okay","User","If","To","You","Here","What","Sorry","çĶ¨æĪ·","Analy","ĠThe","Looking","Is"],"seen_logprobs":[{"tokens":[0,1,2,3,4,5,6,7,8,9,10,11,12,13,14,15,16,17,18,19],"logprobs":[-2.1055772,-0.21495217,-4.293077,-4.6446395,-4.652452,-5.1915145,-5.261827,-5.714952,-6.1446395,-6.605577,-6.621202,-6.808702,-7.3165145,-7.355577,-7.4727645,-7.558702,-7.6446395,-7.683702,-7.7540145,-7.777452]},{"tokens":[0,1,2,3,4,5,6,7,8,9,10,11,12,13,14,15,16,17,18,19],"logprobs":[-2.0922,-0.21719998,-4.2797,-4.6468873,-4.6625123,-5.18595,-5.2562623,-5.701575,-6.139075,-6.6000123,-6.62345,-6.826575,-7.3031373,-7.357825,-7.4750123,-7.56095,-7.6547,-7.68595,-7.74845,-7.7718873]},{"tokens":[0,1,2,4,3,5,6,7,8,10,9,11,13,12,15,14,16,17,19,20],"logprobs":[-2.0780423,-0.2186673,-4.2811675,-4.5624175,-4.7499175,-5.22648,-5.2499175,-5.97648,-6.1561675,-6.4374175,-6.5936675,-6.88273,-7.2967925,-7.3436675,-7.41398,-7.4217925,-7.5467925,-7.7499175,-7.8280425,-7.8436675]},{"tokens":[1,0,2,4,3,5,6,7,8,9,10,11,12,13,14,15,16,17,18,20],"logprobs":[-0.21278815,-2.119038,-4.2362256,-4.665913,-4.712788,-5.212788,-5.244038,-5.6737256,-6.165913,-6.5487256,-6.5643506,-6.869038,-7.2987256,-7.3456006,-7.4393506,-7.509663,-7.6737256,-7.7831006,-7.7987256,-7.8299756]}]}