{"seen_tokens":["1","The","Ċ","Let","Hmm","This","I","It","Okay","User","If","To","You","Here","What","Sorry","çĶ¨æĪ·","Analy","ĠThe","Looking"],"seen_logprobs":[{"tokens":[0,1,2,3,4,5,6,7,8,9,10,11,12,13,14,15,16,17,18,19],"logprobs":[-2.1055772,-0.21495217,-4.293077,-4.6446395,-4.652452,-5.1915145,-5.261827,-5.714952,-6.1446395,-6.605577,-6.621202,-6.808702,-7.3165145,-7.355577,-7.4727645,-7.558702,-7.6446395,-7.683702,-7.7540145,-7.777452]}]}