{"seen_tokens":["Ċ","ĊĊ","</think>","ĊĊĊ","ĠĊ","1","2",".Ċ","I","The","We","ĊĠĊ","<|user|>","?Ċ","čĊ","Ġ","model","Ġmodel","x","ĊĊĊĊ","Ġ("],"seen_logprobs":[{"tokens":[0,1,2,3,4,5,6,7,8,9,10,11,12,13,14,15,16,17,18,19],"logprobs":[-0.00001490105,-11.250015,-13.375015,-15.875015,-16.750015,-16.937515,-18.187515,-18.250015,-18.562515,-18.812515,-19.000015,-19.000015,-19.312515,-19.500015,-19.562515,-19.687515,-20.000015,-20.000015,-20.000015,-20.062515]},{"tokens":[0,1,2,3,4,5,6,7,8,9,10,11,12,14,13,15,16,17,19,20],"logprobs":[-0.000013351351,-11.375013,-13.375013,-15.812513,-16.812513,-17.000013,-18.187513,-18.375013,-18.562513,-18.750013,-19.062513,-19.125013,-19.187513,-19.500013,-19.562513,-19.562513,-19.750013,-19.750013,-19.937513,-19.937513]},{"tokens":[0,1,2,3,4,5,7,6,8,9,10,11,12,13,14,15,18,17,16,19],"logprobs":[-0.000013589766,-11.375013,-13.250013,-15.937513,-16.625013,-16.937513,-18.250013,-18.312513,-18.625013,-18.812513,-19.062513,-19.125013,-19.187513,-19.375013,-19.562513,-19.625013,-19.875013,-19.875013,-19.937513,-20.062513]},{"tokens":[0,1,2,3,4,5,6,7,8,9,10,11,12,15,13,14,16,17,19,18],"logprobs":[-0.000016927575,-11.125017,-13.250017,-15.687517,-16.625017,-16.875017,-18.062517,-18.125017,-18.312517,-18.562517,-18.812517,-18.937517,-19.187517,-19.375017,-19.437517,-19.437517,-19.687517,-19.687517,-19.812517,-19.812517]}]}