{"seen_tokens":["It","I","You","That","X","Your","The","Unfortunately","x","What","However","Just","A","To","it","Hello","This","How","Hi","a"],"seen_logprobs":[{"tokens":[0,1,2,3,4,5,6,7,8,9,10,11,12,13,14,15,16,17,18,19],"logprobs":[-0.04708488,-4.172085,-4.422085,-4.922085,-5.547085,-6.297085,-7.047085,-7.172085,-7.172085,-7.672085,-7.797085,-7.922085,-8.422085,-8.672085,-8.859585,-9.359585,-9.422085,-9.797085,-9.797085,-10.047085]}]}