{"seen_tokens":["It","Since","Depending","Please","You","How","I"," It"," it","Because","As","**","Whether","If","Thinking","Assuming","Did","Hello","Do","Everything","Looking"],"seen_logprobs":[{"tokens":[0,1,2,3,4,5,6,7,8,9,10,11,12,13,14,15,16,17,18,19],"logprobs":[-0.0041038115,-5.7541037,-7.7541037,-8.629104,-8.754104,-9.754104,-10.129104,-10.379104,-11.941604,-12.441604,-12.754104,-12.816604,-12.941604,-13.254104,-13.566604,-13.691604,-13.691604,-14.129104,-14.566604,-14.691604]},{"tokens":[0,1,2,3,4,5,6,7,8,9,11,10,12,13,14,15,16,17,18,20],"logprobs":[-0.0037226442,-5.8787227,-7.7537227,-8.628722,-8.753722,-9.878722,-10.128722,-10.378722,-12.003722,-12.566222,-12.753722,-12.816222,-13.066222,-13.253722,-13.628722,-13.878722,-13.878722,-14.316222,-14.503722,-14.691222]},{"tokens":[0,1,2,3,4,5,6,7,8,9,10,11,12,13,14,15,16,17,19,18],"logprobs":[-0.0036319026,-5.878632,-7.878632,-8.753632,-8.878632,-9.878632,-10.128632,-10.378632,-12.003632,-12.566132,-12.753632,-12.878632,-13.066132,-13.441132,-13.566132,-13.816132,-13.878632,-14.066132,-14.628632,-14.753632]}]}