{"seen_tokens":["It","Since","Depending","Please","You","How","I"," It"," it","Because","As","**","Whether","If","Thinking","Assuming","Did","Hello","Do","Everything"],"seen_logprobs":[{"tokens":[0,1,2,3,4,5,6,7,8,9,10,11,12,13,14,15,16,17,18,19],"logprobs":[-0.0041038115,-5.7541037,-7.7541037,-8.629104,-8.754104,-9.754104,-10.129104,-10.379104,-11.941604,-12.441604,-12.754104,-12.816604,-12.941604,-13.254104,-13.566604,-13.691604,-13.691604,-14.129104,-14.566604,-14.691604]}]}