{"seen_tokens":["Hello","Hi","Hey","你好","👋"],"seen_logprobs":[{"tokens":[0,1,2,3,4],"logprobs":[-0.28795242,-1.4129524,-5.0379524,-8.787952,-10.162952]}]}