{"seen_tokens":["Hello","Hi","Hey","你好","👋"],"seen_logprobs":[{"tokens":[0,1,2,3,4],"logprobs":[-0.28795242,-1.4129524,-5.0379524,-8.787952,-10.162952]},{"tokens":[0,1,2,3,4],"logprobs":[-0.3207254,-1.3207254,-4.9457254,-8.695725,-10.070725]}]}