{"seen_tokens":["Hello","It","Hi","Hey","How","Greetings","Looks","Seems","Sure","\n","Howdy","Could","Is","Olá","Welcome","Hallo"," Hello","Of","Certainly","What"],"seen_logprobs":[{"tokens":[0,1,2,3,4,5,6,7,8,9,10,11,12,13,14,15,16,17,18,19],"logprobs":[-0.15573202,-2.655732,-2.655732,-6.155732,-6.655732,-9.655732,-9.780732,-9.905732,-10.405732,-10.405732,-10.780732,-11.905732,-12.155732,-12.530732,-12.530732,-12.655732,-12.905732,-12.905732,-13.030732,-13.155732]}]}