{"seen_tokens":["Hello","It","Hi","How","Hey","Greetings","\n","Seems","Sure","Looks","Could","Is","Your"," Hello","Howdy","Can","I'm","Welcome","Olá","Good"],"seen_logprobs":[{"tokens":[0,1,2,3,4,5,6,7,8,9,10,11,12,13,14,15,16,17,18,19],"logprobs":[-0.10958344,-2.8595834,-3.1095834,-6.8595834,-7.3595834,-9.609584,-10.234584,-10.984584,-11.359584,-11.359584,-12.109584,-12.109584,-12.234584,-12.234584,-12.359584,-12.734584,-12.984584,-13.234584,-13.359584,-13.484584]}]}