{"seen_tokens":["Hello","Hi","It","How","Hey","Could","Looks","Greetings","What"," Hello","\"","\n","Sure","Welcome","Yes","Good","Seems","Certainly","Would","Is"],"seen_logprobs":[{"tokens":[0,1,2,3,4,5,6,7,8,9,10,11,12,13,14,15,16,17,18,19],"logprobs":[-0.018353976,-4.018354,-8.893354,-10.393354,-10.768354,-11.768354,-13.518354,-13.643354,-13.893354,-14.268354,-14.518354,-14.643354,-14.643354,-14.768354,-15.143354,-15.268354,-15.893354,-16.393354,-16.518354,-16.518354]},{"tokens":[0,1,2,3,4,5,6,7,8,9,10,11,12,13,14,15,16,17,18,19],"logprobs":[-0.014323453,-4.264323,-9.139323,-10.639323,-11.014323,-12.014323,-13.764323,-13.889323,-14.014323,-14.514323,-14.639323,-14.764323,-14.889323,-15.014323,-15.389323,-15.514323,-16.139324,-16.639324,-16.764324,-16.764324]}]}