{"seen_tokens":["‚ĖĀ","‚ĖĀ=","‚ĖĀis","‚ĖĀx","‚ĖĀThe","‚ĖĀI","‚ĖĀTo","‚ĖĀWrite","‚ĖĀA","‚ĖĀ-","‚ĖĀWhat","‚ĖĀGiven","‚ĖĀy","‚ĖĀHello","‚ĖĀIn","‚ĖĀThere","‚ĖĀYou","‚ĖĀIf","‚ĖĀThis","‚ĖĀAn"],"seen_logprobs":[{"tokens":[0,1,2,3,4,5,6,7,8,9,10,11,12,13,14,15,16,17,18,19],"logprobs":[-1.8524277,-2.4774277,-2.6024277,-2.8524277,-2.9149277,-3.1024277,-3.2274277,-3.2899277,-3.2899277,-3.6024277,-3.6649277,-3.6649277,-3.7899277,-4.0399275,-4.1024275,-4.2274275,-4.6024275,-4.6024275,-4.7274275,-4.7274275]},{"tokens":[6,0,1,2,3,4,5,7,8,9,10,11,12,13,14,15,16,17,18,19],"logprobs":[-3.2274277,-1.8524277,-2.4774277,-2.6024277,-2.8524277,-2.9149277,-3.1024277,-3.2899277,-3.2899277,-3.6024277,-3.6649277,-3.6649277,-3.7899277,-4.0399275,-4.1024275,-4.2274275,-4.6024275,-4.6024275,-4.7274275,-4.7274275]}]}