{"seen_tokens":["I","It","Hi","Hello","Your","You","Looking","We","Here","What","Good","Based","Looks","Hey","Excellent","Thank","Let","The","Unfortunately","Alright","Gre","H","Thinking","That","Okay"],"seen_logprobs":[{"tokens":[0,1,2,3,4,5,6,7,8,9,10,11,12,13,14,15,16,17,18,19],"logprobs":[-0.18689038,-2.5618904,-2.8118904,-3.8118904,-6.1868906,-6.1868906,-6.8118906,-6.9368906,-7.3118906,-7.3118906,-7.4368906,-7.5618906,-7.6868906,-7.8118906,-8.186891,-8.436891,-8.686891,-9.811891,-9.811891,-9.811891]},{"tokens":[0,3,2,6,8,1,5,13,9,11,17,20,7,21,22,23,19,14,10,24],"logprobs":[-0.88340795,-0.88340795,-2.133408,-4.258408,-4.383408,-4.633408,-5.008408,-5.508408,-6.383408,-6.758408,-7.508408,-8.008408,-8.258408,-8.383408,-8.383408,-8.508408,-8.633408,-8.633408,-8.633408,-8.633408]}]}