{"seen_tokens":["Okay","Alright","The","First","I","Hmm","To","åĹ¯","When","It","Hello","Hey","You","Ok","Good","X","é¦ĸ","Wait","Let","OK"],"seen_logprobs":[{"tokens":[0,1,2,3,4,5,6,7,8,9,10,11,12,13,14,15,16,17,18,19],"logprobs":[-0.6966648,-0.8216648,-3.8216648,-4.071665,-4.071665,-6.196665,-7.071665,-7.571665,-8.571665,-8.821665,-8.946665,-9.196665,-9.196665,-9.446665,-9.446665,-9.571665,-9.571665,-9.571665,-9.571665,-9.696665]}]}