{"seen_tokens":["Hello","It","Hi","您好","I","你好","Hey","The","看起来","Could","x","Sure"," Hello","Sorry","它","Your","HI","こんにちは","hello","Thank"],"seen_logprobs":[{"tokens":[0,1,2,3,4,5,6,7,8,9,10,11,12,13,14,15,16,17,18,19],"logprobs":[-0.25235465,-1.5023546,-7.8773546,-10.627355,-11.377355,-12.627355,-12.752355,-13.877355,-14.252355,-14.252355,-14.877355,-15.002355,-15.127355,-15.252355,-15.502355,-16.127356,-16.377354,-16.502356,-16.752356,-17.002356]}]}