{"seen_tokens":["Hello","Hi","{","Healthy","👋","$\\","`","Step","True","_","Hey","How","(","Template","Type"," Hello","Here"," sense","Halo","Ass"],"seen_logprobs":[{"tokens":[0,1,2,3,4,5,6,7,8,9,10,11,12,13,14,15,16,17,18,19],"logprobs":[-0.000001072883,-14.062501,-15.996095,-17.382814,-17.914064,-18.164064,-18.445314,-19.046877,-19.062502,-19.171877,-19.187502,-19.406252,-19.484377,-19.531252,-19.609377,-19.609377,-19.750002,-19.765627,-19.859377,-19.875002]}]}