{"seen_tokens":["It","How","Hello","Hi","Is","Welcome","What"," How"," It","Its"," Hello","Hey","Nice","how","Can","它"," Hi"," it","_it","You"],"seen_logprobs":[{"tokens":[0,1,2,3,4,5,6,7,8,9,10,11,12,13,14,15,16,17,18,19],"logprobs":[-0.4498332,-1.1060832,-3.8560832,-5.3092084,-5.7623334,-6.7467084,-7.3717084,-9.043583,-9.684208,-10.043583,-10.356083,-10.94202,-11.449833,-11.707645,-11.738895,-12.012333,-12.145145,-12.332645,-12.44202,-12.512333]}]}