{"seen_tokens":["It","How","Hello","Hi","Is","Welcome","What"," How"," It","Its"," Hello","Hey","Nice","how","Can","它"," Hi"," it","_it","You"],"seen_logprobs":[{"tokens":[0,1,2,3,4,5,6,7,8,9,10,11,12,13,14,15,16,17,18,19],"logprobs":[-0.4498332,-1.1060832,-3.8560832,-5.3092084,-5.7623334,-6.7467084,-7.3717084,-9.043583,-9.684208,-10.043583,-10.356083,-10.94202,-11.449833,-11.707645,-11.738895,-12.012333,-12.145145,-12.332645,-12.44202,-12.512333]},{"tokens":[0,1,2,3,4,5,6,7,8,9,10,11,12,13,14,15,17,18,16,19],"logprobs":[-0.43095788,-1.1340829,-3.9622078,-5.571583,-5.680958,-6.712208,-7.446583,-9.071583,-9.665333,-10.009083,-10.43877,-11.055958,-11.555958,-11.735645,-11.798145,-11.97002,-12.321583,-12.37627,-12.399708,-12.430958]},{"tokens":[0,1,2,4,3,5,6,7,8,9,10,11,12,15,14,13,17,18,19,16],"logprobs":[-0.35822752,-1.2801025,-4.2176027,-5.7019777,-5.8269777,-6.7176027,-7.6238527,-9.123853,-9.483228,-10.014478,-10.592603,-11.20979,-11.600415,-11.889478,-11.920728,-11.944165,-12.08479,-12.256665,-12.412915,-12.58479]}]}