{"seen_tokens":["It","\"","If","You","How","Please","Since","To","Is","I","In","Depending","'","**","The","`","As","X","What","Your"],"seen_logprobs":[{"tokens":[0,1,2,3,4,5,6,7,8,9,10,11,12,13,14,15,16,17,18,19],"logprobs":[-0.00003886147,-11.500039,-11.875039,-11.937539,-12.750039,-12.812539,-13.312539,-13.375039,-13.875039,-14.062539,-14.312539,-14.562539,-14.750039,-14.937539,-15.000039,-15.062539,-15.187539,-15.312539,-15.500039,-16.000038]},{"tokens":[0,1,2,3,4,6,5,7,8,10,9,11,12,13,14,15,17,16,18,19],"logprobs":[-0.000039099883,-11.500039,-11.812539,-11.937539,-12.687539,-12.875039,-13.250039,-13.687539,-13.812539,-14.187539,-14.250039,-14.375039,-14.750039,-14.875039,-15.062539,-15.250039,-15.250039,-15.250039,-15.625039,-16.000038]},{"tokens":[0,1,2,3,4,5,6,7,8,9,10,13,12,11,14,15,17,16,18,19],"logprobs":[-0.000038623064,-11.375038,-11.750038,-12.125038,-12.937538,-13.062538,-13.375038,-13.625038,-13.812538,-13.937538,-14.375038,-14.500038,-14.625038,-14.687538,-14.937538,-15.062538,-15.125038,-15.375038,-15.625038,-16.000038]}]}