{"seen_tokens":["It","\"","If","You","How","Please","Since","To","Is","I","In","Depending","'","**","The","`","As","X","What","Your"],"seen_logprobs":[{"tokens":[0,1,2,3,4,5,6,7,8,9,10,11,12,13,14,15,16,17,18,19],"logprobs":[-0.00003886147,-11.500039,-11.875039,-11.937539,-12.750039,-12.812539,-13.312539,-13.375039,-13.875039,-14.062539,-14.312539,-14.562539,-14.750039,-14.937539,-15.000039,-15.062539,-15.187539,-15.312539,-15.500039,-16.000038]}]}