{"seen_tokens":["It","You","x","I'm","##","The","X","I'd","I","A","y","You're","That's","Your","Nice","24","To","(x","Did","There"],"seen_logprobs":[{"tokens":[0,1,2,3,4,5,6,7,8,9,10,11,12,13,14,15,16,17,18,19],"logprobs":[-0.026203487,-5.0262036,-5.7762036,-5.7762036,-6.1512036,-6.1512036,-6.7762036,-6.9012036,-7.1512036,-7.1512036,-7.4012036,-7.5262036,-7.5262036,-7.7762036,-7.9012036,-7.9012036,-8.026203,-8.401203,-8.901203,-9.151203]}]}