{"seen_tokens":["It","You","x","I'm","##","The","X","I'd","I","A","y","You're","That's","Your","Nice","24","To","(x","Did","There"],"seen_logprobs":[{"tokens":[0,1,2,3,4,5,6,7,8,9,10,11,12,13,14,15,16,17,18,19],"logprobs":[-0.026203487,-5.0262036,-5.7762036,-5.7762036,-6.1512036,-6.1512036,-6.7762036,-6.9012036,-7.1512036,-7.1512036,-7.4012036,-7.5262036,-7.5262036,-7.7762036,-7.9012036,-7.9012036,-8.026203,-8.401203,-8.901203,-9.151203]},{"tokens":[0,1,2,3,5,4,6,7,8,9,10,14,12,15,11,13,16,17,18,19],"logprobs":[-0.05683529,-4.431835,-4.681835,-4.806835,-5.431835,-5.681835,-6.056835,-6.306835,-6.306835,-6.431835,-6.556835,-6.806835,-6.806835,-7.056835,-7.056835,-7.181835,-7.431835,-7.556835,-8.431835,-8.431835]}]}