{"seen_tokens":["It","You","x","I'm","##","The","X","I'd","I","A","y","You're","That's","Your","Nice","24","To","(x","Did","There","Let's"],"seen_logprobs":[{"tokens":[0,1,2,3,4,5,6,7,8,9,10,11,12,13,14,15,16,17,18,19],"logprobs":[-0.026203487,-5.0262036,-5.7762036,-5.7762036,-6.1512036,-6.1512036,-6.7762036,-6.9012036,-7.1512036,-7.1512036,-7.4012036,-7.5262036,-7.5262036,-7.7762036,-7.9012036,-7.9012036,-8.026203,-8.401203,-8.901203,-9.151203]},{"tokens":[0,1,2,3,5,4,6,7,8,9,10,14,12,15,11,13,16,17,18,19],"logprobs":[-0.05683529,-4.431835,-4.681835,-4.806835,-5.431835,-5.681835,-6.056835,-6.306835,-6.306835,-6.431835,-6.556835,-6.806835,-6.806835,-7.056835,-7.056835,-7.181835,-7.431835,-7.556835,-8.431835,-8.431835]},{"tokens":[0,1,2,3,5,6,4,7,8,9,10,12,15,11,14,13,16,17,18,19],"logprobs":[-0.07355739,-4.1985574,-4.4485574,-4.5735574,-5.3235574,-5.4485574,-5.5735574,-5.8235574,-6.0735574,-6.0735574,-6.4485574,-6.4485574,-6.6985574,-6.6985574,-6.8235574,-6.8235574,-7.1985574,-7.4485574,-8.073558,-8.198558]},{"tokens":[0,1,2,3,5,4,6,7,8,9,12,11,10,13,14,15,16,17,18,20],"logprobs":[-0.03979203,-4.664792,-5.164792,-5.289792,-5.789792,-5.914792,-6.289792,-6.539792,-6.789792,-6.789792,-6.914792,-7.039792,-7.164792,-7.164792,-7.539792,-7.539792,-7.789792,-8.164792,-8.539792,-8.789792]}]}