{"seen_tokens":["Hi","It","Hey","Hello","Looks","You","Got","Could","You've","I","Just","Thanks","**","I'm","","你好","\"","X","hi","You're","x","\"x","That's"],"seen_logprobs":[{"tokens":[0,1,2,3,4,5,6,7,8,9,10,11,12,13,14,15,16,17,18,19],"logprobs":[-0.044882875,-3.7948828,-4.169883,-6.169883,-7.294883,-7.419883,-7.544883,-7.919883,-8.169883,-8.482383,-8.857383,-9.294883,-9.419883,-9.607383,-9.669883,-9.732383,-9.732383,-9.982383,-10.044883,-10.107383]},{"tokens":[0,1,2,3,7,5,9,4,8,6,13,20,10,12,15,11,18,16,17,21],"logprobs":[-0.044646118,-3.669646,-4.4196463,-6.0446463,-7.2946463,-7.8571463,-7.9196463,-8.044646,-8.232146,-8.357146,-8.794646,-8.982146,-9.107146,-9.294646,-9.357146,-9.419646,-9.482146,-9.544646,-9.544646,-9.607146]},{"tokens":[0,1,2,3,7,4,6,5,8,9,10,13,16,15,11,18,12,20,22,14],"logprobs":[-0.030667732,-4.030668,-4.780668,-6.280668,-7.593168,-8.343167,-8.405667,-8.718167,-8.905667,-9.093167,-9.280667,-9.655667,-9.780667,-10.030667,-10.030667,-10.030667,-10.093167,-10.405667,-10.468167,-10.530667]}]}