{"seen_tokens":["Hi","It","Hey","Hello","Looks","You","Got","Could","You've","I","Just","Thanks","**","I'm","","你好","\"","X","hi","You're"],"seen_logprobs":[{"tokens":[0,1,2,3,4,5,6,7,8,9,10,11,12,13,14,15,16,17,18,19],"logprobs":[-0.044882875,-3.7948828,-4.169883,-6.169883,-7.294883,-7.419883,-7.544883,-7.919883,-8.169883,-8.482383,-8.857383,-9.294883,-9.419883,-9.607383,-9.669883,-9.732383,-9.732383,-9.982383,-10.044883,-10.107383]}]}