{"seen_tokens":["Hello","Hi","Hey"," Hello","\n"],"seen_logprobs":[{"tokens":[0,1,2,3,4],"logprobs":[-0.00016866691,-8.750169,-12.500169,-12.625169,-12.875169]},{"tokens":[0,1,3,2,4],"logprobs":[-0.00015026369,-8.875151,-12.250151,-13.125151,-13.125151]}]}