{"seen_tokens":[" \""," **",".","*","+","2","1","\"","0","-","!","&",",","/","#",")","%","'","(","$","It","Did","I","That"," —","—"],"seen_logprobs":[{"tokens":[0,1,2,3,4,5,6,7,8,9,10,11,12,13,14,15,16,17,18,19],"logprobs":[-0.1877937,-1.7648392,-9999.0,-9999.0,-9999.0,-9999.0,-9999.0,-9999.0,-9999.0,-9999.0,-9999.0,-9999.0,-9999.0,-9999.0,-9999.0,-9999.0,-9999.0,-9999.0,-9999.0,-9999.0]},{"tokens":[20,21,22,23,7,18,15,9,3,10,16,2,17,11,13,8,4,12,14,19],"logprobs":[-0.3006704,-1.8619955,-2.8189733,-3.1089303,-9999.0,-9999.0,-9999.0,-9999.0,-9999.0,-9999.0,-9999.0,-9999.0,-9999.0,-9999.0,-9999.0,-9999.0,-9999.0,-9999.0,-9999.0,-9999.0]},{"tokens":[24,25,16,13,15,10,7,8,19,3,17,9,12,18,4,5,6,2,14,11],"logprobs":[-0.086584486,-2.489615,-9999.0,-9999.0,-9999.0,-9999.0,-9999.0,-9999.0,-9999.0,-9999.0,-9999.0,-9999.0,-9999.0,-9999.0,-9999.0,-9999.0,-9999.0,-9999.0,-9999.0,-9999.0]}]}