{"seen_tokens":["Hello","Hi","Hey","I","Well","Greetings","How","hello","It","What","Good","Welcome","Ol","The","Yes","Sure","ä½łå¥½","Bonjour","Hola","ðŁĳĭ"],"seen_logprobs":[{"tokens":[0,1,2,3,4,5,6,7,8,9,10,11,12,13,14,15,16,17,18,19],"logprobs":[-0.11910755,-2.4316075,-4.6659827,-5.673795,-6.705045,-6.8847327,-7.1659827,-7.513639,-7.5214515,-7.7714515,-7.904264,-8.037076,-8.087857,-8.1542635,-8.15817,-8.259732,-8.455045,-8.4980135,-8.5605135,-8.65817]},{"tokens":[1,0,2,3,4,5,6,7,8,9,10,11,12,13,14,15,16,17,18,19],"logprobs":[-2.4316075,-0.11910755,-4.6659827,-5.673795,-6.705045,-6.8847327,-7.1659827,-7.513639,-7.5214515,-7.7714515,-7.904264,-8.037076,-8.087857,-8.1542635,-8.15817,-8.259732,-8.455045,-8.4980135,-8.5605135,-8.65817]}]}