{"seen_tokens":["Hello","It","Hi","You","您好","Hey","How","你好","I","hello","Hallo","x","Could","The","What","Please","您","Your","こんにちは"," Hello"],"seen_logprobs":[{"tokens":[0,1,2,3,4,5,6,7,8,9,10,11,12,13,14,15,16,17,18,19],"logprobs":[-0.1072613,-2.3103862,-6.747886,-7.919761,-8.685387,-8.779137,-8.841637,-9.060387,-9.404137,-9.482262,-10.357262,-10.607262,-10.763512,-10.779137,-11.107262,-11.419762,-11.497887,-11.591637,-11.747887,-11.919762]}]}