{"seen_tokens":["Hello","Hi","{","👋","Healthy","$\\","`","Step","_","True","Template","Type","("," Hello","Halo","Hey","How","Here"," sense","Phase","Ass"],"seen_logprobs":[{"tokens":[0,1,2,3,4,5,6,7,8,9,10,11,12,13,14,15,16,17,18,19],"logprobs":[-0.0000014305105,-13.750001,-15.832032,-17.121096,-17.476564,-18.125002,-18.250002,-18.406252,-18.718752,-18.812502,-18.937502,-19.093752,-19.125002,-19.125002,-19.218752,-19.265627,-19.281252,-19.296877,-19.453127,-19.625002]},{"tokens":[0,1,2,4,3,5,6,7,9,8,10,11,15,12,18,19,17,16,20,13],"logprobs":[-0.0000015497195,-13.625002,-15.625002,-16.988283,-17.796877,-17.937502,-18.390627,-18.531252,-18.562502,-18.859377,-18.984377,-19.171877,-19.171877,-19.265627,-19.531252,-19.531252,-19.593752,-19.593752,-19.593752,-19.609377]},{"tokens":[0,1,2,3,4,5,6,9,7,10,15,8,11,13,12,16,20,18,19,17],"logprobs":[-0.000002503392,-13.203128,-15.189456,-17.078127,-17.11719,-17.500002,-17.937502,-18.218752,-18.328127,-18.500002,-18.531252,-18.609377,-18.796877,-18.968752,-19.078127,-19.218752,-19.250002,-19.296877,-19.312502,-19.343752]}]}