{"seen_tokens":["Hello","Hi","{","👋","Healthy","$\\","`","Step","_","True","Template","Type","("," Hello","Halo","Hey","How","Here"," sense","Phase"],"seen_logprobs":[{"tokens":[0,1,2,3,4,5,6,7,8,9,10,11,12,13,14,15,16,17,18,19],"logprobs":[-0.0000014305105,-13.750001,-15.832032,-17.121096,-17.476564,-18.125002,-18.250002,-18.406252,-18.718752,-18.812502,-18.937502,-19.093752,-19.125002,-19.125002,-19.218752,-19.265627,-19.281252,-19.296877,-19.453127,-19.625002]}]}