{"seen_tokens":["Hello","Hi","Hey"," Hello","Good"],"seen_logprobs":[{"tokens":[0,1,2,3,4],"logprobs":[-0.00033546583,-8.000336,-17.625336,-18.250336,-19.375336]}]}