{"seen_tokens":["Hello","Hi","{","👋","Healthy","$\\","`","_","True","Step","Template","Type","(","Hey"," Hello","Phase","Here","Halo","Ass","How"],"seen_logprobs":[{"tokens":[0,1,2,3,4,5,6,7,8,9,10,11,12,13,14,15,16,17,18,19],"logprobs":[-0.0000011920936,-13.963087,-16.02056,-17.396383,-17.528889,-17.980494,-18.205976,-18.470016,-18.485537,-18.625158,-18.965967,-19.167002,-19.336884,-19.398607,-19.414032,-19.47572,-19.47572,-19.552786,-19.5836,-19.660599]}]}