{"seen_tokens":["你好","Hello","¡","您好","It","欢迎"],"seen_logprobs":[{"tokens":[0,1,2,3,4],"logprobs":[-0.02382891,-4.273829,-5.648829,-5.898829,-6.773829]},{"tokens":[0,1,3,2,4],"logprobs":[-0.01846587,-4.393466,-6.018466,-6.393466,-7.518466]},{"tokens":[0,1,3,2,5],"logprobs":[-0.00916902,-5.009169,-6.884169,-8.134169,-9.009169]}]}