{"seen_tokens":["你好","Hello","¡","您好","It"],"seen_logprobs":[{"tokens":[0,1,2,3,4],"logprobs":[-0.02382891,-4.273829,-5.648829,-5.898829,-6.773829]}]}