{"seen_tokens":["Hi","Hello","Hey","I","How","Greetings","Well","It","What","Good","Welcome","The","hello","Yes","Oh","ä½łå¥½","Is","Hola","Sure","Here"],"seen_logprobs":[{"tokens":[0,1,2,3,4,5,6,7,8,9,10,11,12,13,14,15,16,17,18,19],"logprobs":[-2.45166,-0.13915989,-4.1391597,-5.2016597,-5.5766597,-6.0766597,-6.5141597,-6.5454097,-6.8266597,-7.1391597,-7.2954097,-7.2954097,-7.4829097,-7.6704097,-8.04541,-8.07666,-8.23291,-8.32666,-8.38916,-8.45166]}]}