{"seen_tokens":["Hi","Hello","Hey","I","How","Greetings","Well","It","What","Good","Welcome","The","hello","Yes","Oh","ä½łå¥½","Is","Hola","Sure","Here","My"],"seen_logprobs":[{"tokens":[0,1,2,3,4,5,6,7,8,9,10,11,12,13,14,15,16,17,18,19],"logprobs":[-2.45166,-0.13915989,-4.1391597,-5.2016597,-5.5766597,-6.0766597,-6.5141597,-6.5454097,-6.8266597,-7.1391597,-7.2954097,-7.2954097,-7.4829097,-7.6704097,-8.04541,-8.07666,-8.23291,-8.32666,-8.38916,-8.45166]},{"tokens":[1,0,2,3,4,5,7,6,8,9,10,11,12,13,14,15,16,17,18,20],"logprobs":[-0.12473505,-2.562235,-4.249735,-5.249735,-5.624735,-6.187235,-6.593485,-6.624735,-6.937235,-7.187235,-7.312235,-7.405985,-7.499735,-7.749735,-8.124735,-8.124735,-8.343485,-8.405985,-8.499735,-8.530985]}]}