{"seen_tokens":["It","I","This","That","Unfortunately","You","There","Not","Could","Is","A","Your","To","However"," It","Nothing","Too","Can","Since","More","Its","Only"],"seen_logprobs":[{"tokens":[0,1,2,3,4,5,6,7,8,9,10,11,12,13,14,15,16,17,18,19],"logprobs":[-0.030114736,-4.2801147,-5.2801147,-6.0301147,-6.2801147,-6.6551147,-6.6551147,-7.0301147,-7.1551147,-7.4051147,-7.7801147,-8.342615,-8.905115,-8.967615,-9.092615,-9.405115,-9.905115,-10.342615,-10.530115,-10.530115]},{"tokens":[0,1,2,3,4,6,5,7,8,9,10,11,14,13,12,15,16,17,20,21],"logprobs":[-0.026465781,-4.401466,-5.401466,-6.151466,-6.401466,-6.776466,-6.901466,-7.026466,-7.401466,-7.526466,-8.026465,-8.526465,-9.026465,-9.026465,-9.151465,-9.526465,-10.088965,-10.526465,-10.588965,-10.713965]},{"tokens":[16,0,1,2,3,4,5,6,7,8,9,10,11,12,13,14,15,17,18,19],"logprobs":[-9.905115,-0.030114736,-4.2801147,-5.2801147,-6.0301147,-6.2801147,-6.6551147,-6.6551147,-7.0301147,-7.1551147,-7.4051147,-7.7801147,-8.342615,-8.905115,-8.967615,-9.092615,-9.405115,-10.342615,-10.530115,-10.530115]},{"tokens":[7,0,1,2,3,4,5,6,8,9,10,11,12,13,14,15,16,17,18,19],"logprobs":[-7.0301147,-0.030114736,-4.2801147,-5.2801147,-6.0301147,-6.2801147,-6.6551147,-6.6551147,-7.1551147,-7.4051147,-7.7801147,-8.342615,-8.905115,-8.967615,-9.092615,-9.405115,-9.905115,-10.342615,-10.530115,-10.530115]}]}