{"seen_tokens":["Hello","Hi","It"," Hello","你好","Could","こんにちは"],"seen_logprobs":[{"tokens":[0,1,2,3,4],"logprobs":[-0.0019313742,-6.251931,-13.001931,-15.001931,-16.876932]},{"tokens":[0,1,2,3,4],"logprobs":[-0.0019303014,-6.25193,-13.50193,-15.25193,-17.37693]},{"tokens":[0,1,2,3,5],"logprobs":[-0.0019313742,-6.251931,-13.001931,-15.126931,-17.001932]},{"tokens":[0,1,2,3,6],"logprobs":[-0.0011722483,-6.751172,-13.251172,-15.126172,-17.876173]}]}