{"seen_tokens":["I","It","You","Unfortunately","Your","The","X","There","This","If","That","However","How","x","Please","A","Although","To","What","We"],"seen_logprobs":[{"tokens":[0,1,2,3,4,5,6,7,8,9,10,11,12,13,14,15,16,17,18,19],"logprobs":[-0.3217493,-1.4467493,-4.321749,-4.696749,-5.446749,-5.946749,-5.946749,-6.821749,-7.259249,-7.384249,-7.884249,-8.13425,-8.19675,-8.19675,-8.38425,-8.50925,-8.63425,-8.69675,-8.69675,-8.94675]},{"tokens":[1,0,2,3,4,5,6,7,8,9,10,11,12,13,14,15,16,17,18,19],"logprobs":[-1.4467493,-0.3217493,-4.321749,-4.696749,-5.446749,-5.946749,-5.946749,-6.821749,-7.259249,-7.384249,-7.884249,-8.13425,-8.19675,-8.19675,-8.38425,-8.50925,-8.63425,-8.69675,-8.69675,-8.94675]}]}