{"seen_tokens":["Hello","Hi","你好","Hey","こんにちは"," Hello","hello","안","","Nice","Bon","При","**","H","HI"," Hi","Welcome","Hai","Got","He"],"seen_logprobs":[{"tokens":[0,1,2,3,4,5,6,7,8,9,10,11,12,13,14,15,16,17,18,19],"logprobs":[-0.06334741,-3.0633473,-4.8133473,-6.0633473,-6.4383473,-7.3133473,-7.9383473,-8.688348,-8.875848,-9.563348,-9.625848,-9.750848,-9.875848,-9.875848,-9.875848,-9.938348,-10.375848,-10.750848,-10.813348,-10.938348]}]}