{"seen_tokens":["Hello","Hi","你好","Hey","こんにちは"," Hello","hello","안","","Nice","Bon","При","**","H","HI"," Hi","Welcome","Hai","Got","He"],"seen_logprobs":[{"tokens":[0,1,2,3,4,5,6,7,8,9,10,11,12,13,14,15,16,17,18,19],"logprobs":[-0.06334741,-3.0633473,-4.8133473,-6.0633473,-6.4383473,-7.3133473,-7.9383473,-8.688348,-8.875848,-9.563348,-9.625848,-9.750848,-9.875848,-9.875848,-9.875848,-9.938348,-10.375848,-10.750848,-10.813348,-10.938348]},{"tokens":[0,1,2,3,4,5,6,7,8,9,10,11,12,13,14,15,16,18,17,19],"logprobs":[-0.06352228,-3.0635223,-4.8135223,-6.0635223,-6.3135223,-7.3760223,-7.9385223,-8.688522,-8.813522,-9.563522,-9.626022,-9.813522,-9.876022,-9.876022,-9.876022,-9.938522,-10.376022,-10.813522,-10.813522,-10.938522]},{"tokens":[0,1,2,3,4,5,6,7,8,9,10,11,12,14,13,15,16,18,17,19],"logprobs":[-0.06389229,-3.0638924,-4.8138924,-5.9388924,-6.3138924,-7.3763924,-7.9388924,-8.688892,-8.813892,-9.501392,-9.563892,-9.751392,-9.751392,-9.813892,-9.876392,-9.938892,-10.313892,-10.751392,-10.751392,-10.876392]}]}