{"seen_tokens":["▁-","▁","▁=","▁is","▁x","▁The","▁I","▁To","▁A","▁Write","▁y","▁Given","▁What","▁There","▁Hello","▁In","▁This","▁If","▁An","▁Here"],"seen_logprobs":[{"tokens":[0,1,2,3,4,5,6,7,8,9,10,11,12,13,14,15,16,17,18,19],"logprobs":[-3.6653223,-1.7903223,-2.1653223,-2.4153223,-2.8528223,-2.9778223,-3.2278223,-3.3528223,-3.4153223,-3.6028223,-3.7903223,-3.8528223,-3.9153223,-4.1028223,-4.1028223,-4.2278223,-4.6028223,-4.7903223,-4.7903223,-4.8528223]}]}