{"seen_tokens":["Hello","Hi","It","To","Hey","I","That","Here","How","ĠHello","What","Sure","x","The","\"","Bon","This","Of","ĠHi","Your"],"seen_logprobs":[{"tokens":[0,1,2,3,4,5,6,7,8,9,10,11,12,13,14,15,16,17,18,19],"logprobs":[-0.069499396,-4.0069995,-4.3194995,-4.8819995,-5.1944995,-5.3819995,-5.9444995,-5.9444995,-6.0069995,-6.5694995,-6.8819995,-7.1319995,-7.4444995,-7.4444995,-7.6319995,-7.9444995,-8.069499,-8.256999,-8.319499,-8.569499]}]}