{"seen_tokens":["It","Since","You","Depending","How","Please"," It","I"," it","Thinking","Assuming","Did","Because","As","Hello","If","Looking","**","Whether","Help"],"seen_logprobs":[{"tokens":[0,1,2,3,4,5,6,7,8,9,10,11,12,13,14,15,16,17,18,19],"logprobs":[-0.0013165149,-7.6263165,-8.126316,-8.876316,-8.876316,-9.126316,-9.251316,-10.626316,-11.251316,-13.313816,-13.813816,-13.938816,-14.063816,-14.126316,-14.188816,-14.438816,-14.501316,-14.688816,-14.813816,-14.876316]}]}