{"seen_tokens":["How","Hello","It","Hi","What"],"seen_logprobs":[{"tokens":[0,1,2,3,4],"logprobs":[-0.36425772,-1.9423827,-2.0361328,-3.4892578,-7.520508]},{"tokens":[0,2,1,3,4],"logprobs":[-0.8277991,-0.9215491,-2.171549,-2.984049,-8.077799]},{"tokens":[2,0,1,3,4],"logprobs":[-0.8419666,-0.9044666,-1.9044666,-4.2169666,-7.5138416]},{"tokens":[0,2,1,3,4],"logprobs":[-0.41984108,-1.357341,-2.701091,-4.0760913,-6.8104663]}]}