{"seen_tokens":["How","Hello","It","Hi","What"],"seen_logprobs":[{"tokens":[0,1,2,3,4],"logprobs":[-0.36425772,-1.9423827,-2.0361328,-3.4892578,-7.520508]},{"tokens":[0,2,1,3,4],"logprobs":[-0.8277991,-0.9215491,-2.171549,-2.984049,-8.077799]}]}