{"seen_tokens":["Hello","It","Hi","You","Hey","您好","How","你好","hello","I","Hallo","x","Could","The","What","Please","Your"," Hello","こんにちは","Hola","Sure"],"seen_logprobs":[{"tokens":[0,1,2,3,4,5,6,7,8,9,10,11,12,13,14,15,16,17,18,19],"logprobs":[-0.071040966,-2.7116659,-6.617916,-8.492916,-8.867916,-9.242916,-9.492916,-9.539791,-9.914791,-10.071041,-10.836666,-10.961666,-11.071041,-11.196041,-11.602291,-11.774166,-11.992916,-12.180416,-12.211666,-12.461666]},{"tokens":[0,1,2,3,4,6,5,7,8,9,10,11,12,13,14,15,17,16,20,18],"logprobs":[-0.051830214,-3.0205803,-6.8643303,-8.42683,-8.973705,-9.473705,-9.67683,-9.942455,-10.129955,-10.58308,-11.11433,-11.473705,-11.48933,-11.598705,-11.83308,-12.02058,-12.254955,-12.33308,-12.61433,-12.661205]}]}