{"seen_tokens":["Hello","I","It","Hi","Is","You","If","What","How","Your","Sure","ãģĵãĤĵãģ«ãģ¡ãģ¯","Do","Are","As","ä½łå¥½","Certainly","H","Welcome","Sorry"],"seen_logprobs":[{"tokens":[0,1,2,3,4,5,6,7,8,9,10,11,12,13,14,15,16,17,18,19],"logprobs":[-1.0665616,-1.0665616,-1.4415616,-4.6290617,-5.0040617,-5.0665617,-5.1915617,-5.9415617,-5.9415617,-6.1290617,-6.1915617,-6.3790617,-6.6290617,-6.6290617,-6.6290617,-6.6915617,-6.6915617,-7.1290617,-7.1290617,-7.1290617]},{"tokens":[1,0,2,3,4,5,6,7,8,9,10,11,12,13,14,15,16,17,18,19],"logprobs":[-1.0665616,-1.0665616,-1.4415616,-4.6290617,-5.0040617,-5.0665617,-5.1915617,-5.9415617,-5.9415617,-6.1290617,-6.1915617,-6.3790617,-6.6290617,-6.6290617,-6.6290617,-6.6915617,-6.6915617,-7.1290617,-7.1290617,-7.1290617]},{"tokens":[1,0,2,3,4,5,6,8,7,9,10,11,15,13,12,14,16,17,18,19],"logprobs":[-1.0668547,-1.0668547,-1.4418547,-4.6293545,-5.0043545,-5.0668545,-5.1918545,-5.8793545,-5.9418545,-6.1293545,-6.1918545,-6.3168545,-6.6293545,-6.6293545,-6.6293545,-6.6918545,-6.6918545,-7.1293545,-7.1293545,-7.1293545]},{"tokens":[0,1,2,3,4,5,6,8,7,9,10,11,12,13,15,14,16,17,18,19],"logprobs":[-1.0673163,-1.0673163,-1.4423163,-4.629816,-4.942316,-5.067316,-5.129816,-5.879816,-6.004816,-6.129816,-6.192316,-6.379816,-6.629816,-6.629816,-6.692316,-6.692316,-6.692316,-7.129816,-7.129816,-7.129816]}]}