{"seen_tokens":["ir","X","eno","avier",":","T","en","ia","'","er","ev","P","ox","el","ix","iao","▁=","W","H","M"],"seen_logprobs":[{"tokens":[0,1,2,3,4,5,6,7,8,9,10,11,12,13,14,15,16,17,18,19],"logprobs":[-3.547377,-1.8598772,-2.297377,-2.859877,-3.297377,-3.547377,-3.609877,-3.672377,-3.797377,-3.859877,-3.922377,-4.109877,-4.109877,-4.359877,-4.359877,-4.484877,-4.672377,-4.672377,-4.734877,-4.797377]},{"tokens":[1,2,3,4,5,0,6,7,8,9,10,11,12,13,14,15,16,17,18,19],"logprobs":[-1.8598772,-2.297377,-2.859877,-3.297377,-3.547377,-3.547377,-3.609877,-3.672377,-3.797377,-3.859877,-3.922377,-4.109877,-4.109877,-4.359877,-4.359877,-4.484877,-4.672377,-4.672377,-4.734877,-4.797377]},{"tokens":[3,1,2,4,5,0,6,7,8,9,10,11,12,13,14,15,16,17,18,19],"logprobs":[-2.859877,-1.8598772,-2.297377,-3.297377,-3.547377,-3.547377,-3.609877,-3.672377,-3.797377,-3.859877,-3.922377,-4.109877,-4.109877,-4.359877,-4.359877,-4.484877,-4.672377,-4.672377,-4.734877,-4.797377]}]}