{"seen_tokens":["It","I","You","That","X","Unfortunately","Your","The","However","x","What","To","This","Hi","Hello","Since","A","Please","Just","How","Could"],"seen_logprobs":[{"tokens":[0,1,2,3,4,5,6,7,8,9,10,11,12,13,14,15,16,17,18,19],"logprobs":[-0.03418207,-4.034182,-4.784182,-6.784182,-6.909182,-7.034182,-7.159182,-7.409182,-7.409182,-7.909182,-8.034182,-8.034182,-9.159182,-9.346682,-9.346682,-9.409182,-9.471682,-9.596682,-9.784182,-9.846682]},{"tokens":[0,1,2,3,4,6,5,7,8,9,10,11,18,13,16,12,20,15,14,19],"logprobs":[-0.030872801,-4.030873,-5.280873,-6.530873,-7.155873,-7.155873,-7.280873,-7.405873,-7.530873,-7.530873,-8.093372,-8.218372,-9.030872,-9.280872,-9.405872,-9.405872,-9.718372,-9.780872,-9.843372,-9.968372]}]}