{"seen_tokens":["It","I","You","That","X","Unfortunately","Your","The","However","x","What","To","This","Hi","Hello","Since","A","Please","Just","How"],"seen_logprobs":[{"tokens":[0,1,2,3,4,5,6,7,8,9,10,11,12,13,14,15,16,17,18,19],"logprobs":[-0.03418207,-4.034182,-4.784182,-6.784182,-6.909182,-7.034182,-7.159182,-7.409182,-7.409182,-7.909182,-8.034182,-8.034182,-9.159182,-9.346682,-9.346682,-9.409182,-9.471682,-9.596682,-9.784182,-9.846682]}]}