{"seen_tokens":["It","I","You","That","X","Unfortunately","Your","The","However","x","What","To","This","Hi","Hello","Since","A","Please","Just","How","Could"],"seen_logprobs":[{"tokens":[0,1,2,3,4,5,6,7,8,9,10,11,12,13,14,15,16,17,18,19],"logprobs":[-0.03418207,-4.034182,-4.784182,-6.784182,-6.909182,-7.034182,-7.159182,-7.409182,-7.409182,-7.909182,-8.034182,-8.034182,-9.159182,-9.346682,-9.346682,-9.409182,-9.471682,-9.596682,-9.784182,-9.846682]},{"tokens":[0,1,2,3,4,6,5,7,8,9,10,11,18,13,16,12,20,15,14,19],"logprobs":[-0.030872801,-4.030873,-5.280873,-6.530873,-7.155873,-7.155873,-7.280873,-7.405873,-7.530873,-7.530873,-8.093372,-8.218372,-9.030872,-9.280872,-9.405872,-9.405872,-9.718372,-9.780872,-9.843372,-9.968372]},{"tokens":[0,1,2,4,3,9,6,5,7,8,10,11,16,18,12,14,19,13,15,17],"logprobs":[-0.03270892,-4.032709,-4.907709,-6.657709,-6.907709,-7.157709,-7.157709,-7.407709,-7.407709,-7.782709,-8.282709,-8.657709,-9.345209,-9.532709,-9.845209,-9.845209,-9.970209,-10.095209,-10.095209,-10.345209]},{"tokens":[1,0,2,3,4,5,6,7,8,9,10,11,12,13,14,15,16,17,18,19],"logprobs":[-4.034182,-0.03418207,-4.784182,-6.784182,-6.909182,-7.034182,-7.159182,-7.409182,-7.409182,-7.909182,-8.034182,-8.034182,-9.159182,-9.346682,-9.346682,-9.409182,-9.471682,-9.596682,-9.784182,-9.846682]}]}