{"seen_tokens":["<think>","The","x","1"," The","We","This","\n"," o","</think>","o",".The","<|tool_call_begin|>","<|im_end|>",".\n","0","Okay","_x","-The","n"],"seen_logprobs":[{"tokens":[0,1,2,3,4,5,6,7,8,9,10,11,12,13,14,15,16,17,18,19],"logprobs":[0.0,-18.125,-22.6875,-23.0,-23.3125,-23.75,-23.875,-24.0,-24.3125,-24.3125,-24.375,-24.90625,-24.96875,-24.96875,-25.28125,-25.34375,-25.40625,-25.59375,-25.8125,-25.84375]}]}