{"seen_tokens":["<think>","The","x","1"," The","We","This","\n"," o","</think>","o",".The","<|tool_call_begin|>","<|im_end|>",".\n","0","Okay","_x","-The","n","\"The","#","7"],"seen_logprobs":[{"tokens":[0,1,2,3,4,5,6,7,8,9,10,11,12,13,14,15,16,17,18,19],"logprobs":[0.0,-18.125,-22.6875,-23.0,-23.3125,-23.75,-23.875,-24.0,-24.3125,-24.3125,-24.375,-24.90625,-24.96875,-24.96875,-25.28125,-25.34375,-25.40625,-25.59375,-25.8125,-25.84375]},{"tokens":[0,1,2,3,4,7,6,10,5,8,9,12,13,11,14,15,16,17,20,18],"logprobs":[0.0,-17.5625,-22.0625,-22.25,-22.4375,-23.3125,-23.375,-23.5,-23.5625,-23.8125,-24.0,-24.03125,-24.25,-24.34375,-24.59375,-24.90625,-24.90625,-24.96875,-24.96875,-25.125]},{"tokens":[0,1,3,2,4,5,7,6,9,13,8,12,10,15,11,16,21,14,22,18],"logprobs":[0.0,-17.125,-21.75,-22.0625,-22.3125,-22.8125,-23.0,-23.0,-23.875,-24.0,-24.0625,-24.1875,-24.53125,-24.5625,-24.71875,-24.71875,-24.90625,-25.03125,-25.0625,-25.09375]}]}