{"seen_tokens":["Hello","Hi","It"," Hello","你好","こんにちは"],"seen_logprobs":[{"tokens":[0,1,2,3,4],"logprobs":[-0.0015034329,-6.5015035,-14.251503,-14.876503,-17.876503]},{"tokens":[0,1,2,3,5],"logprobs":[-0.0011722483,-6.751172,-13.251172,-15.126172,-17.876173]}]}