{"seen_tokens":["Hello","Hi","{","Healthy","👋","$\\","`","True","Step","Template","Type","_","(","Here","Hey","Phase","Halo"," Hello","Ass","How"," sense","ด้าน"],"seen_logprobs":[{"tokens":[0,1,2,3,4,5,6,7,8,9,10,11,12,13,14,15,16,17,18,19],"logprobs":[-0.0000013113013,-13.875001,-15.73047,-17.17969,-17.390627,-18.046877,-18.195314,-18.765627,-18.828127,-18.953127,-18.984377,-19.031252,-19.125002,-19.203127,-19.265627,-19.484377,-19.500002,-19.546877,-19.765627,-19.859377]},{"tokens":[0,1,2,3,4,5,6,7,8,11,9,14,19,12,10,18,17,13,16,20],"logprobs":[-9.5367386e-7,-14.109376,-15.976563,-17.929688,-18.15625,-18.421875,-18.859375,-19.125,-19.1875,-19.28125,-19.296875,-19.359375,-19.671875,-19.828125,-19.953125,-20.0625,-20.078125,-20.09375,-20.125,-20.140625]},{"tokens":[0,1,2,5,3,4,6,7,8,10,12,9,14,13,15,17,11,20,19,18],"logprobs":[-0.0000017881378,-13.671877,-15.203127,-17.36719,-17.52344,-17.976564,-17.976564,-18.343752,-18.437502,-18.796877,-18.937502,-19.062502,-19.109377,-19.140627,-19.140627,-19.187502,-19.281252,-19.468752,-19.687502,-19.781252]},{"tokens":[0,1,2,3,5,8,4,6,7,11,17,9,14,10,19,12,13,20,15,21],"logprobs":[-0.0000016689287,-13.671877,-15.500978,-16.914064,-17.67969,-17.953127,-18.046877,-18.156252,-18.375002,-18.640627,-18.968752,-19.093752,-19.109377,-19.218752,-19.218752,-19.250002,-19.312502,-19.375002,-19.562502,-19.687502]}]}