{"seen_tokens":["Hello","Hi","{","Healthy","👋","$\\","`","True","Step","Template","Type","_","(","Here","Hey","Phase","Halo"," Hello","Ass","How"," sense"],"seen_logprobs":[{"tokens":[0,1,2,3,4,5,6,7,8,9,10,11,12,13,14,15,16,17,18,19],"logprobs":[-0.0000013113013,-13.875001,-15.73047,-17.17969,-17.390627,-18.046877,-18.195314,-18.765627,-18.828127,-18.953127,-18.984377,-19.031252,-19.125002,-19.203127,-19.265627,-19.484377,-19.500002,-19.546877,-19.765627,-19.859377]},{"tokens":[0,1,2,3,4,5,6,7,8,11,9,14,19,12,10,18,17,13,16,20],"logprobs":[-9.5367386e-7,-14.109376,-15.976563,-17.929688,-18.15625,-18.421875,-18.859375,-19.125,-19.1875,-19.28125,-19.296875,-19.359375,-19.671875,-19.828125,-19.953125,-20.0625,-20.078125,-20.09375,-20.125,-20.140625]}]}