{"seen_tokens":["Hello","Hi","Hey"," Hello","\n"],"seen_logprobs":[{"tokens":[0,1,2,3,4],"logprobs":[-0.0001245157,-9.125125,-11.875125,-12.250125,-13.125125]}]}