{"seen_tokens":["Hello","Hi","Hey"," Hello","\n"],"seen_logprobs":[{"tokens":[0,1,2,3,4],"logprobs":[-0.0001245157,-9.125125,-11.875125,-12.250125,-13.125125]},{"tokens":[0,1,2,4,3],"logprobs":[-0.0004983439,-7.7504983,-10.500499,-10.750499,-11.375499]},{"tokens":[0,1,3,2,4],"logprobs":[-0.00014549555,-9.000146,-11.625146,-11.750146,-12.750146]}]}