{"seen_tokens":[" Hello","Hello"," Hi"," How"," Bon"," Hey"," hello"," Alo","\n",""," What","!"," H","\n\n","¡","Bon"," Good","How"," ¡"," **"],"seen_logprobs":[{"tokens":[0,1,2,3,4,5,6,7,8,9,10,11,12,13,14,15,16,17,18,19],"logprobs":[-0.15439922,-2.4043992,-3.9668992,-4.7793994,-5.1543994,-5.6543994,-5.9043994,-6.4043994,-6.4043994,-7.0918994,-7.2793994,-7.4043994,-7.7793994,-7.8418994,-7.9043994,-8.154399,-8.154399,-8.216899,-8.216899,-8.279399]},{"tokens":[1,0,2,3,4,5,6,7,8,9,10,11,12,13,14,15,16,17,18,19],"logprobs":[-2.4043992,-0.15439922,-3.9668992,-4.7793994,-5.1543994,-5.6543994,-5.9043994,-6.4043994,-6.4043994,-7.0918994,-7.2793994,-7.4043994,-7.7793994,-7.8418994,-7.9043994,-8.154399,-8.154399,-8.216899,-8.216899,-8.279399]},{"tokens":[6,0,1,2,3,4,5,7,8,9,10,11,12,13,14,15,16,17,18,19],"logprobs":[-5.9043994,-0.15439922,-2.4043992,-3.9668992,-4.7793994,-5.1543994,-5.6543994,-6.4043994,-6.4043994,-7.0918994,-7.2793994,-7.4043994,-7.7793994,-7.8418994,-7.9043994,-8.154399,-8.154399,-8.216899,-8.216899,-8.279399]},{"tokens":[0,1,2,3,4,5,6,8,7,9,10,11,12,13,14,15,16,17,18,19],"logprobs":[-0.16031702,-2.347817,-3.972817,-4.785317,-5.160317,-5.660317,-5.910317,-6.347817,-6.410317,-7.097817,-7.285317,-7.410317,-7.785317,-7.847817,-7.910317,-8.160317,-8.160317,-8.222817,-8.222817,-8.285317]}]}