{"seen_tokens":[" Hello","Hello"," Hi"," How"," Bon"," Hey"," hello"," Alo","\n",""," What","!"," H","\n\n","¡","Bon"," Good","How"," ¡"," **"],"seen_logprobs":[{"tokens":[0,1,2,3,4,5,6,7,8,9,10,11,12,13,14,15,16,17,18,19],"logprobs":[-0.15439922,-2.4043992,-3.9668992,-4.7793994,-5.1543994,-5.6543994,-5.9043994,-6.4043994,-6.4043994,-7.0918994,-7.2793994,-7.4043994,-7.7793994,-7.8418994,-7.9043994,-8.154399,-8.154399,-8.216899,-8.216899,-8.279399]},{"tokens":[1,0,2,3,4,5,6,7,8,9,10,11,12,13,14,15,16,17,18,19],"logprobs":[-2.4043992,-0.15439922,-3.9668992,-4.7793994,-5.1543994,-5.6543994,-5.9043994,-6.4043994,-6.4043994,-7.0918994,-7.2793994,-7.4043994,-7.7793994,-7.8418994,-7.9043994,-8.154399,-8.154399,-8.216899,-8.216899,-8.279399]}]}