{"seen_tokens":["Ċ","Hi","Hello","ä½łå¥½","ĠHi","I","Let","æĤ¨å¥½","æĶ¶åĪ°","ĠHello","ĊĊ","Hey","Ġreceived","Welcome","The","How","ĠĠ","Received","<|user|>","åĹ¨"],"seen_logprobs":[{"tokens":[0,1,2,3,4,5,6,7,8,9,10,11,12,13,14,15,16,17,18,19],"logprobs":[-2.2314322,-0.7314322,-1.1064322,-3.0673697,-5.325182,-5.340807,-5.4423695,-5.8017445,-5.981432,-6.3486195,-6.4736195,-7.137682,-7.575182,-8.028307,-8.059557,-8.122057,-8.293932,-8.348619,-8.387682,-8.395494]}]}