{"seen_tokens":["Ċ","Hi","Hello","ä½łå¥½","ĠHi","I","Let","æĤ¨å¥½","æĶ¶åĪ°","ĠHello","ĊĊ","Hey","Ġreceived","Welcome","The","How","ĠĠ","Received","<|user|>","åĹ¨","ìķĪ"],"seen_logprobs":[{"tokens":[0,1,2,3,4,5,6,7,8,9,10,11,12,13,14,15,16,17,18,19],"logprobs":[-2.2314322,-0.7314322,-1.1064322,-3.0673697,-5.325182,-5.340807,-5.4423695,-5.8017445,-5.981432,-6.3486195,-6.4736195,-7.137682,-7.575182,-8.028307,-8.059557,-8.122057,-8.293932,-8.348619,-8.387682,-8.395494]},{"tokens":[1,2,0,3,6,5,4,7,8,9,10,11,12,14,13,15,17,16,19,18],"logprobs":[-0.72341377,-1.0984137,-2.3015387,-3.0671637,-5.2468514,-5.348414,-5.4031014,-5.832789,-5.9187264,-6.4187264,-6.551539,-7.098414,-7.504664,-7.9343514,-7.9343514,-8.074976,-8.270288,-8.278101,-8.364038,-8.387476]},{"tokens":[2,1,0,3,6,5,4,7,8,9,10,11,12,14,13,15,17,16,19,18],"logprobs":[-1.1000855,-0.72508544,-2.2875855,-3.0688355,-5.2485228,-5.3422728,-5.4047728,-5.8344603,-5.9047728,-6.4125853,-6.5375853,-7.1078978,-7.4985228,-7.9203978,-7.9438353,-8.068835,-8.287585,-8.30321,-8.381335,-8.39696]},{"tokens":[2,1,0,3,5,4,6,7,8,9,10,11,12,14,15,13,19,18,20,16],"logprobs":[-1.0824157,-0.7230407,-2.2230406,-3.308978,-5.324603,-5.512103,-5.5511656,-5.855853,-6.105853,-6.4261656,-6.8792906,-6.9261656,-7.8636656,-7.933978,-7.996478,-7.996478,-8.410541,-8.441791,-8.512103,-8.543353]}]}