{"seen_tokens":["It","How","Hello","Is","Welcome","Hi","What"," It","Its"," How","Can"," Hello","Hey","它","You","_it"," it","it","Isn","how"],"seen_logprobs":[{"tokens":[0,1,2,3,4,5,6,7,8,9,10,11,12,13,14,15,16,17,18,19],"logprobs":[-0.23814562,-1.5975206,-5.394396,-5.863146,-6.785021,-7.925646,-8.316271,-9.206896,-9.206896,-9.378771,-10.800646,-11.511583,-11.761583,-11.769396,-11.847521,-11.910021,-12.191271,-12.433458,-12.550646,-12.589708]}]}