{"seen_tokens":["It","How","Hello","Is","Welcome","Hi","What"," It","Its"," How","Can"," Hello","Hey","它","You","_it"," it","it","Isn","how","(It"],"seen_logprobs":[{"tokens":[0,1,2,3,4,5,6,7,8,9,10,11,12,13,14,15,16,17,18,19],"logprobs":[-0.23814562,-1.5975206,-5.394396,-5.863146,-6.785021,-7.925646,-8.316271,-9.206896,-9.206896,-9.378771,-10.800646,-11.511583,-11.761583,-11.769396,-11.847521,-11.910021,-12.191271,-12.433458,-12.550646,-12.589708]},{"tokens":[0,1,2,3,4,5,6,7,8,9,10,11,12,14,15,13,16,17,18,20],"logprobs":[-0.22703013,-1.6332802,-5.5551553,-6.2114053,-6.9145303,-8.117655,-8.22703,-9.148905,-9.367655,-9.38328,-10.57078,-11.680155,-11.805155,-11.953592,-11.953592,-11.969217,-12.10203,-12.437967,-12.594217,-12.680155]},{"tokens":[0,1,2,3,4,5,6,7,8,9,10,11,13,15,12,14,16,17,18,20],"logprobs":[-0.17721985,-1.8647199,-5.67722,-6.067845,-6.98972,-8.239719,-8.567844,-9.208469,-9.286594,-9.708469,-10.763157,-11.825657,-11.903782,-11.950657,-11.981907,-12.028782,-12.255344,-12.442844,-12.567844,-12.606907]}]}