{"seen_tokens":["How","It","Hello","Hi","What","Welcome","I","hello"," Hello","Hey","You","how","However","it","If"," How","HI","Greetings"," Hi","Is"],"seen_logprobs":[{"tokens":[0,1,2,3,4,5,6,7,8,9,10,11,12,13,14,15,16,17,18,19],"logprobs":[-0.2889632,-1.7889632,-2.6639633,-4.2889633,-8.163963,-9.288963,-10.663963,-11.163963,-12.726463,-12.976463,-13.288963,-13.726463,-13.976463,-14.413963,-14.538963,-14.663963,-14.726463,-14.851463,-14.976463,-14.976463]}]}