{"seen_tokens":["It","I","The","Lo","Ap"],"seen_logprobs":[{"tokens":[0,1,2,3,4],"logprobs":[-0.10475097,-3.5422475,-3.5734975,-4.4328675,-4.4797425]}]}