{"seen_tokens":["Hello","Hi","Good","Hey"," Hello","How","hello","Hell","Greetings",">Hello","\n","Howdy","What","Hola","Well","﻿","​​","\\","Hallo","​"],"seen_logprobs":[{"tokens":[0,1,2,3,4,5,6,7,8,9,10,11,12,13,14,15,16,17,18,19],"logprobs":[-0.000021531068,-10.750022,-16.750021,-17.250021,-17.500021,-21.375021,-21.500021,-21.875021,-22.375021,-23.250021,-24.000021,-24.500021,-24.750021,-24.750021,-24.875021,-25.500021,-25.500021,-26.000021,-26.125021,-26.250021]}]}