{"seen_tokens":["The","Hmm","This","We","Okay","I","用户","Alright","User","Let","\"","嗯","Got","I've","What","Hello","It","Here's","You","我们","I'm","So","我"],"seen_logprobs":[{"tokens":[0,1,2,3,4,5,6,7,8,9,10,11,12,13,14,15,16,17,18,19],"logprobs":[-0.10171869,-3.2267187,-4.101719,-4.226719,-5.101719,-5.226719,-5.476719,-6.851719,-6.976719,-6.976719,-7.101719,-7.101719,-7.726719,-7.726719,-7.976719,-8.101719,-8.101719,-8.226719,-8.351719,-8.476719]},{"tokens":[0,1,3,5,2,4,6,8,12,13,7,11,9,20,10,21,22,14,18,16],"logprobs":[-0.14905939,-2.6490593,-4.0240593,-4.2740593,-4.3990593,-5.2740593,-5.3990593,-6.7740593,-6.8990593,-7.1490593,-7.1490593,-7.1490593,-7.1490593,-7.3990593,-7.5240593,-7.5240593,-7.6490593,-7.6490593,-7.7740593,-7.8990593]}]}