{"seen_tokens":["The","Hmm","This","We","Okay","I","用户","Alright","User","Let","\"","嗯","Got","I've","What","Hello","It","Here's","You","我们"],"seen_logprobs":[{"tokens":[0,1,2,3,4,5,6,7,8,9,10,11,12,13,14,15,16,17,18,19],"logprobs":[-0.10171869,-3.2267187,-4.101719,-4.226719,-5.101719,-5.226719,-5.476719,-6.851719,-6.976719,-6.976719,-7.101719,-7.101719,-7.726719,-7.726719,-7.976719,-8.101719,-8.101719,-8.226719,-8.351719,-8.476719]}]}