{"seen_tokens":["Hello","你好","Hi","","好的","How","嗨","Hey","打招呼","您好"," Hello","H","hello","What","こ","你","He","!","I"," Hi"],"seen_logprobs":[{"tokens":[0,1,2,3,4,5,6,7,8,9,10,11,12,13,14,15,16,17,18,19],"logprobs":[-0.42149937,-1.1714994,-3.4214993,-7.5464993,-8.671499,-8.796499,-8.921499,-9.671499,-9.796499,-10.171499,-10.421499,-10.546499,-11.046499,-11.546499,-11.796499,-11.796499,-11.796499,-11.921499,-11.921499,-11.921499]}]}