{"seen_tokens":["Hello","你好","Hi","","好的","How","嗨","Hey","打招呼","您好"," Hello","H","hello","What","こ","你","He","!","I"," Hi","哈","大家好","Can","Gre"],"seen_logprobs":[{"tokens":[0,1,2,3,4,5,6,7,8,9,10,11,12,13,14,15,16,17,18,19],"logprobs":[-0.42149937,-1.1714994,-3.4214993,-7.5464993,-8.671499,-8.796499,-8.921499,-9.671499,-9.796499,-10.171499,-10.421499,-10.546499,-11.046499,-11.546499,-11.796499,-11.796499,-11.796499,-11.921499,-11.921499,-11.921499]},{"tokens":[0,1,2,6,3,5,7,20,4,11,17,9,8,13,21,10,16,12,15,22],"logprobs":[-0.7260152,-0.7260152,-3.476015,-7.726015,-8.226015,-8.351015,-9.476015,-9.601015,-9.976015,-10.226015,-10.726015,-10.851015,-10.976015,-11.101015,-11.101015,-11.101015,-11.476015,-11.476015,-11.851015,-11.976015]},{"tokens":[1,0,2,3,6,9,5,4,7,11,10,21,19,8,12,23,16,18,17,15],"logprobs":[-0.48825246,-1.1132524,-2.8632524,-8.613253,-8.988253,-9.738253,-9.738253,-10.113253,-10.363253,-10.613253,-10.738253,-10.738253,-11.113253,-11.238253,-11.488253,-11.613253,-11.863253,-11.863253,-11.863253,-11.988253]}]}