{"seen_tokens":["The","Hmm","1","Okay","Let","\n","I","This","Here","It","User","Got","嗯","Hello","Alright","Sorry","You","**","Looking","'"],"seen_logprobs":[{"tokens":[0,1,2,3,4,5,6,7,8,9,10,11,12,13,14,15,16,17,18,19],"logprobs":[-0.52089214,-1.9271421,-1.9896421,-3.2865171,-3.6380796,-3.7162046,-5.3568296,-5.958392,-6.020892,-6.2787046,-6.302142,-6.3880796,-6.505267,-6.6849546,-6.7162046,-6.974017,-7.0130796,-7.052142,-7.145892,-7.1849546]}]}