{"seen_tokens":["Let","The","1","Hmm","收到","Okay","Hi","Checking","Looking","Hello","Alright","Got","\n","I","Seeing","So","Here","User","This","Oh"],"seen_logprobs":[{"tokens":[0,1,2,3,4,5,6,7,8,9,10,11,12,13,14,15,16,17,18,19],"logprobs":[-0.14465678,-2.8634067,-3.5977817,-4.3477817,-5.199344,-5.230594,-5.5821567,-5.6134067,-6.089969,-6.277469,-6.636844,-6.7852817,-6.839969,-7.043094,-7.105594,-7.1134067,-7.3165317,-7.324344,-7.402469,-7.6915317]}]}