{"seen_tokens":["It","Since","Depending","Please","You","How","I"," It"," it","Because","Whether","As","**","If","Thinking","Assuming","Did","Hello","Looking","Do","Everything"],"seen_logprobs":[{"tokens":[0,1,2,3,4,5,6,7,8,9,10,11,12,13,14,15,16,17,18,19],"logprobs":[-0.004097282,-5.7540975,-7.6290975,-8.754097,-9.004097,-9.879097,-10.254097,-10.254097,-11.879097,-12.441597,-12.816597,-12.816597,-12.941597,-13.441597,-13.504097,-13.691597,-13.816597,-14.129097,-14.754097,-14.754097]},{"tokens":[0,1,2,3,4,5,6,7,8,9,12,11,10,13,14,15,16,17,19,20],"logprobs":[-0.0032901224,-6.00329,-7.87829,-8.62829,-9.00329,-10.12829,-10.25329,-10.37829,-11.87829,-12.69079,-12.94079,-12.94079,-13.12829,-13.62829,-13.75329,-13.94079,-13.94079,-14.19079,-14.62829,-14.81579]},{"tokens":[0,1,2,3,4,6,5,7,8,9,11,10,12,14,13,16,15,17,19,18],"logprobs":[-0.003687845,-5.878688,-7.753688,-8.753688,-8.878688,-10.003688,-10.003688,-10.253688,-11.753688,-12.503688,-12.753688,-12.941188,-12.941188,-13.566188,-13.566188,-13.878688,-13.941188,-14.003688,-14.566188,-14.628688]}]}