{"seen_tokens":["It","Since","Depending","Please","You","How","I"," It"," it","Because","Whether","As","**","If","Thinking","Assuming","Did","Hello","Looking","Do"],"seen_logprobs":[{"tokens":[0,1,2,3,4,5,6,7,8,9,10,11,12,13,14,15,16,17,18,19],"logprobs":[-0.004097282,-5.7540975,-7.6290975,-8.754097,-9.004097,-9.879097,-10.254097,-10.254097,-11.879097,-12.441597,-12.816597,-12.816597,-12.941597,-13.441597,-13.504097,-13.691597,-13.816597,-14.129097,-14.754097,-14.754097]}]}