{"seen_tokens":["<think>","The",".The","1","<|tool_call_begin|>","</think>"," The","<|im_end|>",".\n","\"The",".","\n","Hi",",",">The","g","Hello","-The","Hey","0","o","ng","a","ong"],"seen_logprobs":[{"tokens":[0,1,2,3,4,5,6,7,8,9,10,11,12,13,14,15,16,17,18,19],"logprobs":[0.0,-20.3125,-25.0,-25.8125,-25.875,-26.125,-26.3125,-26.5625,-26.875,-27.1875,-27.1875,-27.25,-27.53125,-27.875,-28.125,-28.15625,-28.25,-28.34375,-28.46875,-28.625]},{"tokens":[0,1,4,2,3,5,7,6,10,9,11,20,8,21,13,12,14,15,22,23],"logprobs":[0.0,-21.6875,-25.875,-26.125,-26.375,-26.5,-27.0,-27.3125,-28.0625,-28.125,-28.125,-28.53125,-28.59375,-28.6875,-28.9375,-29.0,-29.0,-29.03125,-29.03125,-29.34375]}]}