{"seen_tokens":["<think>","The",".The","1","<|tool_call_begin|>","</think>"," The","<|im_end|>",".\n","\"The",".","\n","Hi",",",">The","g","Hello","-The","Hey","0"],"seen_logprobs":[{"tokens":[0,1,2,3,4,5,6,7,8,9,10,11,12,13,14,15,16,17,18,19],"logprobs":[0.0,-20.3125,-25.0,-25.8125,-25.875,-26.125,-26.3125,-26.5625,-26.875,-27.1875,-27.1875,-27.25,-27.53125,-27.875,-28.125,-28.15625,-28.25,-28.34375,-28.46875,-28.625]}]}