{"seen_tokens":["It","\"","You","If","Please","How","Since","To","Is","In","I","Depending","'","**","The","`","As","X","What","Your"," It"],"seen_logprobs":[{"tokens":[0,1,2,3,4,5,6,7,8,9,10,11,12,13,14,15,16,17,18,19],"logprobs":[-0.000030755524,-11.6875305,-12.1250305,-12.1875305,-13.1250305,-13.1250305,-13.2500305,-13.8125305,-14.1875305,-14.2500305,-14.3125305,-14.7500305,-14.9375305,-15.0625305,-15.3125305,-15.4375305,-15.5000305,-15.6875305,-15.8125305,-15.9687805]},{"tokens":[0,1,2,3,5,4,6,8,7,10,9,12,11,13,15,14,18,17,16,20],"logprobs":[-0.000026702524,-11.812527,-12.312527,-12.375027,-12.812527,-13.375027,-13.812527,-14.062527,-14.062527,-14.250027,-14.875027,-15.000027,-15.000027,-15.312527,-15.375027,-15.500027,-15.687527,-15.750027,-15.875027,-16.156277]},{"tokens":[0,1,3,2,4,5,6,7,8,10,12,11,9,13,14,15,16,17,18,20],"logprobs":[-0.000030159496,-11.7500305,-12.0625305,-12.1250305,-13.0000305,-13.0625305,-13.6250305,-13.7500305,-14.1875305,-14.5625305,-14.8750305,-14.8750305,-14.8750305,-15.0625305,-15.3750305,-15.5625305,-15.6875305,-15.8750305,-16.06253,-16.21878]},{"tokens":[0,1,2,3,4,5,6,7,8,10,9,12,11,15,14,16,13,17,18,20],"logprobs":[-0.00003325884,-11.500033,-12.125033,-12.312533,-12.875033,-12.937533,-13.125033,-13.687533,-14.250033,-14.250033,-14.437533,-14.812533,-14.875033,-15.250033,-15.250033,-15.312533,-15.437533,-15.812533,-15.875033,-16.031282]}]}