{"seen_tokens":["It","\"","You","If","Please","How","Since","To","Is","In","I","Depending","'","**","The","`","As","X","What","Your"],"seen_logprobs":[{"tokens":[0,1,2,3,4,5,6,7,8,9,10,11,12,13,14,15,16,17,18,19],"logprobs":[-0.000030755524,-11.6875305,-12.1250305,-12.1875305,-13.1250305,-13.1250305,-13.2500305,-13.8125305,-14.1875305,-14.2500305,-14.3125305,-14.7500305,-14.9375305,-15.0625305,-15.3125305,-15.4375305,-15.5000305,-15.6875305,-15.8125305,-15.9687805]}]}