{"seen_tokens":["It","\"","You","If","Please","How","Since","To","Is","In","I","Depending","'","**","The","`","As","X","What","Your"," It"],"seen_logprobs":[{"tokens":[0,1,2,3,4,5,6,7,8,9,10,11,12,13,14,15,16,17,18,19],"logprobs":[-0.000030755524,-11.6875305,-12.1250305,-12.1875305,-13.1250305,-13.1250305,-13.2500305,-13.8125305,-14.1875305,-14.2500305,-14.3125305,-14.7500305,-14.9375305,-15.0625305,-15.3125305,-15.4375305,-15.5000305,-15.6875305,-15.8125305,-15.9687805]},{"tokens":[0,1,2,3,5,4,6,8,7,10,9,12,11,13,15,14,18,17,16,20],"logprobs":[-0.000026702524,-11.812527,-12.312527,-12.375027,-12.812527,-13.375027,-13.812527,-14.062527,-14.062527,-14.250027,-14.875027,-15.000027,-15.000027,-15.312527,-15.375027,-15.500027,-15.687527,-15.750027,-15.875027,-16.156277]}]}