{"seen_tokens":["A","It","Your","The","Quite"," Quite","Just","That","Respond"," quite","quite","Analy","You","I","Interesting"," A","Since","What","Rather","Our"],"seen_logprobs":[{"tokens":[0,1,2,3,4,5,6,7,8,9,10,11,12,13,14,15,16,17,18,19],"logprobs":[-0.28384733,-1.5338473,-3.6588473,-5.2838473,-7.6588473,-9.783848,-12.096348,-12.346348,-12.596348,-12.658848,-12.846348,-12.971348,-13.408848,-13.471348,-13.783848,-13.783848,-13.783848,-13.846348,-14.033848,-14.408848]}]}