{"seen_tokens":["Hello","Hi","!","(","%","'","-","#",")","&","\"",".","2","1","/","0",",","$","*","+","3"],"seen_logprobs":[{"tokens":[0,1,2,3,4,5,6,7,8,9,10,11,12,13,14,15,16,17,18,19],"logprobs":[-0.10185726,-2.3346796,-9999.0,-9999.0,-9999.0,-9999.0,-9999.0,-9999.0,-9999.0,-9999.0,-9999.0,-9999.0,-9999.0,-9999.0,-9999.0,-9999.0,-9999.0,-9999.0,-9999.0,-9999.0]},{"tokens":[0,1,12,15,18,19,2,10,16,4,14,3,5,6,11,7,17,8,13,9],"logprobs":[-0.25746164,-1.482855,-9999.0,-9999.0,-9999.0,-9999.0,-9999.0,-9999.0,-9999.0,-9999.0,-9999.0,-9999.0,-9999.0,-9999.0,-9999.0,-9999.0,-9999.0,-9999.0,-9999.0,-9999.0]},{"tokens":[0,1,17,8,18,12,14,16,5,3,2,9,6,11,10,19,7,4,15,13],"logprobs":[-0.14990395,-1.9717767,-9999.0,-9999.0,-9999.0,-9999.0,-9999.0,-9999.0,-9999.0,-9999.0,-9999.0,-9999.0,-9999.0,-9999.0,-9999.0,-9999.0,-9999.0,-9999.0,-9999.0,-9999.0]},{"tokens":[0,9,10,6,17,5,2,13,16,7,4,8,20,15,18,3,11,14,12,19],"logprobs":[0.0,-9999.0,-9999.0,-9999.0,-9999.0,-9999.0,-9999.0,-9999.0,-9999.0,-9999.0,-9999.0,-9999.0,-9999.0,-9999.0,-9999.0,-9999.0,-9999.0,-9999.0,-9999.0,-9999.0]}]}