{"seen_tokens":["Hello","It","Hi","您好","你好","How","hello","Hey","You","Hallo","I","x","What","The","こんにちは","Could","您"," Hello","Sure","Please"],"seen_logprobs":[{"tokens":[0,1,2,3,4,5,6,7,8,9,10,11,12,13,14,15,16,17,18,19],"logprobs":[-0.06302701,-2.813027,-7.938027,-8.688027,-9.063027,-9.188027,-9.313027,-10.188027,-10.438027,-10.688027,-10.688027,-11.063027,-11.188027,-11.313027,-11.938027,-11.938027,-12.188027,-12.313027,-12.438027,-12.438027]}]}