{"seen_tokens":["It","I","There","As","Sure","You","Could","Without","To","Unfortunately","Hello","The","Can","In","Is","Nothing","Please","X","x","No","If"],"seen_logprobs":[{"tokens":[0,1,2,3,4,5,6,7,8,9,10,11,12,13,14,15,16,17,18,19],"logprobs":[-1.3059624,-1.4309624,-2.0559626,-2.6809626,-2.9309626,-3.1809626,-3.5559626,-3.6809626,-3.8059626,-4.0559626,-4.1809626,-4.3684626,-4.4934626,-4.9934626,-5.1184626,-5.3684626,-5.6184626,-5.7434626,-5.9934626,-6.1184626]},{"tokens":[0,1,2,3,4,5,6,7,8,9,10,12,11,13,14,15,16,17,18,20],"logprobs":[-1.3058534,-1.4308534,-2.0558534,-2.6808534,-2.9308534,-3.1808534,-3.5558534,-3.6808534,-3.8058534,-4.0558534,-4.1808534,-4.4308534,-4.4308534,-4.9933534,-5.1183534,-5.4308534,-5.5558534,-5.8058534,-5.9308534,-6.1183534]}]}