{"seen_tokens":["Hello",",","\n","Hi","\n\n","👋",":","Hey",",\n","Greetings"," Hello","!",">Hello","hello","Welcome","G","How","Good",",\n\n","I","你好"],"seen_logprobs":[{"tokens":[0,1,2,3,4,5,6,7,8,9,10,11,12,13,14,15,16,17,18,19],"logprobs":[-0.015502074,-4.640502,-5.640502,-6.640502,-8.015502,-8.890502,-8.890502,-10.265502,-10.390502,-10.515502,-10.640502,-10.640502,-11.140502,-11.390502,-11.515502,-11.890502,-12.140502,-12.265502,-12.390502,-12.578002]},{"tokens":[0,1,2,3,4,5,6,7,9,10,8,11,13,12,14,16,17,15,20,18],"logprobs":[-0.015624137,-4.640624,-5.640624,-6.640624,-7.640624,-8.890624,-9.515624,-9.890624,-10.265624,-10.640624,-10.640624,-10.765624,-11.015624,-11.265624,-11.390624,-11.640624,-11.765624,-11.890624,-12.265624,-12.265624]},{"tokens":[0,1,2,3,4,5,6,7,9,8,10,11,13,12,14,16,17,15,20,18],"logprobs":[-0.017145857,-4.6421456,-5.3921456,-6.3921456,-7.7671456,-8.267146,-9.142146,-9.767146,-10.267146,-10.392146,-10.517146,-10.642146,-10.892146,-11.017146,-11.267146,-11.642146,-11.767146,-11.767146,-12.142146,-12.142146]}]}