{"seen_tokens":["It","\"","You","If","How","Please","Since","Is","To","I","In","Depending","'","The","**","X","As","`","What"," It"],"seen_logprobs":[{"tokens":[0,1,2,3,4,5,6,7,8,9,10,11,12,13,14,15,16,17,18,19],"logprobs":[-0.000036715788,-11.437536,-11.750036,-12.062536,-12.812536,-13.250036,-13.562536,-13.812536,-13.875036,-14.437536,-14.500036,-14.687536,-14.937536,-15.062536,-15.062536,-15.125036,-15.250036,-15.687536,-15.812536,-16.125036]},{"tokens":[0,1,2,3,4,5,6,7,8,9,10,11,14,12,13,16,17,15,18,19],"logprobs":[-0.00003397407,-11.375034,-12.062534,-12.187534,-13.000034,-13.250034,-13.375034,-13.937534,-14.000034,-14.500034,-14.500034,-14.687534,-14.812534,-14.875034,-15.125034,-15.437534,-15.500034,-15.687534,-15.875034,-16.125034]}]}