{"seen_tokens":["Hello","Hi","你好","Hey","I","Bonjour","H","¡",">Hello","How"," Hello","**","Greetings","Hola","hi"," Hi","1","!","您好","hello","Здравствуйте","_hello","Hallo","こんにちは","Hell"],"seen_logprobs":[{"tokens":[0,1,2,3,4,5,6,7,8,9,10,11,12,13,14,15,16,17,18,19],"logprobs":[-0.5762376,-0.8262376,-9.326238,-9.326238,-10.201238,-11.451238,-11.451238,-12.076238,-12.076238,-12.326238,-12.326238,-12.451238,-12.513738,-12.638738,-12.763738,-13.013738,-13.076238,-13.326238,-13.388738,-13.513738]},{"tokens":[0,1,10,3,8,2,19,9,6,4,13,18,20,21,7,22,5,23,24,14],"logprobs":[-0.004081492,-5.5040817,-13.629082,-14.379082,-14.754082,-14.879082,-15.629082,-15.754082,-16.754082,-17.254082,-17.504082,-17.629082,-17.754082,-18.004082,-18.379082,-18.504082,-18.629082,-18.754082,-19.066582,-19.066582]}]}