{"seen_tokens":["Hello","Hi","你好","Hey","I","Bonjour","H","¡",">Hello","How"," Hello","**","Greetings","Hola","hi"," Hi","1","!","您好","hello"],"seen_logprobs":[{"tokens":[0,1,2,3,4,5,6,7,8,9,10,11,12,13,14,15,16,17,18,19],"logprobs":[-0.5762376,-0.8262376,-9.326238,-9.326238,-10.201238,-11.451238,-11.451238,-12.076238,-12.076238,-12.326238,-12.326238,-12.451238,-12.513738,-12.638738,-12.763738,-13.013738,-13.076238,-13.326238,-13.388738,-13.513738]}]}