{"seen_tokens":["Hello","Hi","Hey","Greetings",",","hello","How","Good","Welcome","I","!","What"," Hello","Hola","hi","Bonjour",":","There","G","Hallo"],"seen_logprobs":[{"tokens":[0,1,2,3,4,5,6,7,8,9,10,11,12,13,14,15,16,17,18,19],"logprobs":[-0.006709902,-5.38171,-7.69421,-7.88171,-8.25671,-8.56921,-8.88171,-8.94421,-9.25671,-10.31921,-10.63171,-10.88171,-11.06921,-11.13171,-11.38171,-11.50671,-11.50671,-11.50671,-11.56921,-11.63171]}]}