{"seen_tokens":["Hello","Hi","Hey","Greetings",",","hello","How","Good","Welcome","I","!","What"," Hello","Hola","hi","Bonjour",":","There","G","Hallo","It"],"seen_logprobs":[{"tokens":[0,1,2,3,4,5,6,7,8,9,10,11,12,13,14,15,16,17,18,19],"logprobs":[-0.006709902,-5.38171,-7.69421,-7.88171,-8.25671,-8.56921,-8.88171,-8.94421,-9.25671,-10.31921,-10.63171,-10.88171,-11.06921,-11.13171,-11.38171,-11.50671,-11.50671,-11.50671,-11.56921,-11.63171]},{"tokens":[0,1,2,3,4,5,6,7,8,9,10,11,12,13,14,16,15,17,18,19],"logprobs":[-0.006801904,-5.381802,-7.756802,-7.881802,-8.006802,-8.569302,-8.819302,-8.881802,-9.131802,-10.256802,-10.506802,-10.819302,-11.131802,-11.131802,-11.319302,-11.319302,-11.381802,-11.569302,-11.569302,-11.631802]},{"tokens":[0,1,2,3,4,5,6,7,8,9,11,10,12,13,16,14,18,15,19,20],"logprobs":[-0.007559148,-5.2575593,-7.6325593,-7.8200593,-8.070059,-8.570059,-8.695059,-8.757559,-9.132559,-10.132559,-10.695059,-10.695059,-11.007559,-11.070059,-11.195059,-11.257559,-11.445059,-11.445059,-11.507559,-11.632559]}]}