{"seen_tokens":["Hello","How","It","Hi","Welcome","What","Is","However","Can"," Hello","Hey","Greetings"," How","Hola"," Hi","Good","This","how","My","Unfortunately"],"seen_logprobs":[{"tokens":[0,1,2,3,4,5,6,7,8,9,10,11,12,13,14,15,16,17,18,19],"logprobs":[-1.6121559,-0.23715587,-4.862156,-5.987156,-7.487156,-7.612156,-8.737156,-9.487156,-10.237156,-10.987156,-10.987156,-11.362156,-11.987156,-12.862156,-12.987156,-13.049656,-13.112156,-13.112156,-13.174656,-13.237156]},{"tokens":[1,0,2,3,4,5,6,7,8,9,10,11,12,13,14,15,16,17,18,19],"logprobs":[-0.23715587,-1.6121559,-4.862156,-5.987156,-7.487156,-7.612156,-8.737156,-9.487156,-10.237156,-10.987156,-10.987156,-11.362156,-11.987156,-12.862156,-12.987156,-13.049656,-13.112156,-13.112156,-13.174656,-13.237156]}]}