{"seen_tokens":["Hello","How","It","Hi","Welcome","What","Is","However","Can"," Hello","Hey","Greetings"," How","Hola"," Hi","Good","This","how","My","Unfortunately"],"seen_logprobs":[{"tokens":[0,1,2,3,4,5,6,7,8,9,10,11,12,13,14,15,16,17,18,19],"logprobs":[-1.6121559,-0.23715587,-4.862156,-5.987156,-7.487156,-7.612156,-8.737156,-9.487156,-10.237156,-10.987156,-10.987156,-11.362156,-11.987156,-12.862156,-12.987156,-13.049656,-13.112156,-13.112156,-13.174656,-13.237156]},{"tokens":[1,0,2,3,4,5,6,7,8,9,10,11,12,13,14,15,16,17,18,19],"logprobs":[-0.23715587,-1.6121559,-4.862156,-5.987156,-7.487156,-7.612156,-8.737156,-9.487156,-10.237156,-10.987156,-10.987156,-11.362156,-11.987156,-12.862156,-12.987156,-13.049656,-13.112156,-13.112156,-13.174656,-13.237156]},{"tokens":[1,0,2,3,5,4,6,7,8,9,10,11,12,13,14,15,16,17,19,18],"logprobs":[-0.23730068,-1.6123006,-4.862301,-5.987301,-7.362301,-7.487301,-8.737301,-9.487301,-10.237301,-10.987301,-10.987301,-11.237301,-11.987301,-12.862301,-12.862301,-12.924801,-13.049801,-13.049801,-13.174801,-13.174801]},{"tokens":[1,0,2,3,5,4,6,7,8,9,10,11,12,13,14,17,15,16,19,18],"logprobs":[-0.21217926,-1.7121793,-4.962179,-6.087179,-7.462179,-7.587179,-8.837179,-9.462179,-10.337179,-10.962179,-10.962179,-11.337179,-11.962179,-12.899679,-12.962179,-13.087179,-13.087179,-13.212179,-13.212179,-13.274679]}]}