{"seen_tokens":["It","Since","Depending","**","Please","You","How","I","Assuming"," It","Thinking","Because","Looking","If","x","Did","Do","As","Detailed","Could","?","Is","The","X"],"seen_logprobs":[{"tokens":[0,1,2,3,4,5,6,7,8,9,10,11,12,13,14,15,16,17,18,19],"logprobs":[-0.0017450119,-6.876745,-7.501745,-9.439245,-10.251745,-11.376745,-12.251745,-12.314245,-12.314245,-12.689245,-12.814245,-13.876745,-14.064245,-14.064245,-14.064245,-14.314245,-14.314245,-14.376745,-14.376745,-14.501745]},{"tokens":[0,1,2,4,6,5,3,7,20,11,17,13,10,14,21,22,23,15,16,8],"logprobs":[-0.26826143,-1.5182614,-4.3932614,-6.6432614,-6.7682614,-7.3932614,-8.018261,-9.580761,-9.643261,-9.643261,-10.080761,-10.393261,-10.580761,-10.893261,-11.080761,-11.330761,-11.393261,-11.393261,-11.518261,-11.768261]}]}