{"seen_tokens":["It","Since","Depending","**","Please","You","How","I","Assuming"," It","Thinking","Because","Looking","If","x","Did","Do","As","Detailed","Could"],"seen_logprobs":[{"tokens":[0,1,2,3,4,5,6,7,8,9,10,11,12,13,14,15,16,17,18,19],"logprobs":[-0.0017450119,-6.876745,-7.501745,-9.439245,-10.251745,-11.376745,-12.251745,-12.314245,-12.314245,-12.689245,-12.814245,-13.876745,-14.064245,-14.064245,-14.064245,-14.314245,-14.314245,-14.376745,-14.376745,-14.501745]}]}