{"seen_tokens":["▁Hello","▁Hi","▁Hey","▁How","▁Can","▁What","▁I","▁There","▁Sure","▁Welcome","▁Are","▁Yes","▁You","▁Could","▁H","▁Please","▁Is","▁!","▁Sorry","▁Do","▁Help"],"seen_logprobs":[{"tokens":[0,1,2,3,4,5,6,7,8,9,10,11,12,13,14,15,16,17,18,19],"logprobs":[-0.15320033,-3.1532004,-3.4032004,-3.6532004,-3.9032004,-5.4657,-5.5282,-5.6532,-6.6532,-7.5282,-7.7782,-7.8407,-8.0282,-8.2782,-8.4032,-8.4032,-8.4032,-8.4657,-8.4657,-8.6532]},{"tokens":[0,4,3,1,2,6,5,7,9,8,10,11,12,13,16,17,14,15,18,20],"logprobs":[-0.19782574,-3.0728257,-3.0728257,-3.3228257,-3.6978257,-4.885326,-5.197826,-5.760326,-7.010326,-7.197826,-7.510326,-7.572826,-7.572826,-7.760326,-7.822826,-7.947826,-7.947826,-8.072825,-8.260325,-8.447825]},{"tokens":[3,0,1,2,4,5,6,7,8,9,10,11,12,13,14,15,16,17,18,19],"logprobs":[-3.6532004,-0.15320033,-3.1532004,-3.4032004,-3.9032004,-5.4657,-5.5282,-5.6532,-6.6532,-7.5282,-7.7782,-7.8407,-8.0282,-8.2782,-8.4032,-8.4032,-8.4032,-8.4657,-8.4657,-8.6532]}]}