{"seen_tokens":["▁Hello","▁Hi","▁Hey","▁How","▁Can","▁What","▁I","▁There","▁Sure","▁Welcome","▁Are","▁Yes","▁You","▁Could","▁H","▁Please","▁Is","▁!","▁Sorry","▁Do"],"seen_logprobs":[{"tokens":[0,1,2,3,4,5,6,7,8,9,10,11,12,13,14,15,16,17,18,19],"logprobs":[-0.15320033,-3.1532004,-3.4032004,-3.6532004,-3.9032004,-5.4657,-5.5282,-5.6532,-6.6532,-7.5282,-7.7782,-7.8407,-8.0282,-8.2782,-8.4032,-8.4032,-8.4032,-8.4657,-8.4657,-8.6532]}]}