{"seen_tokens":["你","你好","您","It","You","它","The","Hello","x","Hi","请","可以","###","こんにちは","它们","Welcome","Hey","当然","好的","you"],"seen_logprobs":[{"tokens":[0,1,2,3,4,5,6,7,8,9,10,11,12,13,14,15,16,17,18,19],"logprobs":[-3.4700246,-0.28252453,-2.3450246,-3.0950246,-3.1575246,-4.9700246,-5.3450246,-5.4700246,-6.5950246,-6.8450246,-7.9075246,-7.9075246,-8.220024,-8.282524,-8.345024,-8.470024,-8.532524,-8.782524,-8.782524,-9.032524]},{"tokens":[1,2,3,4,0,5,6,7,8,9,10,11,12,13,14,15,16,17,18,19],"logprobs":[-0.28252453,-2.3450246,-3.0950246,-3.1575246,-3.4700246,-4.9700246,-5.3450246,-5.4700246,-6.5950246,-6.8450246,-7.9075246,-7.9075246,-8.220024,-8.282524,-8.345024,-8.470024,-8.532524,-8.782524,-8.782524,-9.032524]},{"tokens":[1,2,3,4,0,5,6,7,8,9,11,10,12,13,14,15,16,17,18,19],"logprobs":[-0.29684514,-2.2968452,-3.0468452,-3.1093452,-3.4218452,-4.921845,-5.296845,-5.546845,-6.546845,-6.984345,-7.859345,-7.921845,-8.234345,-8.296845,-8.359345,-8.484345,-8.609345,-8.796845,-8.796845,-8.921845]}]}