{"seen_tokens":["The","1","Okay","We","Let"],"seen_logprobs":[{"tokens":[0,1,2,3,4],"logprobs":[-0.9677328,-1.0927328,-1.9052328,-2.842733,-3.905233]}]}