{"seen_tokens":["Hey","Hello","Hi","HI","👋","你好"," Hi","こんにちは","Hola","hello"," Hey"," Hello","hey",">Hello","hi","Hallo"," hey","Sup","How"," hi"],"seen_logprobs":[{"tokens":[0,1,2,3,4,5,6,7,8,9,10,11,12,13,14,15,16,17,18,19],"logprobs":[-4.4854145,-0.4854145,-0.9854145,-14.3604145,-14.8604145,-16.235415,-16.360415,-17.110415,-17.235415,-17.235415,-17.485415,-17.610415,-17.610415,-18.360415,-18.860415,-19.110415,-19.235415,-19.860415,-20.110415,-20.235415]},{"tokens":[1,2,0,3,4,5,6,7,9,8,10,11,12,13,14,15,16,17,18,19],"logprobs":[-0.39923525,-1.1492352,-4.3992352,-14.399235,-14.649235,-16.274235,-16.399235,-17.024235,-17.024235,-17.149235,-17.399235,-17.524235,-17.524235,-18.274235,-18.774235,-19.024235,-19.149235,-19.649235,-20.024235,-20.274235]},{"tokens":[1,2,0,3,4,5,6,7,8,9,10,11,12,13,14,15,16,17,18,19],"logprobs":[-0.4854145,-0.9854145,-4.4854145,-14.3604145,-14.8604145,-16.235415,-16.360415,-17.110415,-17.235415,-17.235415,-17.485415,-17.610415,-17.610415,-18.360415,-18.860415,-19.110415,-19.235415,-19.860415,-20.110415,-20.235415]}]}