{"seen_tokens":["ya","‚ĖĀthere","!",",","‚ĖĀA","‚ĖĀAlex","‚ĖĀL","‚ĖĀC","‚ĖĀH","‚ĖĀAn","‚ĖĀN","‚ĖĀK","‚ĖĀagain","‚ĖĀM","‚ĖĀJ","‚ĖĀSoph","‚ĖĀY","‚ĖĀR","‚ĖĀCh","‚ĖĀS"],"seen_logprobs":[{"tokens":[0,1,2,3,4,5,6,7,8,9,10,11,12,13,14,15,16,17,18,19],"logprobs":[-3.8531046,-0.6031045,-2.0406046,-2.1656046,-4.4781046,-4.8531046,-5.2281046,-5.2906046,-5.4156046,-5.5406046,-5.7281046,-5.7906046,-5.7906046,-5.8531046,-5.8531046,-5.9156046,-5.9156046,-5.9781046,-6.0406046,-6.1031046]}]}