{"seen_tokens":["ya","‚ĖĀthere","!",",","‚ĖĀA","‚ĖĀAlex","‚ĖĀL","‚ĖĀC","‚ĖĀH","‚ĖĀAn","‚ĖĀN","‚ĖĀK","‚ĖĀagain","‚ĖĀM","‚ĖĀJ","‚ĖĀSoph","‚ĖĀY","‚ĖĀR","‚ĖĀCh","‚ĖĀS","‚ĖĀEm","‚ĖĀMax"],"seen_logprobs":[{"tokens":[0,1,2,3,4,5,6,7,8,9,10,11,12,13,14,15,16,17,18,19],"logprobs":[-3.8531046,-0.6031045,-2.0406046,-2.1656046,-4.4781046,-4.8531046,-5.2281046,-5.2906046,-5.4156046,-5.5406046,-5.7281046,-5.7906046,-5.7906046,-5.8531046,-5.8531046,-5.9156046,-5.9156046,-5.9781046,-6.0406046,-6.1031046]},{"tokens":[1,2,3,0,4,8,5,7,6,9,10,12,13,14,16,11,15,18,17,20],"logprobs":[-0.6398036,-1.8898036,-2.1398036,-3.7648036,-4.6398034,-4.8898034,-4.9523034,-5.2023034,-5.3898034,-5.6398034,-5.7023034,-5.7023034,-5.8273034,-5.8898034,-5.9523034,-5.9523034,-6.0148034,-6.0148034,-6.0773034,-6.1398034]},{"tokens":[2,1,3,0,4,5,8,7,6,9,12,13,16,10,15,11,14,18,21,17],"logprobs":[-1.947233,-0.634733,-2.134733,-3.447233,-4.634733,-4.947233,-5.134733,-5.259733,-5.447233,-5.509733,-5.634733,-5.759733,-5.822233,-5.822233,-5.822233,-5.884733,-5.947233,-6.072233,-6.134733,-6.134733]}]}