{"seen_tokens":["Hello","Hi","$","(","#","2",")","!",",","+","'","0","-",".","%","/","1","\"","*","&"],"seen_logprobs":[{"tokens":[0,1,2,3,4,5,6,7,8,9,10,11,12,13,14,15,16,17,18,19],"logprobs":[-0.24143906,-1.5394299,-9999.0,-9999.0,-9999.0,-9999.0,-9999.0,-9999.0,-9999.0,-9999.0,-9999.0,-9999.0,-9999.0,-9999.0,-9999.0,-9999.0,-9999.0,-9999.0,-9999.0,-9999.0]},{"tokens":[0,1,2,13,14,7,17,8,9,12,15,18,16,11,10,5,4,6,19,3],"logprobs":[-0.27944934,-1.4114074,-9999.0,-9999.0,-9999.0,-9999.0,-9999.0,-9999.0,-9999.0,-9999.0,-9999.0,-9999.0,-9999.0,-9999.0,-9999.0,-9999.0,-9999.0,-9999.0,-9999.0,-9999.0]},{"tokens":[0,1,9,10,7,8,3,4,14,6,16,5,2,18,19,12,13,17,15,11],"logprobs":[-0.2656799,-1.4553638,-9999.0,-9999.0,-9999.0,-9999.0,-9999.0,-9999.0,-9999.0,-9999.0,-9999.0,-9999.0,-9999.0,-9999.0,-9999.0,-9999.0,-9999.0,-9999.0,-9999.0,-9999.0]}]}