{"seen_tokens":["Hello","How","It","Hi","Is","What","Could","Hey","Looks","Can","Seems","Yes","What's","Greetings","I'm","Would","\n","Do","Good"," How"],"seen_logprobs":[{"tokens":[0,1,2,3,4,5,6,7,8,9,10,11,12,13,14,15,16,17,18,19],"logprobs":[-0.21770701,-1.967707,-3.092707,-4.655207,-7.873957,-8.092707,-8.655207,-9.561457,-11.405207,-11.498957,-12.123957,-12.967707,-13.420832,-13.545832,-13.670832,-13.780207,-13.873957,-14.342707,-14.420832,-14.686457]}]}