{"seen_tokens":["Hello","I","Hi"," Hello","你好","It","X","hello"," Hi",">Hello","The","You","Looking","您好","x","Here"," hello","Hey","_hello","This","hi"],"seen_logprobs":[{"tokens":[0,1,2,3,4,5,6,7,8,9,10,11,12,13,14,15,16,17,18,19],"logprobs":[-0.00024470675,-8.750245,-9.500245,-11.625245,-14.000245,-14.125245,-14.250245,-15.625245,-16.875244,-17.000244,-17.750244,-18.125244,-18.250244,-18.500244,-18.875244,-19.125244,-19.250244,-19.375244,-19.625244,-19.750244]},{"tokens":[0,1,2,3,5,4,6,7,8,9,10,11,15,16,12,13,17,18,19,20],"logprobs":[-0.0005065112,-8.000506,-8.750506,-11.500506,-13.500506,-14.500506,-14.875506,-15.125506,-16.250507,-16.875507,-18.000507,-18.375507,-18.750507,-18.750507,-18.875507,-19.125507,-19.375507,-19.500507,-19.625507,-19.625507]},{"tokens":[0,2,1,3,4,6,5,7,8,9,10,11,13,14,15,16,12,18,17,19],"logprobs":[-0.00020251608,-9.125202,-9.375202,-11.875202,-14.250202,-14.500202,-14.750202,-15.875202,-16.750202,-16.750202,-18.375202,-18.625202,-18.875202,-19.250202,-19.250202,-19.500202,-19.625202,-19.625202,-19.750202,-20.125202]}]}