{"seen_tokens":["Hello","I","Hi"," Hello","你好","It","X","hello"," Hi",">Hello","The","You","Looking","您好","x","Here"," hello","Hey","_hello","This"],"seen_logprobs":[{"tokens":[0,1,2,3,4,5,6,7,8,9,10,11,12,13,14,15,16,17,18,19],"logprobs":[-0.00024470675,-8.750245,-9.500245,-11.625245,-14.000245,-14.125245,-14.250245,-15.625245,-16.875244,-17.000244,-17.750244,-18.125244,-18.250244,-18.500244,-18.875244,-19.125244,-19.250244,-19.375244,-19.625244,-19.750244]}]}