{"seen_tokens":["It","Since","Depending","You","How","Please","I"," It"," it","Because","Did","As","If","Assuming","**","Thinking","Whether","Hello","Could","Looking","Everything"],"seen_logprobs":[{"tokens":[0,1,2,3,4,5,6,7,8,9,10,11,12,13,14,15,16,17,18,19],"logprobs":[-0.007653793,-5.1326537,-7.2576537,-7.5076537,-8.507654,-9.132654,-9.382654,-10.132654,-11.632654,-12.382654,-12.570154,-12.570154,-13.132654,-13.257654,-13.445154,-13.507654,-13.507654,-14.195154,-14.195154,-14.320154]},{"tokens":[0,1,4,5,3,2,6,7,8,17,11,15,9,14,10,16,13,12,19,20],"logprobs":[-0.0015699455,-7.0015697,-8.37657,-8.87657,-9.12657,-9.25157,-10.12657,-10.50157,-12.12657,-13.68907,-13.75157,-13.75157,-13.93907,-14.18907,-14.31407,-14.43907,-14.50157,-14.87657,-14.87657,-15.06407]}]}