{"seen_tokens":["token_id:198","token_id:271","token_id:88","token_id:379","token_id:319","token_id:16","token_id:13865","token_id:87","token_id:565","token_id:10899","token_id:73022","token_id:78","token_id:64","token_id:1406","token_id:83","token_id:17","token_id:63","token_id:856","token_id:872","token_id:82"],"seen_logprobs":[{"tokens":[0,1,2,3,4,5,6,7,8,9,10,11,12,13,14,15,16,17,18,19],"logprobs":[-0.000002622601,-14.000003,-14.687503,-15.312503,-16.500002,-16.625002,-16.875002,-17.062502,-17.312502,-17.312502,-17.375002,-17.375002,-17.437502,-17.562502,-17.750002,-17.875002,-17.937502,-18.000002,-18.000002,-18.062502]},{"tokens":[0,1,2,3,4,6,5,7,8,10,9,11,12,13,16,14,15,18,17,19],"logprobs":[-0.000002622601,-14.000003,-14.625003,-15.312503,-16.437502,-16.625002,-16.687502,-17.125002,-17.187502,-17.250002,-17.312502,-17.437502,-17.437502,-17.625002,-17.750002,-17.750002,-17.875002,-17.875002,-18.062502,-18.187502]},{"tokens":[0,1,2,3,4,5,6,10,7,8,9,11,12,13,16,14,18,15,17,19],"logprobs":[-0.0000027418098,-13.937503,-14.625003,-15.312503,-16.437502,-16.625002,-16.687502,-17.125002,-17.125002,-17.250002,-17.312502,-17.312502,-17.375002,-17.500002,-17.625002,-17.687502,-17.937502,-17.937502,-18.062502,-18.062502]}]}