{"seen_tokens":["<think>","The","1"," The","This","We","x","\n","</think>","o","<|tool_call_begin|>",".The","<|im_end|>","-The"," o",".\n","Okay","I","_x","7","0","\"The","2"],"seen_logprobs":[{"tokens":[0,1,2,3,4,5,6,7,8,9,10,11,12,13,14,15,16,17,18,19],"logprobs":[0.0,-17.125,-21.9375,-22.3125,-22.5625,-22.5625,-22.9375,-23.5625,-23.75,-23.875,-24.125,-24.25,-24.3125,-24.5,-24.53125,-24.71875,-24.75,-24.84375,-24.90625,-24.90625]},{"tokens":[0,1,2,6,3,18,4,7,8,11,5,9,10,12,14,15,20,21,16,13],"logprobs":[0.0,-19.1875,-23.25,-23.4375,-24.5625,-25.0,-25.0625,-25.25,-25.3125,-25.375,-25.375,-25.59375,-25.6875,-25.9375,-25.96875,-26.0,-26.1875,-26.25,-26.28125,-26.34375]},{"tokens":[0,1,2,3,6,4,5,7,20,11,9,18,8,10,14,19,15,22,21,13],"logprobs":[0.0,-17.3125,-21.3125,-22.3125,-22.375,-23.0,-23.25,-23.5625,-23.5625,-23.6875,-23.875,-23.90625,-23.96875,-24.09375,-24.3125,-24.34375,-24.4375,-24.5,-24.625,-24.78125]}]}