{"seen_tokens":["<think>","The","1"," The","This","We","x","\n","</think>","o","<|tool_call_begin|>",".The","<|im_end|>","-The"," o",".\n","Okay","I","_x","7"],"seen_logprobs":[{"tokens":[0,1,2,3,4,5,6,7,8,9,10,11,12,13,14,15,16,17,18,19],"logprobs":[0.0,-17.125,-21.9375,-22.3125,-22.5625,-22.5625,-22.9375,-23.5625,-23.75,-23.875,-24.125,-24.25,-24.3125,-24.5,-24.53125,-24.71875,-24.75,-24.84375,-24.90625,-24.90625]}]}