{"seen_tokens":["Hello","It","How","Hi","Could"],"seen_logprobs":[{"tokens":[0,1,2,3,4],"logprobs":[-0.27363294,-1.773633,-3.273633,-3.523633,-6.273633]}]}