{"seen_tokens":["Just","x","**","Got","Hey","What","What's","\"x"],"seen_logprobs":[{"tokens":[0,1,2,3,4,5,6,7],"logprobs":[-0.39353353,-2.0185335,-2.1435335,-3.2685335,-3.7685335,-5.7685337,-5.7685337,-5.7685337]},{"tokens":[1,0,2,5,7,4,3,6],"logprobs":[-0.35173318,-1.6017332,-2.7267332,-4.726733,-4.976733,-5.476733,-6.101733,-6.476733]}]}