{"seen_tokens":["<think>","ĊĊ","Ċ",".com","</think>","-ĊĊ","Â°}","ĠPress","-com","Ġ-ĊĊ","::","ç»Ĩ","à¸¸à¸Ļà¸²à¸¢à¸Ļ","xt","<|start_header_id|>",".org","ig","::|","embre",".ComponentPlacement"],"seen_logprobs":[{"tokens":[0,1,2,3,4,5,6,7,8,9,10,11,12,13,14,15,16,17,18,19],"logprobs":[-0.000006675698,-12.562507,-13.937507,-17.000006,-17.250006,-17.625006,-17.687506,-18.250006,-18.375006,-18.437506,-18.437506,-18.500006,-18.500006,-18.500006,-18.812506,-18.812506,-18.812506,-19.000006,-19.031256,-19.062506]},{"tokens":[0,1,2,3,4,5,6,7,8,12,9,11,13,10,15,16,14,18,17,19],"logprobs":[-0.000006675698,-12.562507,-13.937507,-16.937506,-17.312506,-17.625006,-17.750006,-18.187506,-18.250006,-18.500006,-18.500006,-18.500006,-18.500006,-18.562506,-18.750006,-18.812506,-18.875006,-18.875006,-19.031256,-19.125006]},{"tokens":[0,1,2,3,4,5,6,7,8,12,9,11,10,13,15,16,14,18,17,19],"logprobs":[-0.0000065564896,-12.625007,-13.937507,-16.937506,-17.312506,-17.687506,-17.750006,-18.125006,-18.312506,-18.500006,-18.500006,-18.500006,-18.500006,-18.562506,-18.750006,-18.812506,-18.875006,-18.937506,-19.031256,-19.125006]}]}