{"seen_tokens":["你好","It","Hello","你的","您好","¡","При","Hi","Could"],"seen_logprobs":[{"tokens":[0,1,2,3,4],"logprobs":[-0.03368577,-4.5336857,-4.6586857,-5.0336857,-6.2836857]},{"tokens":[0,2,5,4,1],"logprobs":[-0.08258988,-2.8325899,-4.95759,-5.70759,-5.95759]},{"tokens":[1,6,2,7,8],"logprobs":[-1.2479066,-2.2479067,-2.3729067,-2.8729067,-2.9979067]}]}