{"seen_tokens":["你好","It","Hello","你的","您好"],"seen_logprobs":[{"tokens":[0,1,2,3,4],"logprobs":[-0.03368577,-4.5336857,-4.6586857,-5.0336857,-6.2836857]}]}