{"seen_tokens":["Hello","Hi"," Hello","Hey","hello",">Hello","_hello","你好","Hola","Hallo","Greetings","您好"," Hi","H","Hell","Welcome","Hel","_HEL","HEL","He"," hello"],"seen_logprobs":[{"tokens":[0,1,2,3,4,5,6,7,8,9,10,11,12,13,14,15,16,17,18,19],"logprobs":[-0.00012396998,-9.000124,-14.500124,-17.625124,-18.625124,-19.000124,-19.250124,-19.250124,-19.750124,-20.000124,-20.125124,-22.000124,-22.000124,-22.250124,-22.375124,-22.500124,-22.625124,-23.500124,-23.750124,-23.875124]},{"tokens":[0,1,2,3,4,6,5,7,8,10,9,11,12,13,14,15,16,17,18,20],"logprobs":[-0.00007521823,-9.500075,-14.750075,-17.875074,-18.875074,-19.500074,-19.500074,-19.750074,-20.125074,-20.500074,-20.625074,-22.500074,-22.625074,-22.750074,-22.875074,-23.000074,-23.250074,-24.000074,-24.125074,-24.250074]}]}