{"seen_tokens":["Hello","Hi","It","How","Could","Hey","Looks","What","Greetings","Sure","Seems"," Hello","\"","Welcome","Yes","Good","\n","Would","Can","Got"],"seen_logprobs":[{"tokens":[0,1,2,3,4,5,6,7,8,9,10,11,12,13,14,15,16,17,18,19],"logprobs":[-0.024675786,-3.7434258,-7.462176,-9.94655,-10.243425,-10.368425,-12.399675,-13.69655,-13.743425,-14.0403,-14.19655,-14.25905,-14.3528,-14.6028,-15.00905,-15.2903,-15.368425,-15.7278,-15.743425,-15.8528]}]}