{"seen_tokens":["Hello","Hi","It","How","Could","Hey","Looks","What","Greetings","Sure","Seems"," Hello","\"","Welcome","Yes","Good","\n","Would","Can","Got","Of","Is"],"seen_logprobs":[{"tokens":[0,1,2,3,4,5,6,7,8,9,10,11,12,13,14,15,16,17,18,19],"logprobs":[-0.024675786,-3.7434258,-7.462176,-9.94655,-10.243425,-10.368425,-12.399675,-13.69655,-13.743425,-14.0403,-14.19655,-14.25905,-14.3528,-14.6028,-15.00905,-15.2903,-15.368425,-15.7278,-15.743425,-15.8528]},{"tokens":[0,1,2,3,5,4,6,7,8,9,14,13,12,11,10,15,16,20,21,18],"logprobs":[-0.025145084,-3.712645,-8.556396,-8.743896,-10.134521,-11.228271,-12.540771,-12.947021,-13.087646,-13.493896,-14.181396,-14.197021,-14.197021,-14.384521,-15.025146,-15.165771,-15.447021,-15.915771,-16.056395,-16.10327]}]}