{"seen_tokens":["Hello","It","Hi","You","Hey","How","您好","你好","hello","I","Hallo","x","Could","The","What","Please"," Hello","Your","Sure","こんにちは"],"seen_logprobs":[{"tokens":[0,1,2,3,4,5,6,7,8,9,10,11,12,13,14,15,16,17,18,19],"logprobs":[-0.051830214,-3.0205803,-6.8643303,-8.42683,-8.973705,-9.473705,-9.67683,-9.942455,-10.129955,-10.58308,-11.11433,-11.473705,-11.48933,-11.598705,-11.83308,-12.02058,-12.254955,-12.33308,-12.61433,-12.661205]},{"tokens":[0,1,2,3,4,5,6,7,8,9,10,11,12,13,14,15,16,17,18,19],"logprobs":[-0.05183089,-3.020581,-6.864331,-8.411206,-8.989331,-9.489331,-9.676831,-9.942456,-10.129956,-10.583081,-11.114331,-11.458081,-11.504956,-11.598706,-11.833081,-12.004956,-12.239331,-12.333081,-12.629956,-12.645581]}]}