{"seen_tokens":["Hello","It","Hi","You","Hey","How","您好","你好","hello","I","Hallo","x","Could","The","What","Please"," Hello","Your","Sure","こんにちは","Hola"],"seen_logprobs":[{"tokens":[0,1,2,3,4,5,6,7,8,9,10,11,12,13,14,15,16,17,18,19],"logprobs":[-0.051830214,-3.0205803,-6.8643303,-8.42683,-8.973705,-9.473705,-9.67683,-9.942455,-10.129955,-10.58308,-11.11433,-11.473705,-11.48933,-11.598705,-11.83308,-12.02058,-12.254955,-12.33308,-12.61433,-12.661205]},{"tokens":[0,1,2,3,4,5,6,7,8,9,10,11,12,13,14,15,16,17,18,19],"logprobs":[-0.05183089,-3.020581,-6.864331,-8.411206,-8.989331,-9.489331,-9.676831,-9.942456,-10.129956,-10.583081,-11.114331,-11.458081,-11.504956,-11.598706,-11.833081,-12.004956,-12.239331,-12.333081,-12.629956,-12.645581]},{"tokens":[0,1,2,3,4,6,5,7,8,9,10,11,12,13,14,15,17,19,16,20],"logprobs":[-0.0764965,-2.6389966,-6.5921216,-8.467121,-8.826496,-9.217121,-9.467121,-9.529621,-9.857746,-10.029621,-10.810871,-10.951496,-11.029621,-11.154621,-11.560871,-11.717121,-11.935871,-12.154621,-12.170246,-12.435871]},{"tokens":[0,1,2,3,4,5,6,7,8,9,10,11,12,13,14,15,16,17,18,19],"logprobs":[-0.05183089,-3.020581,-6.864331,-8.426831,-8.973706,-9.458081,-9.676831,-9.942456,-10.145581,-10.583081,-11.114331,-11.473706,-11.489331,-11.598706,-11.833081,-12.004956,-12.254956,-12.333081,-12.629956,-12.645581]}]}