{"seen_tokens":["Hello","Hi","It","How","Hey","Greetings","Seems","\n","Looks","Sure","Is","Howdy","Could"," Hello","Your","Good","Can","You","You've","What","I'm","Olá","Welcome"],"seen_logprobs":[{"tokens":[0,1,2,3,4,5,6,7,8,9,10,11,12,13,14,15,16,17,18,19],"logprobs":[-0.11067355,-2.8606734,-3.1106734,-6.6106734,-6.6106734,-9.485674,-9.860674,-9.985674,-10.860674,-10.985674,-11.610674,-11.610674,-12.110674,-12.235674,-12.735674,-12.860674,-12.860674,-12.985674,-13.110674,-13.110674]},{"tokens":[0,2,1,3,4,5,7,6,8,9,10,14,12,13,11,16,20,21,15,22],"logprobs":[-0.109573066,-2.8595731,-3.1095731,-6.859573,-7.359573,-9.609573,-10.359573,-10.984573,-11.359573,-11.484573,-12.234573,-12.234573,-12.234573,-12.359573,-12.484573,-12.859573,-13.109573,-13.484573,-13.484573,-13.484573]},{"tokens":[0,1,2,3,4,5,6,7,8,9,11,10,12,13,14,15,16,17,18,19],"logprobs":[-0.110666186,-2.8606663,-3.1106663,-6.6106663,-6.6106663,-9.485666,-9.860666,-10.110666,-10.860666,-11.110666,-11.610666,-11.610666,-12.110666,-12.235666,-12.735666,-12.860666,-12.860666,-12.985666,-13.110666,-13.235666]},{"tokens":[0,2,1,3,4,5,7,6,8,9,10,12,11,14,13,16,20,21,17,22],"logprobs":[-0.19872719,-2.1987271,-2.6987271,-6.948727,-7.198727,-9.448728,-9.823728,-10.198728,-10.573728,-10.823728,-11.698728,-11.698728,-11.948728,-12.073728,-12.323728,-12.573728,-12.823728,-13.073728,-13.198728,-13.198728]}]}