{"seen_tokens":["Hello","Hi","It","How","Hey","Greetings","Seems","\n","Looks","Sure","Is","Howdy","Could"," Hello","Your","Good","Can","You","You've","What"],"seen_logprobs":[{"tokens":[0,1,2,3,4,5,6,7,8,9,10,11,12,13,14,15,16,17,18,19],"logprobs":[-0.11067355,-2.8606734,-3.1106734,-6.6106734,-6.6106734,-9.485674,-9.860674,-9.985674,-10.860674,-10.985674,-11.610674,-11.610674,-12.110674,-12.235674,-12.735674,-12.860674,-12.860674,-12.985674,-13.110674,-13.110674]}]}