{"seen_tokens":["Hello","Hi","Hey","Good"," Hello","hello","\\xf0\\x9f\\x91","\n","Well",">Hello","Sure","Hola","​","Howdy","Greetings","How","Hallo","\\xf0\\x9f\\x8c","Welcome","HI","Hell"," hello","こんにちは","**"],"seen_logprobs":[{"tokens":[0,1,2,3,4,5,6,7,8,9,10,11,12,13,14,15,16,17,18,19],"logprobs":[-0.0032051618,-5.7532053,-10.503205,-17.128204,-17.253204,-19.503204,-20.128204,-20.378204,-20.878204,-20.878204,-21.378204,-21.628204,-21.878204,-22.003204,-22.503204,-22.878204,-22.878204,-23.003204,-23.003204,-23.128204]},{"tokens":[0,1,2,3,4,5,6,7,8,9,10,11,13,12,14,15,17,16,18,19],"logprobs":[-0.0031991082,-5.753199,-10.7532,-17.253199,-17.503199,-19.753199,-20.378199,-20.753199,-21.003199,-21.003199,-21.628199,-21.753199,-22.128199,-22.128199,-22.753199,-23.003199,-23.128199,-23.128199,-23.128199,-23.253199]},{"tokens":[0,1,2,4,3,5,6,9,11,13,8,10,7,14,16,20,21,19,22,23],"logprobs":[-0.0009162207,-7.000916,-12.2509165,-18.875916,-21.875916,-22.500916,-22.875916,-23.750916,-24.500916,-24.875916,-25.375916,-25.875916,-26.125916,-26.250916,-26.375916,-26.500916,-26.625916,-26.750916,-26.750916,-26.875916]}]}