{"seen_tokens":["Hello","Hi","Here","How","Hey","It","What","I"," Hello","x","Sure","To","That","!","\""," Hi","The","This","Content","**"],"seen_logprobs":[{"tokens":[0,1,2,3,4,5,6,7,8,9,10,11,12,13,14,15,16,17,18,19],"logprobs":[-0.03907555,-4.5390754,-5.3515754,-5.4140754,-5.5390754,-6.0390754,-6.2265754,-6.5390754,-6.9140754,-7.2265754,-7.2890754,-7.6640754,-7.7890754,-8.101576,-8.164076,-8.289076,-8.414076,-8.601576,-8.601576,-8.664076]},{"tokens":[4,0,1,2,3,5,6,7,8,9,10,11,12,13,14,15,16,17,18,19],"logprobs":[-5.5390754,-0.03907555,-4.5390754,-5.3515754,-5.4140754,-6.0390754,-6.2265754,-6.5390754,-6.9140754,-7.2265754,-7.2890754,-7.6640754,-7.7890754,-8.101576,-8.164076,-8.289076,-8.414076,-8.601576,-8.601576,-8.664076]}]}