{"seen_tokens":["Okay","Alright","好的","嗯","The"],"seen_logprobs":[{"tokens":[0,1,2,3,4],"logprobs":[-0.05414106,-3.5228877,-4.2260094,-5.1166244,-7.63206]},{"tokens":[0,1,2,3,4],"logprobs":[-0.0539868,-3.5383584,-4.2102304,-5.1008453,-7.647527]},{"tokens":[0,1,2,3,4],"logprobs":[-0.05392898,-3.5383008,-4.210172,-5.1164126,-7.616226]}]}