{"seen_tokens":["<think>","\n\n\n","I'm","I","Hello"],"seen_logprobs":[{"tokens":[0,1,2,3,4],"logprobs":[-0.00043955,-8.50044,-9.50044,-10.12544,-10.87544]},{"tokens":[0,1,2,3,4],"logprobs":[-0.00081923,-8.125819,-9.000819,-9.000819,-9.750819]}]}