{"seen_tokens":["Hello","It","Sure","Certain","Here","Welcome","To","Hey","Hi"," Hello","The","I","Of","Creating","There","Is","That","Let","How","hello"],"seen_logprobs":[{"tokens":[0,1,2,3,4,5,6,7,8,9,10,11,12,13,14,15,16,17,18,19],"logprobs":[-0.37952355,-1.9888985,-2.1138985,-3.3951485,-4.5670238,-5.4420238,-5.9420238,-6.5357738,-6.6295238,-7.6920238,-7.7857738,-7.8951488,-8.145148,-8.449836,-8.863898,-8.871711,-9.434211,-9.512336,-9.652961,-9.707648]}]}