{"seen_tokens":["Hello","Hi","{","Healthy","👋","$\\","`","Step","_","True","Template","Hey","Type"," Hello","("," sense","How","Halo","Here","Phase"],"seen_logprobs":[{"tokens":[0,1,2,3,4,5,6,7,8,9,10,11,12,13,14,15,16,17,18,19],"logprobs":[-0.0000011920922,-13.937501,-15.770753,-17.382814,-17.593752,-17.843752,-18.546877,-18.671877,-18.718752,-18.890627,-19.031252,-19.093752,-19.218752,-19.250002,-19.328127,-19.343752,-19.468752,-19.468752,-19.531252,-19.656252]}]}