{"seen_tokens":["Hello","Hi","{","Healthy","👋","$\\","`","Step","_","True","Template","Hey","Type"," Hello","("," sense","How","Halo","Here","Phase","Ass"],"seen_logprobs":[{"tokens":[0,1,2,3,4,5,6,7,8,9,10,11,12,13,14,15,16,17,18,19],"logprobs":[-0.0000011920922,-13.937501,-15.770753,-17.382814,-17.593752,-17.843752,-18.546877,-18.671877,-18.718752,-18.890627,-19.031252,-19.093752,-19.218752,-19.250002,-19.328127,-19.343752,-19.468752,-19.468752,-19.531252,-19.656252]},{"tokens":[0,1,2,3,5,4,6,9,7,8,12,11,16,10,14,19,18,20,17,15],"logprobs":[-0.0000017881378,-13.640627,-15.195314,-16.73047,-17.351564,-17.671877,-17.968752,-17.99219,-18.195314,-18.359377,-18.546877,-18.562502,-18.718752,-18.828127,-19.015627,-19.062502,-19.140627,-19.203127,-19.250002,-19.484377]},{"tokens":[0,1,2,5,3,4,6,9,7,12,14,10,11,18,19,13,8,15,16,20],"logprobs":[-0.0000017881378,-13.671877,-15.203127,-17.36719,-17.52344,-17.976564,-17.976564,-18.343752,-18.437502,-18.796877,-18.937502,-19.062502,-19.109377,-19.140627,-19.140627,-19.187502,-19.281252,-19.468752,-19.687502,-19.781252]}]}