{"seen_tokens":["It","\"","If","You","How","Please","Since","To","Is","In","I","Depending","'","**","The","X","As","`","What","Whether"],"seen_logprobs":[{"tokens":[0,1,2,3,4,5,6,7,8,9,10,11,12,13,14,15,16,17,18,19],"logprobs":[-0.000032305197,-11.375032,-12.187532,-12.187532,-13.000032,-13.437532,-13.500032,-14.000032,-14.062532,-14.562532,-14.625032,-14.812532,-15.000032,-15.062532,-15.187532,-15.437532,-15.562532,-15.625032,-15.937532,-16.250032]}]}