{"seen_tokens":["It","I","That","This","You","Unfortunately","There","A","Could","Is","Not","Your","To","However","Nothing","Too","Can","The","More","Only"],"seen_logprobs":[{"tokens":[0,1,2,3,4,5,6,7,8,9,10,11,12,13,14,15,16,17,18,19],"logprobs":[-0.03464508,-4.409645,-4.815895,-5.64402,-5.940895,-6.347145,-6.753395,-6.95652,-7.065895,-7.128395,-7.67527,-7.92527,-7.9799576,-8.253395,-9.128395,-9.354958,-9.878395,-10.17527,-10.183083,-10.33152]}]}