{"seen_tokens":["It","I","That","This","You","Unfortunately","There","A","Could","Is","Not","Your","To","However","Nothing","Too","Can","The","More","Only"," It","But"],"seen_logprobs":[{"tokens":[0,1,2,3,4,5,6,7,8,9,10,11,12,13,14,15,16,17,18,19],"logprobs":[-0.03464508,-4.409645,-4.815895,-5.64402,-5.940895,-6.347145,-6.753395,-6.95652,-7.065895,-7.128395,-7.67527,-7.92527,-7.9799576,-8.253395,-9.128395,-9.354958,-9.878395,-10.17527,-10.183083,-10.33152]},{"tokens":[0,1,2,3,4,5,6,9,7,8,10,11,13,12,14,15,20,16,19,21],"logprobs":[-0.023987785,-4.836488,-5.164613,-5.758363,-6.289613,-6.695863,-7.086488,-7.336488,-7.539613,-7.664613,-7.867738,-8.453675,-8.8443,-8.977113,-9.477113,-9.664613,-10.25055,-10.43805,-10.7193,-10.805238]}]}