{"seen_tokens":["Hello","Hi","It","How","Hey","Could","Looks","What","Greetings","Sure","Yes","Welcome","\""," Hello","Seems","Good","\n","Of","Is","Can","Would","Certainly"],"seen_logprobs":[{"tokens":[0,1,2,3,4,5,6,7,8,9,10,11,12,13,14,15,16,17,18,19],"logprobs":[-0.025145084,-3.712645,-8.556396,-8.743896,-10.134521,-11.228271,-12.540771,-12.947021,-13.087646,-13.493896,-14.181396,-14.197021,-14.197021,-14.384521,-15.025146,-15.165771,-15.447021,-15.915771,-16.056395,-16.10327]},{"tokens":[0,1,2,3,5,4,6,7,8,9,14,12,13,11,10,15,19,20,21,16],"logprobs":[-0.019910576,-3.9886606,-7.019911,-8.613661,-9.754286,-10.269911,-11.832411,-13.019911,-13.082411,-13.363661,-13.551161,-13.816786,-13.894911,-14.035536,-14.613661,-14.785536,-14.863661,-15.144911,-15.223036,-15.269911]}]}