{"seen_tokens":["Hello","Hi","Hey"," Hello","Good"],"seen_logprobs":[{"tokens":[0,1,2,3,4],"logprobs":[-0.00033546583,-8.000336,-17.625336,-18.250336,-19.375336]},{"tokens":[0,1,2,3,4],"logprobs":[-0.0009114635,-7.000911,-17.250912,-18.250912,-19.250912]},{"tokens":[0,1,3,2,4],"logprobs":[-0.00033546583,-8.000336,-18.250336,-18.625336,-19.750336]}]}