{"seen_tokens":["Hello","Hi","It"," Hello","Could"],"seen_logprobs":[{"tokens":[0,1,2,3,4],"logprobs":[-0.0019341123,-6.251934,-12.251934,-14.876934,-16.251934]}]}