{"seen_tokens":["The","Hello","This","Hmm","Okay","Oh","We","Here's","Alright","User","I","Just","Hey","So","Let","Got","用户","I've","You","A"],"seen_logprobs":[{"tokens":[0,1,2,3,4,5,6,7,8,9,10,11,12,13,14,15,16,17,18,19],"logprobs":[-0.014758576,-5.2647586,-5.6397586,-5.8897586,-7.0147586,-8.014758,-8.139758,-8.514758,-8.764758,-9.014758,-9.014758,-9.139758,-9.264758,-9.514758,-9.639758,-9.764758,-9.889758,-10.014758,-10.264758,-10.264758]}]}