{"seen_tokens":["The","Hello","This","Hmm","Okay","Oh","We","Here's","Alright","User","I","Just","Hey","So","Let","Got","用户","I've","You","A","My","First"],"seen_logprobs":[{"tokens":[0,1,2,3,4,5,6,7,8,9,10,11,12,13,14,15,16,17,18,19],"logprobs":[-0.014758576,-5.2647586,-5.6397586,-5.8897586,-7.0147586,-8.014758,-8.139758,-8.514758,-8.764758,-9.014758,-9.014758,-9.139758,-9.264758,-9.514758,-9.639758,-9.764758,-9.889758,-10.014758,-10.264758,-10.264758]},{"tokens":[0,1,2,3,4,7,6,5,9,8,12,11,16,14,10,13,15,20,17,19],"logprobs":[-0.010651994,-5.635652,-5.760652,-6.260652,-7.885652,-8.635652,-8.635652,-8.760652,-9.135652,-9.260652,-9.260652,-9.510652,-9.510652,-9.635652,-9.760652,-9.885652,-10.135652,-10.510652,-10.510652,-10.885652]},{"tokens":[0,1,2,3,4,5,9,7,6,8,15,10,11,13,12,16,14,20,17,21],"logprobs":[-0.009926833,-6.009927,-6.134927,-6.259927,-6.759927,-7.759927,-8.384927,-8.384927,-8.759927,-8.759927,-9.134927,-9.134927,-9.259927,-9.384927,-9.384927,-9.509927,-10.009927,-10.134927,-10.384927,-10.759927]},{"tokens":[0,2,3,1,4,5,9,6,8,7,13,15,12,10,11,16,14,19,20,21],"logprobs":[-0.009405115,-5.884405,-6.134405,-6.384405,-7.009405,-8.259405,-8.259405,-8.509405,-8.759405,-8.884405,-9.384405,-9.509405,-9.634405,-9.634405,-9.759405,-9.884405,-10.009405,-10.134405,-10.384405,-10.634405]}]}