{"seen_tokens":["It","I","You","Your","That","X","x","The","Unfortunately","What","To","However","A","This","Just","it","How","Please","Hi","Could","Since"],"seen_logprobs":[{"tokens":[0,1,2,3,4,5,6,7,8,9,10,11,12,13,14,15,16,17,18,19],"logprobs":[-0.017949058,-4.642949,-5.517949,-6.892949,-7.142949,-7.392949,-7.517949,-7.767949,-8.517949,-8.892949,-10.017949,-10.017949,-10.142949,-10.517949,-10.767949,-10.767949,-11.205449,-11.267949,-11.330449,-11.330449]},{"tokens":[0,1,2,3,4,6,5,7,8,9,11,10,12,13,14,15,17,18,19,16],"logprobs":[-0.021172693,-4.3961725,-5.3961725,-7.0211725,-7.2711725,-7.3961725,-7.3961725,-7.7711725,-8.396173,-8.771173,-9.896173,-9.896173,-10.021173,-10.521173,-10.646173,-10.896173,-11.021173,-11.021173,-11.083673,-11.083673]},{"tokens":[0,1,2,5,6,3,4,7,8,9,11,12,10,14,15,13,18,17,16,20],"logprobs":[-0.018196668,-4.7681966,-5.3931966,-6.6431966,-7.0181966,-7.0181966,-7.3931966,-7.6431966,-8.518197,-8.893197,-9.643197,-9.893197,-9.893197,-10.768197,-10.830697,-10.830697,-11.143197,-11.143197,-11.205697,-11.455697]}]}