{"seen_tokens":["It","I","You","Your","That","X","x","The","Unfortunately","What","To","However","A","This","Just","it","How","Please","Hi","Could"],"seen_logprobs":[{"tokens":[0,1,2,3,4,5,6,7,8,9,10,11,12,13,14,15,16,17,18,19],"logprobs":[-0.017949058,-4.642949,-5.517949,-6.892949,-7.142949,-7.392949,-7.517949,-7.767949,-8.517949,-8.892949,-10.017949,-10.017949,-10.142949,-10.517949,-10.767949,-10.767949,-11.205449,-11.267949,-11.330449,-11.330449]}]}