{"seen_tokens":["Hello","Hey","Hi","Bon","Good","How"," Hello","hello","¡","H","","G","**","Welcome","What","He","I","\n","Sal","*"],"seen_logprobs":[{"tokens":[0,1,2,3,4,5,6,7,8,9,10,11,12,13,14,15,16,17,18,19],"logprobs":[-0.008419731,-6.0709195,-6.0709195,-6.5709195,-7.5709195,-7.9459195,-8.19592,-8.75842,-8.94592,-9.32092,-9.32092,-9.57092,-10.00842,-10.00842,-10.25842,-10.25842,-10.38342,-10.38342,-10.94592,-11.07092]}]}