{"seen_tokens":["I","Hello","It","Sorry",",","\n\n","\n","Could","As","Did","The","Hi","Ap","Can","You","To","What","If","There","P"],"seen_logprobs":[{"tokens":[0,1,2,3,4,5,6,7,8,9,10,11,12,13,14,15,16,17,18,19],"logprobs":[-0.5528766,-1.5528766,-1.8028766,-4.9278765,-4.9278765,-5.1778765,-5.5528765,-5.9278765,-6.5528765,-6.6153765,-6.6778765,-6.6778765,-6.6778765,-6.9903765,-7.1153765,-7.3653765,-7.3653765,-7.4278765,-7.5528765,-7.5528765]}]}