{"seen_tokens":["I","Hello","It","Sorry",",","\n\n","\n","Could","As","Did","The","Hi","Ap","Can","You","To","What","If","There","P","Exc"],"seen_logprobs":[{"tokens":[0,1,2,3,4,5,6,7,8,9,10,11,12,13,14,15,16,17,18,19],"logprobs":[-0.5528766,-1.5528766,-1.8028766,-4.9278765,-4.9278765,-5.1778765,-5.5528765,-5.9278765,-6.5528765,-6.6153765,-6.6778765,-6.6778765,-6.6778765,-6.9903765,-7.1153765,-7.3653765,-7.3653765,-7.4278765,-7.5528765,-7.5528765]},{"tokens":[2,0,1,3,4,5,6,7,8,9,10,11,12,13,14,15,16,17,18,19],"logprobs":[-1.8028766,-0.5528766,-1.5528766,-4.9278765,-4.9278765,-5.1778765,-5.5528765,-5.9278765,-6.5528765,-6.6153765,-6.6778765,-6.6778765,-6.6778765,-6.9903765,-7.1153765,-7.3653765,-7.3653765,-7.4278765,-7.5528765,-7.5528765]},{"tokens":[0,1,2,3,4,5,7,6,9,12,8,10,11,14,16,13,20,19,15,17],"logprobs":[-0.4774527,-1.7274528,-1.8524528,-4.8524528,-5.2274528,-5.7274528,-5.8524528,-5.9149528,-6.1024528,-6.4774528,-6.6024528,-6.6649528,-6.7274528,-6.7899528,-7.1649528,-7.2899528,-7.4149528,-7.4149528,-7.4774528,-7.5399528]}]}