{"seen_tokens":["Hi","Hello","'","(","#","$",")","%",".",",","0","+","-","&","1","/","*","2","!","\""],"seen_logprobs":[{"tokens":[0,1,2,3,4,5,6,7,8,9,10,11,12,13,14,15,16,17,18,19],"logprobs":[-0.53521127,-0.8807923,-9999.0,-9999.0,-9999.0,-9999.0,-9999.0,-9999.0,-9999.0,-9999.0,-9999.0,-9999.0,-9999.0,-9999.0,-9999.0,-9999.0,-9999.0,-9999.0,-9999.0,-9999.0]},{"tokens":[1,0,6,18,5,19,15,10,2,3,14,16,9,11,13,7,12,8,17,4],"logprobs":[-0.23778282,-1.552934,-9999.0,-9999.0,-9999.0,-9999.0,-9999.0,-9999.0,-9999.0,-9999.0,-9999.0,-9999.0,-9999.0,-9999.0,-9999.0,-9999.0,-9999.0,-9999.0,-9999.0,-9999.0]}]}