{"seen_tokens":["Hello","Hi"," Hello","Hey","Good","Greetings","\n","hello","How","\n\n","Welcome",","," \n\n","!"," ","-"," \n",".","​","  "],"seen_logprobs":[{"tokens":[0,1,2,3,4,5,6,7,8,9,10,11,12,13,14,15,16,17,18,19],"logprobs":[-0.00061378995,-7.768663,-9.020519,-9.957106,-11.787109,-12.517143,-12.706591,-13.088945,-13.385168,-13.954712,-14.354637,-14.693424,-15.149662,-15.18012,-15.370546,-15.453951,-15.539087,-15.652428,-15.676353,-16.026878]}]}