{"seen_tokens":["token_id:17721","token_id:12870","token_id:7058","token_id:77492","token_id:90496","token_id:12273","token_id:62769","token_id:145674","token_id:54655","token_id:198","token_id:66957","token_id:422","token_id:64390","token_id:12","token_id:88229","token_id:2871","token_id:158","token_id:5885","token_id:57248","token_id:13426"],"seen_logprobs":[{"tokens":[0,1,2,3,4,5,6,7,8,9,10,11,12,13,14,15,16,17,18,19],"logprobs":[-0.000073549425,-11.437573,-11.937573,-12.562573,-12.750073,-12.812573,-13.000073,-13.250073,-13.312573,-13.375073,-13.437573,-13.437573,-13.687573,-13.750073,-13.750073,-13.812573,-14.000073,-14.000073,-14.250073,-14.375073]},{"tokens":[0,1,2,3,4,5,6,7,11,8,9,10,13,12,14,15,17,16,18,19],"logprobs":[-0.00007235742,-11.5000725,-11.8750725,-12.5625725,-12.8125725,-12.8750725,-13.0625725,-13.2500725,-13.3125725,-13.3750725,-13.3750725,-13.5000725,-13.6875725,-13.6875725,-13.7500725,-13.7500725,-13.9375725,-14.0000725,-14.2500725,-14.4375725]},{"tokens":[0,1,2,3,4,5,6,7,8,9,11,10,14,12,13,16,15,17,18,19],"logprobs":[-0.00007247662,-11.5000725,-11.9375725,-12.5000725,-12.8125725,-12.8750725,-13.0000725,-13.1875725,-13.2500725,-13.3750725,-13.3750725,-13.5000725,-13.6875725,-13.6875725,-13.7500725,-13.9375725,-13.9375725,-14.0000725,-14.3125725,-14.4375725]}]}