{"seen_tokens":["你好","抱歉","好的","您好","Hi","You","I","你","H","对不起","很","It","Hello","The","由于","Sorry","“","嗨","看起来","这句话","Deep","Of","This"],"seen_logprobs":[{"tokens":[0,1,2,3,4,5,6,7,8,9,10,11,12,13,14,15,16,17,18,19],"logprobs":[-0.22021301,-3.095213,-3.720213,-3.720213,-3.845213,-4.595213,-4.595213,-4.595213,-4.720213,-4.845213,-5.095213,-5.220213,-5.720213,-5.845213,-5.970213,-6.345213,-6.845213,-7.095213,-7.220213,-7.345213]},{"tokens":[0,1,2,11,6,4,5,20,3,9,12,7,10,8,14,13,15,19,17,16],"logprobs":[-0.081017986,-4.331018,-4.706018,-4.706018,-4.956018,-5.081018,-5.206018,-5.331018,-5.581018,-5.831018,-5.831018,-6.081018,-6.331018,-6.706018,-6.831018,-7.331018,-7.331018,-7.581018,-7.706018,-7.956018]},{"tokens":[0,4,1,2,5,3,12,11,6,8,13,9,15,7,17,14,21,22,10,20],"logprobs":[-0.17145014,-3.0464501,-3.7964501,-3.7964501,-4.29645,-4.42145,-5.04645,-5.04645,-5.54645,-5.54645,-6.04645,-6.04645,-6.17145,-6.54645,-6.54645,-6.92145,-7.29645,-7.42145,-7.67145,-7.79645]}]}