{"seen_tokens":["1","The","We","Okay","Let","This"],"seen_logprobs":[{"tokens":[0,1,2,3,4],"logprobs":[-0.4735005,-1.2235005,-3.3485005,-3.8485005,-5.0360003]},{"tokens":[1,0,4,3,5],"logprobs":[-0.68574524,-0.93574524,-2.9357452,-3.1857452,-5.6857452]}]}