{"seen_tokens":["1","The","We","Okay","Let"],"seen_logprobs":[{"tokens":[0,1,2,3,4],"logprobs":[-0.4735005,-1.2235005,-3.3485005,-3.8485005,-5.0360003]}]}