{"seen_tokens":["1","The","We","Okay","Let","This","Considering"],"seen_logprobs":[{"tokens":[0,1,2,3,4],"logprobs":[-0.4735005,-1.2235005,-3.3485005,-3.8485005,-5.0360003]},{"tokens":[1,0,4,3,5],"logprobs":[-0.68574524,-0.93574524,-2.9357452,-3.1857452,-5.6857452]},{"tokens":[1,0,3,2,6],"logprobs":[-0.4947533,-0.9947533,-4.3697534,-6.8072534,-7.3697534]}]}