{"seen_tokens":["It","Since","Depending","Please","You","How","I"," It"," it","Because","As","**","Whether","If","Thinking","Assuming","Did","Hello","Do","Looking"],"seen_logprobs":[{"tokens":[0,1,2,3,4,5,6,7,8,9,10,11,12,13,14,15,16,17,18,19],"logprobs":[-0.0038334471,-5.8788333,-7.6288333,-8.378834,-8.753834,-9.878834,-10.128834,-10.378834,-11.878834,-12.378834,-12.628834,-12.753834,-12.941334,-13.441334,-13.503834,-13.691334,-13.753834,-14.253834,-14.566334,-14.628834]}]}