{"seen_tokens":["Hello","Hi","Hey"," Hello","Good","**","\n","hello","Hell","Greetings"," Hi","Howdy","Well","Hola",">Hello","\n\n","﻿","How","​","-"],"seen_logprobs":[{"tokens":[0,1,2,3,4,5,6,7,8,9,10,11,12,13,14,15,16,17,18,19],"logprobs":[-0.004770211,-5.3485203,-12.59852,-15.16102,-17.270395,-18.332895,-18.97352,-19.34852,-19.395395,-20.176645,-20.47352,-20.614145,-21.207895,-21.426645,-21.72352,-21.864145,-21.97352,-22.09852,-22.176645,-22.25477]}]}