{"seen_tokens":["It","You","I","X","That","x","Your","Unfortunately","The","However","What","To","it","A","Just","Hello","This","How","If","There"],"seen_logprobs":[{"tokens":[0,1,2,3,4,5,6,7,8,9,10,11,12,13,14,15,16,17,18,19],"logprobs":[-0.023320334,-4.77332,-4.89832,-6.27332,-6.64832,-6.77332,-7.27332,-7.52332,-7.77332,-8.96082,-9.08582,-9.14832,-9.27332,-9.77332,-10.14832,-10.14832,-10.39832,-10.58582,-10.64832,-10.77332]}]}