{"seen_tokens":["Hello","Hi"," Hello","こんにちは","👋"," hello","hello","Olá","안녕하세요"," waved","K","waved","])]","नमस्ते","H"," waving","Hallo"," hi"," turbocharged"," greeted","Hey"," Hi","を"," crosses"," couplings","Привет"," こんにちは"],"seen_logprobs":[{"tokens":[0,1,2,3,4,5,6,7,8,9,10,11,12,13,14,15,16,17,18,19],"logprobs":[-0.0036400983,-5.62864,-10.12864,-17.06614,-17.50364,-17.81614,-17.81614,-18.25364,-18.84739,-19.44114,-19.78489,-19.84739,-19.97239,-20.00364,-20.31614,-20.75364,-20.87864,-21.31614,-21.31614,-21.40989]},{"tokens":[0,1,2,3,20,5,4,17,7,21,9,6,13,22,23,10,24,25,11,26],"logprobs":[-0.02325197,-3.773252,-11.960752,-16.085752,-18.492002,-18.523252,-18.710752,-19.023252,-19.085752,-19.085752,-19.210752,-19.648252,-19.648252,-19.773252,-20.460752,-20.460752,-20.554502,-20.804502,-21.148252,-21.148252]},{"tokens":[1,0,2,3,20,5,4,17,7,21,9,6,13,22,23,10,24,25,11,26],"logprobs":[-3.773252,-0.02325197,-11.960752,-16.085752,-18.492002,-18.523252,-18.710752,-19.023252,-19.085752,-19.085752,-19.210752,-19.648252,-19.648252,-19.773252,-20.460752,-20.460752,-20.554502,-20.804502,-21.148252,-21.148252]}]}