{"seen_tokens":["Hello","Hi"," Hello","こんにちは","👋"," hello","hello","Olá","안녕하세요"," waved","K","waved","])]","नमस्ते","H"," waving","Hallo"," hi"," turbocharged"," greeted"],"seen_logprobs":[{"tokens":[0,1,2,3,4,5,6,7,8,9,10,11,12,13,14,15,16,17,18,19],"logprobs":[-0.0036400983,-5.62864,-10.12864,-17.06614,-17.50364,-17.81614,-17.81614,-18.25364,-18.84739,-19.44114,-19.78489,-19.84739,-19.97239,-20.00364,-20.31614,-20.75364,-20.87864,-21.31614,-21.31614,-21.40989]}]}