{"seen_tokens":["I","It","As","Hello","Could","Ap","Sure","Certainly","The","Hi","Of","Dear","Is","If","Thank","Would","How","\"","Sorry","Unfortunately"],"seen_logprobs":[{"tokens":[0,1,2,3,4,5,6,7,8,9,10,11,12,13,14,15,16,17,18,19],"logprobs":[-0.7191298,-1.9691298,-1.9691298,-2.2191298,-2.8441298,-3.4691298,-3.8441298,-5.7191296,-5.9691296,-6.2191296,-6.4691296,-6.8441296,-7.0941296,-7.8441296,-7.9691296,-8.09413,-8.46913,-8.71913,-8.71913,-8.96913]}]}