{"seen_tokens":["Hello","Hi"," Hello","Hey","Good","\n","Greetings","hello","\n\n","How","Welcome",",","!"," \n\n"," \n"," ",".","​"," Hi","  "],"seen_logprobs":[{"tokens":[0,1,2,3,4,5,6,7,8,9,10,11,12,13,14,15,16,17,18,19],"logprobs":[-0.0007463792,-7.696385,-8.358418,-10.347177,-11.798062,-12.494571,-12.59319,-13.039878,-13.274383,-13.513793,-14.21387,-14.357554,-14.593577,-14.629342,-14.77686,-14.8751745,-15.026443,-15.319644,-15.516723,-15.519065]}]}