{"seen_tokens":["Hello","Hi"," Hello","Hey","Good","\n","Greetings","hello","\n\n","How","Welcome",",","!"," \n\n"," \n"," ",".","​"," Hi","  ","-"],"seen_logprobs":[{"tokens":[0,1,2,3,4,5,6,7,8,9,10,11,12,13,14,15,16,17,18,19],"logprobs":[-0.0007463792,-7.696385,-8.358418,-10.347177,-11.798062,-12.494571,-12.59319,-13.039878,-13.274383,-13.513793,-14.21387,-14.357554,-14.593577,-14.629342,-14.77686,-14.8751745,-15.026443,-15.319644,-15.516723,-15.519065]},{"tokens":[0,1,2,3,4,6,5,7,8,9,10,13,14,15,11,16,17,20,12,19],"logprobs":[-0.0004125576,-8.209205,-9.163875,-10.884984,-12.334584,-12.625838,-12.706548,-13.313441,-13.813344,-14.220599,-14.596488,-15.007188,-15.235517,-15.443681,-15.67493,-15.783687,-15.863633,-15.98363,-16.023882,-16.20062]},{"tokens":[0,1,2,3,4,5,6,7,8,10,11,9,13,12,16,14,15,17,20,19],"logprobs":[-0.0006242762,-7.8844457,-8.519904,-10.677939,-11.6281805,-12.5305605,-12.552911,-13.091264,-13.267314,-14.367152,-14.436957,-14.469922,-14.588735,-14.79639,-14.93562,-14.968411,-15.281079,-15.420621,-15.535342,-15.851911]},{"tokens":[0,1,2,3,4,5,6,7,8,9,13,10,14,15,11,17,19,16,20,12],"logprobs":[-0.0004586711,-8.200171,-8.850665,-10.689645,-12.281762,-12.472669,-12.707078,-13.187144,-13.592019,-14.535888,-14.924008,-14.973277,-15.124312,-15.163159,-15.3816,-15.726842,-15.898934,-15.90244,-15.939033,-16.07663]}]}