{"seen_tokens":["Hello","I","It","Hi","Is","You","If","How","What","Your","Sure","こんにちは","Do","Are","你好","As","Certainly","Sorry","Welcome","H"],"seen_logprobs":[{"tokens":[0,1,2,3,4,5,6,7,8,9,10,11,12,13,14,15,16,17,18,19],"logprobs":[-1.0193783,-1.1443783,-1.3943783,-4.644378,-4.956878,-5.081878,-5.144378,-5.956878,-6.081878,-6.206878,-6.269378,-6.456878,-6.644378,-6.644378,-6.706878,-6.706878,-6.831878,-7.144378,-7.206878,-7.206878]},{"tokens":[1,0,2,3,4,5,6,7,8,9,10,11,13,12,15,14,16,18,17,19],"logprobs":[-1.0638794,-1.0638794,-1.4388794,-4.6263795,-4.9388795,-5.0638795,-5.2513795,-5.9388795,-6.0013795,-6.1888795,-6.2513795,-6.4388795,-6.6263795,-6.6888795,-6.7513795,-6.7513795,-6.8138795,-7.1888795,-7.1888795,-7.2513795]},{"tokens":[1,0,2,3,4,6,5,7,8,9,10,11,12,13,15,16,14,18,17,19],"logprobs":[-1.0628728,-1.0628728,-1.4378728,-4.625373,-5.000373,-5.125373,-5.125373,-5.937873,-6.000373,-6.187873,-6.312873,-6.500373,-6.687873,-6.687873,-6.750373,-6.812873,-6.812873,-7.125373,-7.187873,-7.187873]}]}