{"seen_tokens":["Hello","It","How","Hi","Could"],"seen_logprobs":[{"tokens":[0,1,2,3,4],"logprobs":[-0.26934695,-1.769347,-3.269347,-3.769347,-5.519347]},{"tokens":[0,1,2,4,3],"logprobs":[-0.6355751,-1.135575,-2.135575,-3.885575,-4.8855753]},{"tokens":[0,1,2,4,3],"logprobs":[-0.48919484,-1.2391949,-2.7391949,-3.7391949,-4.989195]}]}