{"seen_tokens":["Hello","It","How","Hi","Could"],"seen_logprobs":[{"tokens":[0,1,2,3,4],"logprobs":[-0.26934695,-1.769347,-3.269347,-3.769347,-5.519347]}]}