{"seen_tokens":["你好","您好","抱歉","好的","嗨","嘿","“","嗯","对不起","我","很高兴","不好意思","很","**","（","哈哈","早上","根据","你","需要","I","Sorry","You","The","看起来","由于","这是一个","Hello","你的","你是","Hi","用户","H","This","Hey","Being","In","Looks","提到","您","非常"],"seen_logprobs":[{"tokens":[0,1,2,3,4,5,6,7,8,9,10,11,12,13,14,15,16,17,18,19],"logprobs":[-0.11740276,-3.2424028,-3.7424028,-3.7424028,-5.2424026,-5.7424026,-5.8674026,-5.9924026,-6.6174026,-7.1174026,-7.1174026,-7.2424026,-7.4924026,-7.8674026,-8.117403,-8.117403,-8.242403,-8.242403,-8.242403,-8.367403]},{"tokens":[3,0,8,2,20,18,1,21,12,22,23,24,9,25,26,27,28,29,30,7],"logprobs":[-2.1910968,-1.4410968,-1.9410968,-2.3160968,-2.4410968,-2.9410968,-3.5660968,-3.8160968,-4.191097,-4.316097,-4.316097,-4.441097,-4.566097,-4.566097,-4.691097,-4.691097,-4.816097,-4.816097,-4.941097,-4.941097]},{"tokens":[3,20,0,30,8,2,27,23,31,32,33,6,34,1,21,35,36,37,26,38],"logprobs":[-0.6517339,-1.6517339,-2.7767339,-3.1517339,-3.9017339,-3.9017339,-4.026734,-4.401734,-4.401734,-4.526734,-5.026734,-5.276734,-5.276734,-5.526734,-5.526734,-5.651734,-5.776734,-5.776734,-5.901734,-5.901734]},{"tokens":[0,1,3,27,4,5,10,12,39,18,30,2,7,9,34,8,40,32,22,28],"logprobs":[-0.7550379,-0.7550379,-3.8800378,-5.005038,-5.130038,-5.380038,-5.505038,-5.505038,-5.755038,-6.255038,-7.005038,-7.255038,-7.380038,-7.880038,-8.005038,-8.005038,-8.255038,-8.630038,-8.630038,-8.630038]}]}