{"seen_tokens":["I","To","It","Sorry","You","There","Okay","Here","The","x","What","Sure","Yes","Certainly","X","As","Unfortunately","Thank","No","That"],"seen_logprobs":[{"tokens":[0,1,2,3,4,5,6,7,8,9,10,11,12,13,14,15,16,17,18,19],"logprobs":[-0.29850176,-3.5094392,-3.5563142,-3.6344392,-4.1500645,-4.423502,-4.548502,-4.642252,-4.782877,-4.829752,-4.9469395,-4.9938145,-5.267252,-5.361002,-5.470377,-5.486002,-5.5250645,-5.626627,-5.6344395,-5.6969395]},{"tokens":[2,0,1,3,4,5,6,7,8,9,10,11,12,13,14,15,16,17,18,19],"logprobs":[-3.5563142,-0.29850176,-3.5094392,-3.6344392,-4.1500645,-4.423502,-4.548502,-4.642252,-4.782877,-4.829752,-4.9469395,-4.9938145,-5.267252,-5.361002,-5.470377,-5.486002,-5.5250645,-5.626627,-5.6344395,-5.6969395]},{"tokens":[6,0,1,2,3,4,5,7,8,9,10,11,12,13,14,15,16,17,18,19],"logprobs":[-4.548502,-0.29850176,-3.5094392,-3.5563142,-3.6344392,-4.1500645,-4.423502,-4.642252,-4.782877,-4.829752,-4.9469395,-4.9938145,-5.267252,-5.361002,-5.470377,-5.486002,-5.5250645,-5.626627,-5.6344395,-5.6969395]}]}