{"seen_tokens":["Hello","Hi","Greetings","Hey","Welcome","How","I","Yes"," Hello","X","x","Good","\n","Can","hello","Is","What","It","Sorry","You","\n\n"],"seen_logprobs":[{"tokens":[0,1,2,3,4,5,6,7,8,9,10,11,12,13,14,15,16,17,18,19],"logprobs":[-0.005808156,-5.3468595,-7.668631,-8.25028,-9.256538,-9.560663,-10.648243,-10.715265,-11.017736,-11.055544,-11.411268,-11.782629,-12.26162,-12.576267,-12.641623,-12.674978,-12.75845,-12.99888,-13.29517,-13.539921]},{"tokens":[0,1,2,3,4,5,8,6,9,7,10,11,12,14,16,13,15,20,17,18],"logprobs":[-0.0056051076,-5.349355,-7.9160705,-8.122155,-9.814849,-10.529048,-10.959891,-11.052426,-11.471444,-11.579869,-11.595717,-11.906507,-12.344979,-12.664371,-13.401011,-13.431754,-13.443856,-13.514512,-13.546628,-13.830281]},{"tokens":[0,1,2,3,4,5,8,6,10,9,7,11,12,14,16,15,13,20,17,18],"logprobs":[-0.005228779,-5.4006624,-8.101018,-8.361657,-9.747979,-10.471992,-11.119956,-11.315425,-11.801017,-11.967093,-12.000915,-12.103316,-12.33541,-12.530126,-13.279515,-13.288611,-13.338174,-13.546014,-13.627542,-14.092107]},{"tokens":[0,1,2,3,4,5,6,9,10,7,8,11,12,13,15,14,16,17,18,20],"logprobs":[-0.0047616684,-5.6204157,-7.3840685,-8.431785,-9.193948,-9.879249,-10.467364,-10.949111,-10.979835,-11.225602,-11.345805,-12.018748,-12.114875,-12.515895,-12.570025,-12.573634,-12.706807,-12.919543,-13.169776,-13.4669485]}]}