{"seen_tokens":["Hello","Hi","Hey"," Hello","Good","Hola","Welcome","hello","Hallo"," hello","こんにちは","Howdy",">Hello","Greetings","你好","How","Happy","Bonjour","What","Hell","Olá"],"seen_logprobs":[{"tokens":[0,1,2,3,4,5,6,7,8,9,10,11,12,13,14,15,16,17,18,19],"logprobs":[-0.00055303273,-7.500553,-17.750553,-18.250553,-19.000553,-19.875553,-20.000553,-20.125553,-20.625553,-21.250553,-21.375553,-21.375553,-21.375553,-21.750553,-22.375553,-22.875553,-23.375553,-23.625553,-24.250553,-24.500553]},{"tokens":[0,1,2,3,4,5,6,7,8,9,10,11,12,13,14,15,16,17,18,19],"logprobs":[-0.00043066923,-7.7504306,-17.875431,-18.375431,-19.250431,-20.000431,-20.125431,-20.250431,-20.875431,-21.500431,-21.625431,-21.625431,-21.625431,-22.000431,-22.500431,-23.125431,-23.500431,-23.875431,-24.500431,-24.625431]},{"tokens":[0,1,2,3,4,5,6,7,8,9,10,12,11,13,14,15,16,17,18,20],"logprobs":[-0.00055303273,-7.500553,-17.750553,-18.250553,-19.000553,-19.875553,-20.000553,-20.125553,-20.750553,-21.375553,-21.375553,-21.375553,-21.500553,-21.750553,-22.375553,-23.000553,-23.250553,-23.625553,-24.375553,-24.625553]}]}