{"seen_tokens":["<|channel|>","<|constrain|>"," ","분"," (","analysis"," 分","<|call|>","<|message|>",","," m","(Note","We'll"," a","<|start|>","<|end|>"," b","..."," sun"," nap"," with"," name"],"seen_logprobs":[{"tokens":[0,1,2,3,4,5,6,7,8,9,10,11,12,13,14,15,16,17,18,19],"logprobs":[0.0,-20.717632,-23.569836,-23.850178,-23.887722,-24.365105,-24.734179,-24.793743,-25.125795,-25.484417,-25.96471,-26.161709,-26.370825,-26.43423,-26.513937,-26.531862,-26.729664,-26.778728,-26.837128,-26.84848]},{"tokens":[0,1,2,4,3,7,5,8,6,9,10,13,15,14,19,11,12,18,20,21],"logprobs":[0.0,-20.262554,-22.815609,-23.96817,-24.161602,-24.538631,-24.544157,-24.676212,-24.702965,-25.202244,-25.885788,-26.0488,-26.256353,-26.307573,-26.337585,-26.386969,-26.437267,-26.523355,-26.569485,-26.600632]}]}