{"seen_tokens":["It","I","That","You","Your","The","x","To","Unfortunately","X","However","What","If","This","A","Hello","Please","Hi","Just","Let","There"],"seen_logprobs":[{"tokens":[0,1,2,3,4,5,6,7,8,9,10,11,12,13,14,15,16,17,18,19],"logprobs":[-0.5804424,-1.8304424,-2.5804424,-3.2054424,-3.8929424,-4.1429424,-4.5804424,-4.7054424,-4.8929424,-4.9554424,-5.0804424,-5.2054424,-5.3304424,-5.5804424,-5.7679424,-5.8304424,-6.0179424,-6.2054424,-6.3304424,-6.3929424]},{"tokens":[1,0,2,3,4,5,6,7,9,8,10,11,12,13,14,15,16,17,18,20],"logprobs":[-1.7459563,-0.6209563,-2.4959564,-3.2459564,-3.8709564,-4.1209564,-4.4959564,-4.6834564,-4.8709564,-4.9334564,-5.1209564,-5.1834564,-5.3084564,-5.5584564,-5.7459564,-5.8084564,-5.9334564,-6.1209564,-6.3084564,-6.3709564]},{"tokens":[5,0,1,2,3,4,6,7,9,8,10,11,12,13,14,15,16,17,18,19],"logprobs":[-4.0739045,-0.63640463,-1.7614046,-2.5114045,-3.1364045,-3.8239045,-4.4489045,-4.6989045,-4.7614045,-4.8864045,-5.0114045,-5.1364045,-5.1989045,-5.5114045,-5.6989045,-5.8239045,-5.9489045,-6.1364045,-6.2614045,-6.3239045]},{"tokens":[0,1,2,3,4,5,6,7,8,9,10,11,12,13,15,14,16,17,18,20],"logprobs":[-0.6407017,-1.7657018,-2.5157018,-3.1407018,-3.7657018,-4.078202,-4.453202,-4.578202,-4.828202,-4.890702,-5.078202,-5.140702,-5.203202,-5.515702,-5.640702,-5.703202,-5.828202,-6.078202,-6.328202,-6.328202]}]}