{"seen_tokens":["It","I","That","You","Your","The","x","To","Unfortunately","X","However","What","If","This","A","Hello","Please","Hi","Just","Let"],"seen_logprobs":[{"tokens":[0,1,2,3,4,5,6,7,8,9,10,11,12,13,14,15,16,17,18,19],"logprobs":[-0.5804424,-1.8304424,-2.5804424,-3.2054424,-3.8929424,-4.1429424,-4.5804424,-4.7054424,-4.8929424,-4.9554424,-5.0804424,-5.2054424,-5.3304424,-5.5804424,-5.7679424,-5.8304424,-6.0179424,-6.2054424,-6.3304424,-6.3929424]}]}