{"seen_tokens":["Hello","It","Hi","You","Hey","您好","How","你好","hello","I","Hallo","x","Could","The","What","Please","Your","こんにちは"," Hello","Hola"],"seen_logprobs":[{"tokens":[0,1,2,3,4,5,6,7,8,9,10,11,12,13,14,15,16,17,18,19],"logprobs":[-0.0764965,-2.6389966,-6.5921216,-8.467121,-8.826496,-9.217121,-9.467121,-9.529621,-9.857746,-10.029621,-10.810871,-10.951496,-11.029621,-11.154621,-11.560871,-11.717121,-11.935871,-12.154621,-12.170246,-12.435871]}]}