{"seen_tokens":["<think>","</think>","<｜place▁holder▁no▁2｜>","<｜place▁holder▁no▁795｜>","<｜place▁holder▁no▁794｜>","<｜place▁holder▁no▁1｜>","<｜place▁holder▁no▁797｜>","ము","<｜place▁holder▁no▁4｜>","<｜place▁holder▁no▁5｜>","<｜place▁holder▁no▁0｜>","<｜place▁holder▁no▁3｜>","<｜place▁holder▁no▁791｜>","<｜place▁holder▁no▁8｜>","<｜place▁holder▁no▁796｜>","<｜place▁holder▁no▁39｜>","<｜place▁holder▁no▁793｜>","<｜place▁holder▁no▁62｜>","<｜place▁holder▁no▁46｜>","<｜place▁holder▁no▁185｜>"],"seen_logprobs":[{"tokens":[0,1,2,3,4,5,6,7,8,9,10,11,12,13,14,15,16,17,18,19],"logprobs":[-0.0102769695,-7.1352773,-7.2602773,-7.6977773,-7.8227773,-7.9477773,-8.072778,-8.572778,-8.572778,-8.697777,-8.697777,-8.760278,-8.947777,-9.010278,-9.010278,-9.135278,-9.260278,-9.322777,-9.322777,-9.447778]}]}