{"seen_tokens":["<think>","</think>","<｜place▁holder▁no▁2｜>","<｜place▁holder▁no▁795｜>","<｜place▁holder▁no▁794｜>","<｜place▁holder▁no▁1｜>","<｜place▁holder▁no▁797｜>","ము","<｜place▁holder▁no▁4｜>","<｜place▁holder▁no▁5｜>","<｜place▁holder▁no▁0｜>","<｜place▁holder▁no▁3｜>","<｜place▁holder▁no▁791｜>","<｜place▁holder▁no▁8｜>","<｜place▁holder▁no▁796｜>","<｜place▁holder▁no▁39｜>","<｜place▁holder▁no▁793｜>","<｜place▁holder▁no▁62｜>","<｜place▁holder▁no▁46｜>","<｜place▁holder▁no▁185｜>","<｜place▁holder▁no▁6｜>","<｜place▁holder▁no▁792｜>","<｜place▁holder▁no▁9｜>","<｜place▁holder▁no▁7｜>","<｜place▁holder▁no▁91｜>"],"seen_logprobs":[{"tokens":[0,1,2,3,4,5,6,7,8,9,10,11,12,13,14,15,16,17,18,19],"logprobs":[-0.0102769695,-7.1352773,-7.2602773,-7.6977773,-7.8227773,-7.9477773,-8.072778,-8.572778,-8.572778,-8.697777,-8.697777,-8.760278,-8.947777,-9.010278,-9.010278,-9.135278,-9.260278,-9.322777,-9.322777,-9.447778]},{"tokens":[0,1,2,5,12,3,11,6,8,10,9,14,13,4,16,19,20,21,22,15],"logprobs":[-0.00088116596,-8.125882,-8.375881,-9.750882,-10.438382,-10.500881,-10.500881,-10.563382,-10.688382,-10.938381,-11.250882,-11.313382,-11.563382,-11.688381,-11.688381,-12.375882,-12.563381,-12.813381,-13.125881,-13.375881]},{"tokens":[0,1,2,3,8,10,6,5,12,13,11,14,4,9,16,19,20,15,23,24],"logprobs":[-0.00041010446,-8.625411,-9.50041,-11.00041,-11.25041,-11.375411,-11.375411,-11.437911,-11.437911,-11.687911,-12.000411,-12.125411,-12.31291,-12.437911,-12.812911,-13.000411,-13.43791,-13.625411,-13.812911,-13.875411]}]}