{"seen_tokens":["Hello","It","Hi","How","Welcome","I","What","hello","Hey"," Hello","HI",">Hello","However","You"," Hi","_hello","Greetings","Please","To","它","hi"],"seen_logprobs":[{"tokens":[0,1,2,3,4,5,6,7,8,9,10,11,12,13,14,15,16,17,18,19],"logprobs":[-0.82183975,-1.4937148,-1.6812148,-1.8999648,-9.978089,-10.587464,-11.149964,-11.337464,-11.571839,-12.368714,-14.259339,-14.353089,-14.376527,-14.462464,-14.634339,-14.665589,-14.665589,-15.040589,-15.181214,-15.204652]},{"tokens":[0,1,2,3,4,5,6,7,8,9,10,11,12,13,14,16,15,17,18,20],"logprobs":[-0.81311524,-1.5006152,-1.6881152,-1.9068652,-9.969365,-10.594365,-11.156865,-11.32874,-11.54749,-12.35999,-14.258428,-14.344365,-14.383428,-14.45374,-14.64124,-14.649053,-14.656865,-15.024053,-15.17249,-15.180303]},{"tokens":[0,1,2,3,4,5,6,7,8,9,10,11,12,13,15,16,14,17,20,18],"logprobs":[-0.803926,-1.507051,-1.710176,-1.897676,-9.975801,-10.600801,-11.163301,-11.350801,-11.553926,-12.366426,-14.257051,-14.358614,-14.389864,-14.491426,-14.671114,-14.671114,-14.678926,-15.061739,-15.202364,-15.217989]}]}