{"seen_tokens":["Hello","It","Hi","How","Welcome","I","What","hello","Hey"," Hello","HI",">Hello","However","You"," Hi","_hello","Greetings","Please","To","它"],"seen_logprobs":[{"tokens":[0,1,2,3,4,5,6,7,8,9,10,11,12,13,14,15,16,17,18,19],"logprobs":[-0.82183975,-1.4937148,-1.6812148,-1.8999648,-9.978089,-10.587464,-11.149964,-11.337464,-11.571839,-12.368714,-14.259339,-14.353089,-14.376527,-14.462464,-14.634339,-14.665589,-14.665589,-15.040589,-15.181214,-15.204652]}]}