{"seen_tokens":["Hello","Hi","Hey","I","How","Greetings","It","Well","What","Good","Welcome","The","hello","Yes","Oh","ä½łå¥½","Is","Hola","Sure","My"],"seen_logprobs":[{"tokens":[0,1,2,3,4,5,6,7,8,9,10,11,12,13,14,15,16,17,18,19],"logprobs":[-0.12473505,-2.562235,-4.249735,-5.249735,-5.624735,-6.187235,-6.593485,-6.624735,-6.937235,-7.187235,-7.312235,-7.405985,-7.499735,-7.749735,-8.124735,-8.124735,-8.343485,-8.405985,-8.499735,-8.530985]}]}