{"seen_tokens":["Hello","Hi"," Hello","こんにちは","Greeting","hello","नमस्ते"," EBS"," codebase"," hydraul"," couplings"," channels","دة"," Sensors","</li>"," Channels","Merhaba","Hallo","）」"," Proteins","<!"],"seen_logprobs":[{"tokens":[0,1,2,3,4,5,6,7,8,9,10,11,12,13,14,15,16,17,18,19],"logprobs":[-0.00003421248,-10.312534,-13.812534,-19.187534,-21.093784,-21.64066,-22.29691,-22.39066,-22.750034,-23.437534,-23.57816,-23.687534,-23.757847,-23.886753,-23.929722,-23.949253,-23.960972,-23.97269,-24.007847,-24.011753]},{"tokens":[0,1,2,3,4,5,6,7,8,9,11,10,19,20,12,15,16,17,18,13],"logprobs":[-0.000046609744,-10.000047,-13.625047,-18.875046,-21.125046,-21.70317,-22.07817,-22.468796,-22.73442,-23.226608,-23.437546,-23.445358,-23.60942,-23.617233,-23.750046,-23.773483,-23.820358,-23.867233,-23.875046,-23.886765]}]}