{"seen_tokens":["Okay","Hmm","嗯","Alright","Well"," Okay","OK","Let","Hi","We","Hello","Good","Ok","好的","Hey"," okay","Oh","Yeah","okay","Now"],"seen_logprobs":[{"tokens":[0,1,2,3,4,5,6,7,8,9,10,11,12,13,14,15,16,17,18,19],"logprobs":[-0.000069854206,-10.50007,-10.75007,-11.25007,-12.87507,-13.75007,-13.87507,-14.00007,-14.25007,-14.75007,-14.75007,-15.12507,-15.37507,-15.50007,-15.50007,-15.87507,-17.37507,-17.62507,-18.37507,-18.37507]}]}