{"seen_tokens":["Hello","Hi"," Hello","Hey"," Hi","hello","HI","Hallo",">Hello","Hola","HEL","_hello"," hello","Greetings","Hell","你好","Oh","_hi","Bonjour","Hel"],"seen_logprobs":[{"tokens":[0,1,2,3,4,5,6,7,8,9,10,11,12,13,14,15,16,17,18,19],"logprobs":[-0.011048804,-4.511049,-13.886049,-16.63605,-17.38605,-17.63605,-18.01105,-18.13605,-18.26105,-18.63605,-19.01105,-19.26105,-19.38605,-21.26105,-21.76105,-22.13605,-22.13605,-22.38605,-22.38605,-22.51105]}]}