{"seen_tokens":["Hello","Hi","Hey","你好","👋"],"seen_logprobs":[{"tokens":[0,1,2,3,4],"logprobs":[-0.25814173,-1.5081418,-5.1331415,-8.7581415,-10.1331415]},{"tokens":[0,1,2,3,4],"logprobs":[-0.28794867,-1.4129486,-5.0379486,-8.787949,-10.162949]},{"tokens":[0,1,2,3,4],"logprobs":[-0.28795233,-1.4129523,-5.0379524,-8.787952,-10.162952]}]}