{"seen_tokens":["Hello","Hi","Hey","你好","👋"],"seen_logprobs":[{"tokens":[0,1,2,3,4],"logprobs":[-0.25814173,-1.5081418,-5.1331415,-8.7581415,-10.1331415]}]}