{"seen_tokens":["Hello","Hi","Hey","hello","Hola","Hmm","How","H","Hallo","Oh","He","hi","Greetings","HI","Good","Well","Hell","Welcome","Okay"," Hello"],"seen_logprobs":[{"tokens":[0,1,2,3,4,5,6,7,8,9,10,11,12,13,14,15,16,17,18,19],"logprobs":[-0.08915637,-2.4641564,-8.714156,-11.464156,-12.214156,-12.214156,-12.339156,-12.464156,-13.214156,-13.339156,-13.339156,-13.464156,-13.589156,-13.714156,-13.714156,-13.839156,-13.964156,-14.089156,-14.214156,-14.214156]}]}