{"seen_tokens":["Hello","Hi","It"," Hello","你好","Hey","hello","您好","You","I"," Hi",">Hello","Hallo","Hmm"," hello","_hello","Your","HI","HEL","Hola"],"seen_logprobs":[{"tokens":[0,1,2,3,4,5,6,7,8,9,10,11,12,13,14,15,16,17,18,19],"logprobs":[-0.015337618,-4.2653375,-6.7653375,-11.515338,-12.015338,-13.265338,-14.140338,-14.515338,-15.015338,-15.265338,-15.390338,-15.515338,-15.890338,-16.765337,-16.765337,-17.015337,-17.265337,-17.390337,-18.015337,-18.640337]}]}