{"seen_tokens":["<think>","</think>","Okay","<|im_start|>","<tool_response>","<tool_call>","<|im_end|>","_iface","$$","_ok","okay","大脑","brain","嗯"," Poison","脑","th","思考","เศรษ","_marshaled","อำนวยความ"],"seen_logprobs":[{"tokens":[0,1,2,3,4,5,6,7,8,9,10,11,12,13,14,15,16,17,18,19],"logprobs":[-5.960463e-7,-14.820313,-16.304688,-16.367188,-17.765625,-18.210938,-18.4375,-18.914062,-19.09375,-19.484375,-19.570312,-19.609375,-19.796875,-19.890625,-20.046875,-20.0625,-20.179688,-20.1875,-20.320312,-20.367188]},{"tokens":[0,1,2,3,4,5,6,7,8,9,10,11,12,13,15,14,16,17,18,19],"logprobs":[-5.960463e-7,-14.812501,-16.320312,-16.359375,-17.773438,-18.21875,-18.4375,-18.9375,-19.070312,-19.5,-19.578125,-19.625,-19.796875,-19.882812,-20.070312,-20.070312,-20.171875,-20.226562,-20.320312,-20.375]},{"tokens":[0,1,2,3,4,5,6,7,8,9,10,11,12,13,15,14,16,17,18,20],"logprobs":[-5.960463e-7,-14.835938,-16.34375,-16.382812,-17.789062,-18.234375,-18.453125,-18.945312,-19.101562,-19.507812,-19.59375,-19.640625,-19.820312,-19.921875,-20.078125,-20.085938,-20.203125,-20.234375,-20.328125,-20.390625]},{"tokens":[0,1,2,3,4,5,6,7,8,9,10,11,12,13,14,15,17,16,18,20],"logprobs":[-5.960463e-7,-14.835938,-16.359375,-16.390625,-17.796875,-18.242188,-18.453125,-18.914062,-19.109375,-19.523438,-19.585938,-19.609375,-19.8125,-19.929688,-20.0625,-20.085938,-20.195312,-20.195312,-20.328125,-20.398438]}]}