{"seen_tokens":["Hello","It","Hi","Looks","Hey","Seems","Could"," It","hello","I"," Hello","It's","How","Your","I'm","Greetings","it"," it","Is","Hola"],"seen_logprobs":[{"tokens":[0,1,2,3,4,5,6,7,8,9,10,11,12,13,14,15,16,17,18,19],"logprobs":[-0.20151724,-1.7015172,-9.201517,-13.076517,-15.576517,-15.576517,-15.701517,-16.201517,-16.451517,-16.826517,-16.826517,-17.201517,-17.326517,-17.326517,-17.576517,-17.826517,-17.951517,-18.076517,-18.451517,-18.576517]}]}