{"seen_tokens":["Hello","It","Hi","Looks","Hey","Seems","Could"," It","hello","I"," Hello","It's","How","Your","I'm","Greetings","it"," it","Is","Hola"],"seen_logprobs":[{"tokens":[0,1,2,3,4,5,6,7,8,9,10,11,12,13,14,15,16,17,18,19],"logprobs":[-0.20151724,-1.7015172,-9.201517,-13.076517,-15.576517,-15.576517,-15.701517,-16.201517,-16.451517,-16.826517,-16.826517,-17.201517,-17.326517,-17.326517,-17.576517,-17.826517,-17.951517,-18.076517,-18.451517,-18.576517]},{"tokens":[0,1,2,3,4,5,6,7,8,9,10,11,12,13,14,15,16,17,18,19],"logprobs":[-0.20151724,-1.7015172,-9.201517,-13.076517,-15.576517,-15.576517,-15.701517,-16.201517,-16.451517,-16.826517,-16.826517,-17.201517,-17.326517,-17.326517,-17.701517,-17.826517,-17.951517,-18.076517,-18.451517,-18.576517]},{"tokens":[0,1,2,3,4,6,5,7,8,10,9,12,11,13,14,16,17,15,18,19],"logprobs":[-0.25202805,-1.502028,-9.252028,-13.127028,-15.627028,-15.752028,-15.752028,-16.252028,-16.377028,-16.752028,-17.002028,-17.377028,-17.377028,-17.502028,-17.752028,-17.877028,-18.002028,-18.002028,-18.502028,-18.752028]}]}