{"seen_tokens":["The","Hello","Hi","用户","This","Hey","User","I","It","A","Good","How","You","G","In","We","1","[","I'm","\""],"seen_logprobs":[{"tokens":[0,1,2,3,4,5,6,7,8,9,10,11,12,13,14,15,16,17,18,19],"logprobs":[-0.0023053517,-6.6898055,-7.5023055,-8.564805,-9.189805,-10.314805,-10.877305,-11.189805,-11.252305,-11.689805,-11.689805,-11.939805,-12.064805,-12.064805,-12.314805,-12.314805,-12.439805,-12.564805,-12.877305,-12.939805]}]}