{"seen_tokens":["The","Hello","Hi","用户","This","Hey","User","I","It","A","Good","How","You","G","In","We","1","[","I'm","\""],"seen_logprobs":[{"tokens":[0,1,2,3,4,5,6,7,8,9,10,11,12,13,14,15,16,17,18,19],"logprobs":[-0.0023053517,-6.6898055,-7.5023055,-8.564805,-9.189805,-10.314805,-10.877305,-11.189805,-11.252305,-11.689805,-11.689805,-11.939805,-12.064805,-12.064805,-12.314805,-12.314805,-12.439805,-12.564805,-12.877305,-12.939805]},{"tokens":[0,1,2,3,4,5,6,7,8,9,10,11,12,13,15,17,14,16,18,19],"logprobs":[-0.0025854039,-6.5650854,-7.3150854,-8.752585,-8.940085,-10.315085,-10.940085,-11.127585,-11.315085,-11.627585,-11.752585,-11.940085,-11.940085,-12.190085,-12.252585,-12.440085,-12.502585,-12.627585,-12.690085,-12.752585]},{"tokens":[0,1,2,3,4,5,6,7,8,9,10,11,13,12,15,14,16,17,18,19],"logprobs":[-0.002259323,-6.6897593,-7.5647593,-8.502259,-9.314759,-10.314759,-10.939759,-11.252259,-11.377259,-11.564759,-11.814759,-11.877259,-12.127259,-12.189759,-12.314759,-12.439759,-12.689759,-12.814759,-13.002259,-13.002259]}]}