{"seen_tokens":["It","I","You","That","X","The","Your","x","What","Unfortunately","Just","A","However","To","Hello","it","Hi","This","\"","a"],"seen_logprobs":[{"tokens":[0,1,2,3,4,5,6,7,8,9,10,11,12,13,14,15,16,17,18,19],"logprobs":[-0.046149272,-4.2961493,-4.5148993,-4.8898993,-5.8117743,-6.4211493,-6.5305243,-6.7336493,-7.0930243,-7.2961493,-7.4211493,-7.7336493,-7.7648993,-8.233649,-8.241462,-8.718024,-8.741462,-8.991462,-9.147712,-9.436774]}]}