{"seen_tokens":["It","Since","Depending","Please","You","How"," It","I"," it","Because","As","**","Whether","If","Thinking","Assuming","Did","Hello","Could","Do"],"seen_logprobs":[{"tokens":[0,1,2,3,4,5,6,7,8,9,10,11,12,13,14,15,16,17,18,19],"logprobs":[-0.0040863594,-5.7540865,-7.7540865,-8.6290865,-8.7540865,-10.0040865,-10.2540865,-10.3790865,-11.9415865,-12.3790865,-12.6290865,-12.7540865,-13.0665865,-13.4415865,-13.5040865,-13.6915865,-13.7540865,-14.1290865,-14.6915865,-14.6915865]}]}