{"seen_tokens":["It","Since","Depending","Please","You","How"," It","I"," it","Because","As","**","Whether","If","Thinking","Assuming","Did","Hello","Could","Do","Everything"],"seen_logprobs":[{"tokens":[0,1,2,3,4,5,6,7,8,9,10,11,12,13,14,15,16,17,18,19],"logprobs":[-0.0040863594,-5.7540865,-7.7540865,-8.6290865,-8.7540865,-10.0040865,-10.2540865,-10.3790865,-11.9415865,-12.3790865,-12.6290865,-12.7540865,-13.0665865,-13.4415865,-13.5040865,-13.6915865,-13.7540865,-14.1290865,-14.6915865,-14.6915865]},{"tokens":[0,1,2,3,4,5,7,6,8,9,10,12,11,13,14,16,15,17,19,18],"logprobs":[-0.0036879638,-5.878688,-7.753688,-8.628688,-9.003688,-10.003688,-10.128688,-10.253688,-11.753688,-12.441188,-12.566188,-13.003688,-13.066188,-13.441188,-13.628688,-13.753688,-13.816188,-14.191188,-14.441188,-14.753688]},{"tokens":[0,1,2,3,4,5,7,6,8,9,10,11,12,14,13,15,16,17,20,19],"logprobs":[-0.0047454117,-5.6297455,-7.5047455,-8.3797455,-8.7547455,-9.3797455,-9.8797455,-10.2547455,-11.8797455,-12.2547455,-12.5047455,-12.6297455,-12.6922455,-13.3172455,-13.4422455,-13.5672455,-13.6922455,-13.8172455,-14.5047455,-14.5047455]},{"tokens":[0,1,2,3,4,5,7,6,8,9,10,11,12,13,14,15,16,17,19,20],"logprobs":[-0.0041038115,-5.7541037,-7.7541037,-8.629104,-8.754104,-9.754104,-10.129104,-10.379104,-11.941604,-12.441604,-12.754104,-12.816604,-12.941604,-13.254104,-13.566604,-13.691604,-13.691604,-14.129104,-14.566604,-14.691604]}]}