{"seen_tokens":["I","Hello","It","Your","You","您","您的","Sorry","x","What","你好","Hi","Could","Can","您好","你","Please","How","Is","The","我","¡"],"seen_logprobs":[{"tokens":[0,1,2,3,4,5,6,7,8,9,10,11,12,13,14,15,16,17,18,19],"logprobs":[-0.8709124,-1.1209123,-1.7459123,-4.5584126,-4.5584126,-5.1834126,-5.3709126,-5.3709126,-5.5584126,-5.7459126,-5.9334126,-5.9959126,-6.3709126,-6.4959126,-6.5584126,-6.7459126,-6.8709126,-7.1209126,-7.1834126,-7.1834126]},{"tokens":[0,1,2,4,3,5,6,10,7,9,8,11,14,12,15,13,16,17,20,21],"logprobs":[-0.9485699,-1.0735699,-1.6985699,-4.57357,-4.69857,-4.94857,-5.26107,-5.38607,-5.38607,-5.63607,-5.63607,-6.01107,-6.19857,-6.38607,-6.44857,-6.51107,-6.76107,-6.94857,-7.01107,-7.07357]}]}