{"seen_tokens":["Hello","Hi","Hey","¡","**","H"," Hello","","How","hello","Hay"," Hey","Ol","He","It"," Hi","I","hi","Welcome","Sal"],"seen_logprobs":[{"tokens":[0,1,2,3,4,5,6,7,8,9,10,11,12,13,14,15,16,17,18,19],"logprobs":[-0.16744383,-2.2924438,-3.1674438,-4.8549438,-7.5424438,-8.167444,-8.167444,-8.292444,-8.979944,-9.042444,-9.354944,-9.604944,-9.604944,-9.792444,-9.792444,-9.854944,-9.979944,-10.229944,-10.229944,-10.354944]}]}