{"seen_tokens":["Hello","Hi","Hey","¡","**","H"," Hello","","How","hello","Hay"," Hey","Ol","He","It"," Hi","I","hi","Welcome","Sal"],"seen_logprobs":[{"tokens":[0,1,2,3,4,5,6,7,8,9,10,11,12,13,14,15,16,17,18,19],"logprobs":[-0.16744383,-2.2924438,-3.1674438,-4.8549438,-7.5424438,-8.167444,-8.167444,-8.292444,-8.979944,-9.042444,-9.354944,-9.604944,-9.604944,-9.792444,-9.792444,-9.854944,-9.979944,-10.229944,-10.229944,-10.354944]},{"tokens":[0,1,2,3,4,6,5,7,8,9,10,11,12,14,13,15,16,17,18,19],"logprobs":[-0.16742305,-2.292423,-3.167423,-4.8549232,-7.5424232,-8.167423,-8.229923,-8.292423,-8.917423,-9.104923,-9.354923,-9.604923,-9.604923,-9.729923,-9.854923,-9.854923,-9.979923,-10.229923,-10.229923,-10.417423]},{"tokens":[1,0,2,3,4,5,6,7,8,9,10,11,12,14,13,15,16,17,18,19],"logprobs":[-2.1808698,-0.18086977,-3.1808698,-4.8683696,-7.5558696,-8.18087,-8.18087,-8.30587,-8.86837,-9.05587,-9.36837,-9.55587,-9.55587,-9.74337,-9.80587,-9.80587,-9.93087,-10.11837,-10.18087,-10.36837]}]}