{"seen_tokens":["It","\"","You","If","How","Please","Since","To","Is","I","In","Depending","'","**","The","`","As","X","What","Your"],"seen_logprobs":[{"tokens":[0,1,2,3,4,5,6,7,8,9,10,11,12,13,14,15,16,17,18,19],"logprobs":[-0.000034332865,-11.358033,-12.033463,-12.191445,-12.992936,-13.318796,-13.428068,-13.923738,-14.034748,-14.425699,-14.425699,-14.594377,-14.82031,-14.82031,-15.104354,-15.218465,-15.504961,-15.793157,-15.9089,-16.199392]}]}