{"seen_tokens":["It","\"","You","If","How","Please","Since","To","Is","I","In","Depending","'","**","The","`","As","X","What","Your"," It"],"seen_logprobs":[{"tokens":[0,1,2,3,4,5,6,7,8,9,10,11,12,13,14,15,16,17,18,19],"logprobs":[-0.000034332865,-11.358033,-12.033463,-12.191445,-12.992936,-13.318796,-13.428068,-13.923738,-14.034748,-14.425699,-14.425699,-14.594377,-14.82031,-14.82031,-15.104354,-15.218465,-15.504961,-15.793157,-15.9089,-16.199392]},{"tokens":[0,1,2,3,4,5,6,8,7,9,10,11,12,13,14,15,16,17,18,20],"logprobs":[-0.00002908749,-11.56425,-12.191441,-12.2972,-13.264276,-13.482821,-13.537658,-14.034743,-14.090366,-14.481846,-14.594372,-14.820305,-15.047397,-15.047397,-15.27562,-15.44752,-15.677672,-15.73538,-16.024897,-16.228523]}]}