{"seen_tokens":["The","We","User","Hmm","There's","This"],"seen_logprobs":[{"tokens":[0,1,2,3,4],"logprobs":[-0.39049804,-1.140498,-6.890498,-7.765498,-7.765498]},{"tokens":[0,1,2,3,5],"logprobs":[-0.35156056,-1.2265606,-7.1015606,-7.6015606,-8.101561]}]}