{"seen_tokens":["The","We","User","Hmm","There's"],"seen_logprobs":[{"tokens":[0,1,2,3,4],"logprobs":[-0.39049804,-1.140498,-6.890498,-7.765498,-7.765498]}]}