{"seen_tokens":["I","Hello","It","You","Your","x","您","Sorry","您的","What","你好","Hi","Could","Can","您好","Please","你","Is","How","Do","我","The"],"seen_logprobs":[{"tokens":[0,1,2,3,4,5,6,7,8,9,10,11,12,13,14,15,16,17,18,19],"logprobs":[-1.0285474,-1.0285474,-1.6535474,-3.9035473,-4.5285473,-5.0910473,-5.1535473,-5.2785473,-5.3410473,-5.6535473,-5.8410473,-6.0285473,-6.4035473,-6.5910473,-6.6535473,-6.7160473,-6.7785473,-7.1535473,-7.1535473,-7.1535473]},{"tokens":[0,1,2,3,4,6,8,5,7,9,10,11,14,12,13,16,15,18,17,20],"logprobs":[-0.9105551,-1.1605551,-1.6605551,-4.035555,-4.598055,-5.035555,-5.160555,-5.160555,-5.160555,-5.660555,-5.785555,-6.035555,-6.410555,-6.410555,-6.473055,-6.660555,-6.848055,-7.035555,-7.098055,-7.160555]},{"tokens":[1,0,2,3,4,5,6,7,8,9,10,11,12,13,14,15,16,17,18,19],"logprobs":[-1.0285474,-1.0285474,-1.6535474,-3.9035473,-4.5285473,-5.0910473,-5.1535473,-5.2785473,-5.3410473,-5.6535473,-5.8410473,-6.0285473,-6.4035473,-6.5910473,-6.6535473,-6.7160473,-6.7785473,-7.1535473,-7.1535473,-7.1535473]},{"tokens":[0,1,2,3,4,5,7,6,8,9,11,10,12,13,14,15,16,17,18,21],"logprobs":[-0.9355403,-1.0605403,-1.6855403,-4.18554,-4.74804,-5.24804,-5.31054,-5.49804,-5.68554,-5.81054,-6.06054,-6.06054,-6.56054,-6.68554,-6.74804,-6.99804,-7.12304,-7.24804,-7.31054,-7.37304]}]}