{"seen_tokens":["I","Hello","It","You","Your","x","您","Sorry","您的","What","你好","Hi","Could","Can","您好","Please","你","Is","How","Do"],"seen_logprobs":[{"tokens":[0,1,2,3,4,5,6,7,8,9,10,11,12,13,14,15,16,17,18,19],"logprobs":[-1.0285474,-1.0285474,-1.6535474,-3.9035473,-4.5285473,-5.0910473,-5.1535473,-5.2785473,-5.3410473,-5.6535473,-5.8410473,-6.0285473,-6.4035473,-6.5910473,-6.6535473,-6.7160473,-6.7785473,-7.1535473,-7.1535473,-7.1535473]}]}