{"seen_tokens":["I","Hello","It","You","Your","x","您","Sorry","您的","What","你好","Hi","Could","Can","您好","Please","你","Is","How","Do","我"],"seen_logprobs":[{"tokens":[0,1,2,3,4,5,6,7,8,9,10,11,12,13,14,15,16,17,18,19],"logprobs":[-1.0285474,-1.0285474,-1.6535474,-3.9035473,-4.5285473,-5.0910473,-5.1535473,-5.2785473,-5.3410473,-5.6535473,-5.8410473,-6.0285473,-6.4035473,-6.5910473,-6.6535473,-6.7160473,-6.7785473,-7.1535473,-7.1535473,-7.1535473]},{"tokens":[0,1,2,3,4,6,8,5,7,9,10,11,14,12,13,16,15,18,17,20],"logprobs":[-0.9105551,-1.1605551,-1.6605551,-4.035555,-4.598055,-5.035555,-5.160555,-5.160555,-5.160555,-5.660555,-5.785555,-6.035555,-6.410555,-6.410555,-6.473055,-6.660555,-6.848055,-7.035555,-7.098055,-7.160555]}]}