{"seen_tokens":["你好","Hello","您好","有什么","欢迎"],"seen_logprobs":[{"tokens":[0,1,2,3,4],"logprobs":[-0.00195515,-6.876955,-7.126955,-10.501955,-11.251955]},{"tokens":[0,2,1,3,4],"logprobs":[-0.0014577,-7.1264577,-7.5014577,-10.251458,-11.501458]}]}