{"seen_tokens":["你好","Hello","您好","有什么","欢迎","你是"],"seen_logprobs":[{"tokens":[0,1,2,3,4],"logprobs":[-0.00195515,-6.876955,-7.126955,-10.501955,-11.251955]},{"tokens":[0,2,1,3,4],"logprobs":[-0.0014577,-7.1264577,-7.5014577,-10.251458,-11.501458]},{"tokens":[0,1,2,4,3],"logprobs":[-0.00156483,-6.876565,-7.626565,-12.001565,-12.001565]},{"tokens":[0,1,2,5,4],"logprobs":[-0.00127592,-7.126276,-7.751276,-12.001276,-12.126276]}]}