{"seen_tokens":["Hello","Hi","{","👋","Healthy","$\\","`","True","_","Template","Type"," sense","Step","(","Halo","Here","Ass","How"," Hello","Phase"],"seen_logprobs":[{"tokens":[0,1,2,3,4,5,6,7,8,9,10,11,12,13,14,15,16,17,18,19],"logprobs":[-0.000001072883,-14.468751,-15.529298,-17.250002,-17.46094,-17.77344,-17.859377,-18.390627,-18.437502,-18.562502,-19.031252,-19.093752,-19.093752,-19.125002,-19.218752,-19.234377,-19.296877,-19.328127,-19.359377,-19.437502]}]}