{"seen_tokens":["Hello","Hi","{","👋","Healthy","$\\","`","True","_","Template","Type"," sense","Step","(","Halo","Here","Ass","How"," Hello","Phase","Hey"],"seen_logprobs":[{"tokens":[0,1,2,3,4,5,6,7,8,9,10,11,12,13,14,15,16,17,18,19],"logprobs":[-0.000001072883,-14.468751,-15.529298,-17.250002,-17.46094,-17.77344,-17.859377,-18.390627,-18.437502,-18.562502,-19.031252,-19.093752,-19.093752,-19.125002,-19.218752,-19.234377,-19.296877,-19.328127,-19.359377,-19.437502]},{"tokens":[0,1,2,3,4,6,5,7,8,9,10,12,11,13,14,17,19,16,15,20],"logprobs":[-9.5367386e-7,-14.468751,-15.460938,-17.242188,-17.507812,-17.71875,-17.8125,-18.453125,-18.515625,-18.65625,-19.03125,-19.0625,-19.140625,-19.15625,-19.265625,-19.28125,-19.296875,-19.296875,-19.296875,-19.375]},{"tokens":[0,1,2,3,4,6,5,7,8,9,12,13,10,15,20,14,16,19,17,11],"logprobs":[-0.0000011920922,-14.289063,-15.369142,-17.125002,-17.24219,-17.507814,-17.58594,-18.203127,-18.390627,-18.578127,-18.828127,-18.984377,-19.046877,-19.187502,-19.218752,-19.218752,-19.250002,-19.312502,-19.359377,-19.375002]},{"tokens":[0,1,2,3,4,6,5,7,8,9,12,13,10,14,15,20,11,16,17,19],"logprobs":[-0.0000011920922,-14.367188,-15.435548,-17.070314,-17.27344,-17.55469,-17.77344,-18.328127,-18.453127,-18.546877,-18.937502,-19.000002,-19.046877,-19.156252,-19.156252,-19.171877,-19.187502,-19.281252,-19.281252,-19.359377]}]}