{"seen_tokens":["It","I","That","This","You","Unfortunately","A","Not","There","Could","Is","Your","Nothing","To","Too","However","X","Since","Only","The"],"seen_logprobs":[{"tokens":[0,1,2,3,4,5,6,7,8,9,10,11,12,13,14,15,16,17,18,19],"logprobs":[-0.01796463,-5.267965,-5.642965,-6.017965,-6.267965,-6.767965,-7.142965,-7.392965,-7.642965,-7.955465,-8.455464,-8.517964,-9.080464,-9.267964,-9.267964,-9.392964,-9.955464,-9.955464,-10.017964,-10.205464]}]}