{"seen_tokens":["你好","您好","Hello","哈","嗨","Hi","H","看起来","欢迎","#","嘿","好的","I","X","При","看到","Hey","こ","你的","你"],"seen_logprobs":[{"tokens":[0,1,2,3,4,5,6,7,8,9,10,11,12,13,14,15,16,17,18,19],"logprobs":[-0.17839034,-2.3033903,-3.5533903,-4.4283905,-4.67839,-5.9283905,-6.4283905,-6.8033905,-6.9283905,-7.0533905,-7.3033905,-7.8033905,-8.0533905,-8.1783905,-8.1783905,-8.4283905,-8.4283905,-8.4283905,-8.6783905,-8.6783905]}]}