{"seen_tokens":["你好","您好","Hello","哈","嗨","Hi","H","看起来","欢迎","#","嘿","好的","I","X","При","看到","Hey","こ","你的","你","哈哈","我","啊","哦","您","看来"],"seen_logprobs":[{"tokens":[0,1,2,3,4,5,6,7,8,9,10,11,12,13,14,15,16,17,18,19],"logprobs":[-0.17839034,-2.3033903,-3.5533903,-4.4283905,-4.67839,-5.9283905,-6.4283905,-6.8033905,-6.9283905,-7.0533905,-7.3033905,-7.8033905,-8.0533905,-8.1783905,-8.1783905,-8.4283905,-8.4283905,-8.4283905,-8.6783905,-8.6783905]},{"tokens":[0,1,3,4,2,6,5,8,7,9,10,20,13,21,12,19,17,22,11,23],"logprobs":[-0.23435068,-2.1093507,-3.1093507,-4.3593507,-4.6093507,-5.9843507,-5.9843507,-5.9843507,-6.2343507,-6.4843507,-6.7343507,-7.2343507,-7.7343507,-7.8593507,-7.8593507,-8.234351,-8.35935,-8.484351,-8.484351,-8.484351]},{"tokens":[0,1,2,3,4,7,5,6,24,12,19,10,17,11,21,13,14,8,25,15],"logprobs":[-0.33001813,-1.9550183,-3.080018,-3.7050183,-4.080018,-4.080018,-5.205018,-5.705018,-6.205018,-6.205018,-6.455018,-6.580018,-6.580018,-6.705018,-6.830018,-6.955018,-6.955018,-7.080018,-7.455018,-7.580018]}]}