{"seen_tokens":["你好","抱歉","您好","你","Hi","好的","You","H","（","很","嗯","嗨","由于","The","Sorry","“","Hello","对不起","I","This","It","看起来","我","您"],"seen_logprobs":[{"tokens":[0,1,2,3,4,5,6,7,8,9,10,11,12,13,14,15,16,17,18,19],"logprobs":[-0.04120995,-4.54121,-4.66621,-5.41621,-5.79121,-6.04121,-6.29121,-6.54121,-7.04121,-7.29121,-7.54121,-7.66621,-7.66621,-7.66621,-7.91621,-8.16621,-8.29121,-8.29121,-8.41621,-8.54121]},{"tokens":[0,2,5,18,9,1,6,20,4,3,16,21,12,19,13,17,22,15,23,7],"logprobs":[-0.07161263,-3.3216126,-5.321613,-5.446613,-5.571613,-5.571613,-5.696613,-5.946613,-5.946613,-6.196613,-7.571613,-7.571613,-7.696613,-7.946613,-8.071612,-8.321612,-8.321612,-8.446612,-8.446612,-8.571612]},{"tokens":[0,2,3,1,4,5,18,20,6,9,21,17,12,7,16,19,14,15,22,13],"logprobs":[-0.084747724,-3.3347478,-4.709748,-4.834748,-5.084748,-5.459748,-5.834748,-5.834748,-6.334748,-6.584748,-6.709748,-6.959748,-7.084748,-7.209748,-7.584748,-7.709748,-7.709748,-7.959748,-8.084747,-8.209747]},{"tokens":[0,2,1,5,3,4,9,18,12,6,20,17,21,8,15,14,19,22,16,7],"logprobs":[-0.08263335,-3.8326333,-4.2076335,-4.7076335,-5.0826335,-5.2076335,-5.4576335,-5.9576335,-6.3326335,-6.3326335,-6.5826335,-6.7076335,-6.7076335,-6.8326335,-7.4576335,-7.5826335,-7.5826335,-7.7076335,-7.8326335,-7.9576335]}]}