{"seen_tokens":["你好","抱歉","您好","你","Hi","好的","You","H","（","很","嗯","嗨","由于","The","Sorry","“","Hello","对不起","I","This"],"seen_logprobs":[{"tokens":[0,1,2,3,4,5,6,7,8,9,10,11,12,13,14,15,16,17,18,19],"logprobs":[-0.04120995,-4.54121,-4.66621,-5.41621,-5.79121,-6.04121,-6.29121,-6.54121,-7.04121,-7.29121,-7.54121,-7.66621,-7.66621,-7.66621,-7.91621,-8.16621,-8.29121,-8.29121,-8.41621,-8.54121]}]}