{"seen_tokens":["你好","抱歉","您好","你","Hi","好的","You","H","（","很","嗯","嗨","由于","The","Sorry","“","Hello","对不起","I","This","It","看起来","我","您"],"seen_logprobs":[{"tokens":[0,1,2,3,4,5,6,7,8,9,10,11,12,13,14,15,16,17,18,19],"logprobs":[-0.04120995,-4.54121,-4.66621,-5.41621,-5.79121,-6.04121,-6.29121,-6.54121,-7.04121,-7.29121,-7.54121,-7.66621,-7.66621,-7.66621,-7.91621,-8.16621,-8.29121,-8.29121,-8.41621,-8.54121]},{"tokens":[0,2,5,18,9,1,6,20,4,3,16,21,12,19,13,17,22,15,23,7],"logprobs":[-0.07161263,-3.3216126,-5.321613,-5.446613,-5.571613,-5.571613,-5.696613,-5.946613,-5.946613,-6.196613,-7.571613,-7.571613,-7.696613,-7.946613,-8.071612,-8.321612,-8.321612,-8.446612,-8.446612,-8.571612]}]}