{"seen_tokens":["It","Hello","The","To","I"],"seen_logprobs":[{"tokens":[0,1,2,3,4],"logprobs":[-0.23533632,-1.9853363,-3.9853363,-4.3603363,-4.6103363]}]}