{"seen_tokens":["It","Hello","The","To","I"],"seen_logprobs":[{"tokens":[0,1,2,3,4],"logprobs":[-0.23533632,-1.9853363,-3.9853363,-4.3603363,-4.6103363]},{"tokens":[0,1,2,3,4],"logprobs":[-0.23725799,-1.987258,-3.987258,-4.362258,-4.487258]},{"tokens":[0,1,2,3,4],"logprobs":[-0.2627714,-1.8877714,-3.8877714,-4.2627716,-4.5127716]}]}