{"seen_tokens":["It","You","I","That","X","Your","x","Unfortunately","The","What","Just","However","A","it","To","Hello","This","How","a","Hi"],"seen_logprobs":[{"tokens":[0,1,2,3,4,5,6,7,8,9,10,11,12,13,14,15,16,17,18,19],"logprobs":[-0.054546654,-4.179547,-4.304547,-4.804547,-5.179547,-6.179547,-6.429547,-6.679547,-6.679547,-7.179547,-7.554547,-7.804547,-7.929547,-8.554546,-8.617046,-9.054546,-9.117046,-9.304546,-9.554546,-9.617046]},{"tokens":[0,2,1,3,4,5,8,7,6,9,11,10,12,14,13,15,16,17,19,18],"logprobs":[-0.04708488,-4.172085,-4.422085,-4.922085,-5.547085,-6.297085,-7.047085,-7.172085,-7.172085,-7.672085,-7.797085,-7.922085,-8.422085,-8.672085,-8.859585,-9.359585,-9.422085,-9.797085,-9.797085,-10.047085]}]}