{"seen_tokens":["It","You","I","That","X","Your","x","Unfortunately","The","What","Just","However","A","it","To","Hello","This","How","a","Hi"],"seen_logprobs":[{"tokens":[0,1,2,3,4,5,6,7,8,9,10,11,12,13,14,15,16,17,18,19],"logprobs":[-0.054546654,-4.179547,-4.304547,-4.804547,-5.179547,-6.179547,-6.429547,-6.679547,-6.679547,-7.179547,-7.554547,-7.804547,-7.929547,-8.554546,-8.617046,-9.054546,-9.117046,-9.304546,-9.554546,-9.617046]}]}