{"seen_tokens":["‚ĖĀThe","‚ĖĀ","‚ĖĀ=","‚ĖĀTo","‚ĖĀis","‚ĖĀI","‚ĖĀA","‚ĖĀx","‚ĖĀWrite","‚ĖĀWhat","‚ĖĀ-","‚ĖĀGiven","‚ĖĀThere","‚ĖĀIn","‚ĖĀHello","‚ĖĀy","‚ĖĀYou","‚ĖĀIf","‚ĖĀHow","‚ĖĀThis"],"seen_logprobs":[{"tokens":[0,1,2,3,4,5,6,7,8,9,10,11,12,13,14,15,16,17,18,19],"logprobs":[-2.6706889,-1.9206889,-2.4206889,-2.7956889,-2.9206889,-3.1081889,-3.2956889,-3.3581889,-3.3581889,-3.6081889,-3.7331889,-3.7956889,-3.9831889,-4.1706886,-4.2331886,-4.4831886,-4.4831886,-4.5456886,-4.6081886,-4.6081886]}]}