{"seen_tokens":["I","It","Sure","Sorry","x","The","Your","As","A","What","This","[","To","That","Unfortunately","Looks","Let","An","Okay","##"],"seen_logprobs":[{"tokens":[0,1,2,3,4,5,6,7,8,9,10,11,12,13,14,15,16,17,18,19],"logprobs":[-1.3535881,-1.7442131,-1.9629631,-2.712963,-2.791088,-3.228588,-3.9239006,-4.1582756,-4.322338,-4.494213,-4.525463,-4.6426506,-4.9239006,-4.9551506,-4.994213,-5.1114006,-5.150463,-5.384838,-5.4239006,-5.4864006]}]}