{"seen_tokens":["Hello","Hi","Hey"," Hello","\n","Good"],"seen_logprobs":[{"tokens":[0,1,2,3,4],"logprobs":[-0.000017478143,-11.000017,-14.750017,-15.250017,-16.500017]},{"tokens":[0,1,2,3,5],"logprobs":[-0.000010206721,-11.5000105,-17.25001,-18.50001,-20.37501]},{"tokens":[0,1,2,3,4],"logprobs":[-0.00003631232,-10.250036,-14.500036,-15.250036,-17.000036]},{"tokens":[0,1,2,3,5],"logprobs":[-0.000010206721,-11.5000105,-17.25001,-18.25001,-20.37501]}]}