{"seen_tokens":["\n","</think>","\n\n","1"," ","\r\n"," \n",".\n"," (","\n\n\n",":\n"," \"","**\n","I","The","Plan","<think>"," aut","x","um"],"seen_logprobs":[{"tokens":[0,1,2,3,4,5,6,7,8,9,10,11,12,13,14,15,16,17,18,19],"logprobs":[-0.0000046491514,-12.35938,-14.98438,-17.648441,-18.570316,-19.906254,-20.242191,-20.257816,-20.351566,-20.359379,-20.609379,-20.671879,-20.718754,-20.875004,-20.960941,-20.992191,-21.000004,-21.054691,-21.093754,-21.125004]},{"tokens":[0,1,2,3,4,5,6,7,8,9,10,11,12,13,14,16,15,17,18,19],"logprobs":[-0.0000046491514,-12.35938,-14.976567,-17.656254,-18.562504,-19.914066,-20.234379,-20.265629,-20.351566,-20.359379,-20.617191,-20.664066,-20.718754,-20.875004,-20.968754,-20.992191,-21.000004,-21.062504,-21.101566,-21.125004]}]}