{"seen_tokens":["<think>","The","x","1","We","This"," The","\n","</think>","o","<|tool_call_begin|>","<|im_end|>",".The","_x","0"," o","7",".\n","-The","\"The"],"seen_logprobs":[{"tokens":[0,1,2,3,4,5,6,7,8,9,10,11,12,13,14,15,16,17,18,19],"logprobs":[0.0,-17.0625,-21.375,-21.4375,-22.0625,-22.5,-22.5625,-22.875,-23.375,-23.625,-23.75,-23.90625,-24.0,-24.21875,-24.28125,-24.34375,-24.53125,-24.53125,-24.5625,-24.6875]}]}