{"seen_tokens":["<think>","The","x","1","We","This"," The","\n","</think>","o","<|tool_call_begin|>","<|im_end|>",".The","_x","0"," o","7",".\n","-The","\"The","Okay","I","n"],"seen_logprobs":[{"tokens":[0,1,2,3,4,5,6,7,8,9,10,11,12,13,14,15,16,17,18,19],"logprobs":[0.0,-17.0625,-21.375,-21.4375,-22.0625,-22.5,-22.5625,-22.875,-23.375,-23.625,-23.75,-23.90625,-24.0,-24.21875,-24.28125,-24.34375,-24.53125,-24.53125,-24.5625,-24.6875]},{"tokens":[0,1,2,4,5,3,7,6,8,9,10,11,15,13,20,12,17,14,19,21],"logprobs":[0.0,-17.5,-22.0625,-22.875,-23.0,-23.0625,-23.125,-23.375,-24.0,-24.4375,-24.59375,-24.6875,-24.78125,-24.9375,-24.9375,-25.0625,-25.1875,-25.5,-25.5625,-25.59375]},{"tokens":[0,1,2,3,4,7,5,6,8,10,9,11,14,13,12,16,15,17,22,19],"logprobs":[0.0,-17.4375,-21.6875,-21.6875,-22.6875,-22.8125,-22.875,-22.875,-23.5625,-24.0,-24.125,-24.28125,-24.46875,-24.59375,-24.75,-24.96875,-25.03125,-25.09375,-25.15625,-25.3125]},{"tokens":[0,1,4,2,5,3,6,7,10,9,8,20,11,12,21,15,17,14,13,19],"logprobs":[-1.1920928e-7,-16.0,-21.0625,-21.3125,-21.5,-21.5625,-22.0,-22.5,-23.0,-23.03125,-23.0625,-23.375,-23.53125,-23.5625,-23.71875,-23.75,-23.8125,-24.3125,-24.34375,-24.4375]}]}