{"seen_tokens":["<th","I","It","The","Hi","You","Hmm","To","Hello","th","```","/th","What","In","That","A","Your","Please","(th","When","If","There"],"seen_logprobs":[{"tokens":[0,1,2,3,4,5,6,7,8,9,10,11,12,13,14,15,16,17,18,19],"logprobs":[-0.14966874,-2.1496687,-4.0246687,-7.2746687,-7.5871687,-8.024669,-8.524669,-9.024669,-9.149669,-9.149669,-9.462169,-9.524669,-9.524669,-9.712169,-9.712169,-9.774669,-9.962169,-9.962169,-10.024669,-10.024669]},{"tokens":[0,1,2,3,5,6,4,10,7,14,18,9,15,11,12,8,13,20,17,16],"logprobs":[-0.11346662,-2.3634667,-4.6134667,-7.4259667,-8.050966,-8.675966,-8.675966,-9.613466,-9.613466,-9.800966,-10.050966,-10.050966,-10.050966,-10.113466,-10.113466,-10.175966,-10.300966,-10.425966,-10.425966,-10.425966]},{"tokens":[0,1,2,3,5,4,7,6,19,12,16,15,14,9,8,11,17,10,13,21],"logprobs":[-0.466161,-1.091161,-3.591161,-6.216161,-6.716161,-8.153661,-8.341161,-8.653661,-8.778661,-8.841161,-8.966161,-8.966161,-9.028661,-9.091161,-9.216161,-9.341161,-9.341161,-9.403661,-9.466161,-9.528661]},{"tokens":[0,1,2,3,5,4,6,12,11,7,9,15,8,18,17,10,14,16,19,21],"logprobs":[-0.14458324,-2.1445832,-4.332083,-6.894583,-7.957083,-8.707084,-9.082084,-9.519584,-9.582084,-9.644584,-9.707084,-9.769584,-9.769584,-9.894584,-9.957084,-9.957084,-9.957084,-10.019584,-10.082084,-10.082084]}]}