{"seen_tokens":["Hi","Hello","Hey"," Hello","hello","Hola",">Hello","HI"," Hi","H","Hallo","_hello","👋"," hello","HEL","Greetings","你好","You","Hell","Oh"],"seen_logprobs":[{"tokens":[0,1,2,3,4,5,6,7,8,9,10,11,12,13,14,15,16,17,18,19],"logprobs":[-4.5111485,-0.011148306,-10.261148,-10.386148,-11.698648,-12.198648,-12.511148,-12.698648,-13.261148,-13.261148,-13.448648,-13.511148,-13.698648,-13.761148,-13.886148,-14.198648,-14.261148,-15.198648,-15.386148,-15.511148]}]}