{"seen_tokens":["It","I","You","X","That","x","Your","The","Unfortunately","However","To","Just","What","Hello","it","A","This","There","Single","Since","Hi","How","single"],"seen_logprobs":[{"tokens":[0,1,2,3,4,5,6,7,8,9,10,11,12,13,14,15,16,17,18,19],"logprobs":[-0.040995434,-4.0409956,-4.2909956,-6.0409956,-6.5409956,-7.0409956,-7.2909956,-7.7284956,-7.7909956,-7.9784956,-8.353496,-8.603496,-8.603496,-9.165996,-9.290996,-9.728496,-9.790996,-9.853496,-9.853496,-9.853496]},{"tokens":[0,1,2,3,5,4,6,8,7,9,10,12,11,13,20,14,16,17,21,15],"logprobs":[-0.04338843,-3.9183884,-4.6683884,-5.4183884,-6.0433884,-6.2933884,-7.4183884,-7.5433884,-7.6683884,-7.6683884,-8.105888,-8.355888,-8.605888,-8.855888,-9.043388,-9.418388,-9.668388,-9.668388,-9.730888,-9.793388]},{"tokens":[0,1,2,3,4,5,6,8,10,7,9,13,12,20,11,14,16,22,17,15],"logprobs":[-0.06756589,-3.317566,-4.567566,-5.067566,-5.942566,-5.942566,-6.817566,-7.192566,-7.442566,-7.567566,-7.880066,-8.005066,-8.067566,-8.630066,-8.692566,-8.880066,-9.130066,-9.192566,-9.442566,-9.442566]}]}