{"seen_tokens":["Hello","Hi","I","It"," Hello","你好","您好",">Hello","hello","Hola","X","Hallo","Hey","看起来","Hell","x","You","He","HI","The","H","_hello"],"seen_logprobs":[{"tokens":[0,1,2,3,4,5,6,7,8,9,10,11,12,13,14,15,16,17,18,19],"logprobs":[-0.00020728348,-8.500207,-12.500207,-17.375208,-18.000208,-20.375208,-20.625208,-21.500208,-22.625208,-22.750208,-22.875208,-22.875208,-23.125208,-23.250208,-24.000208,-24.750208,-24.875208,-25.125208,-25.500208,-25.625208]},{"tokens":[0,1,2,3,4,5,6,7,9,11,8,10,13,12,14,16,17,15,19,18],"logprobs":[-0.00026746988,-8.250267,-12.000267,-16.750267,-17.875267,-20.375267,-20.500267,-21.000267,-22.250267,-22.375267,-22.625267,-22.750267,-22.875267,-22.875267,-23.875267,-24.375267,-24.375267,-24.625267,-25.125267,-25.375267]},{"tokens":[0,1,2,3,4,5,6,7,9,11,10,8,12,13,14,17,15,16,19,20],"logprobs":[-0.0003402846,-8.00034,-12.25034,-17.00034,-17.75034,-20.25034,-20.37534,-20.87534,-22.00034,-22.25034,-22.37534,-22.87534,-23.00034,-23.00034,-23.75034,-24.25034,-24.37534,-24.37534,-25.12534,-25.12534]},{"tokens":[0,1,2,4,3,6,5,7,8,9,10,13,11,12,14,15,21,16,18,20],"logprobs":[-0.0001631842,-8.750163,-12.250163,-17.500164,-17.500164,-21.250164,-21.250164,-21.625164,-23.000164,-23.500164,-23.625164,-23.750164,-23.750164,-23.875164,-24.500164,-24.875164,-25.750164,-25.875164,-26.125164,-26.250164]}]}