{"seen_tokens":["‚ĖĀHello","‚ĖĀHi","‚ĖĀHey","‚ĖĀHow","‚ĖĀCan","‚ĖĀI","‚ĖĀWhat","‚ĖĀThere","‚ĖĀSure","‚ĖĀAre","‚ĖĀWelcome","‚ĖĀYes","‚ĖĀCould","‚ĖĀYou","‚ĖĀIs","‚ĖĀ!","‚ĖĀSorry","‚ĖĀH","‚ĖĀPlease","‚ĖĀDo"],"seen_logprobs":[{"tokens":[0,1,2,3,4,5,6,7,8,9,10,11,12,13,14,15,16,17,18,19],"logprobs":[-0.15029453,-3.2752945,-3.5252945,-3.5252945,-3.7752945,-5.2752943,-5.5252943,-5.7752943,-7.4627943,-7.5252943,-7.5252943,-7.9627943,-8.087794,-8.087794,-8.212794,-8.337794,-8.400294,-8.462794,-8.462794,-8.525294]}]}