{"seen_tokens":["‚ĖĀHello","‚ĖĀHi","‚ĖĀHey","‚ĖĀHow","‚ĖĀCan","‚ĖĀI","‚ĖĀWhat","‚ĖĀThere","‚ĖĀSure","‚ĖĀAre","‚ĖĀWelcome","‚ĖĀYes","‚ĖĀCould","‚ĖĀYou","‚ĖĀIs","‚ĖĀ!","‚ĖĀSorry","‚ĖĀH","‚ĖĀPlease","‚ĖĀDo","‚ĖĀHelp"],"seen_logprobs":[{"tokens":[0,1,2,3,4,5,6,7,8,9,10,11,12,13,14,15,16,17,18,19],"logprobs":[-0.15029453,-3.2752945,-3.5252945,-3.5252945,-3.7752945,-5.2752943,-5.5252943,-5.7752943,-7.4627943,-7.5252943,-7.5252943,-7.9627943,-8.087794,-8.087794,-8.212794,-8.337794,-8.400294,-8.462794,-8.462794,-8.525294]},{"tokens":[0,1,4,3,2,6,5,7,8,10,11,9,12,13,14,17,18,16,20,19],"logprobs":[-0.14079612,-3.2657962,-3.6407962,-3.6407962,-3.7657962,-5.390796,-5.453296,-6.265796,-7.203296,-7.453296,-8.015796,-8.078296,-8.140796,-8.203296,-8.390796,-8.453296,-8.515796,-8.578296,-8.703296,-8.765796]},{"tokens":[1,0,2,3,4,5,6,7,8,9,10,11,12,13,14,15,16,17,18,19],"logprobs":[-3.2752945,-0.15029453,-3.5252945,-3.5252945,-3.7752945,-5.2752943,-5.5252943,-5.7752943,-7.4627943,-7.5252943,-7.5252943,-7.9627943,-8.087794,-8.087794,-8.212794,-8.337794,-8.400294,-8.462794,-8.462794,-8.525294]},{"tokens":[0,1,4,3,2,6,5,7,8,10,11,9,12,13,14,17,18,16,20,19],"logprobs":[-0.14079602,-3.265796,-3.640796,-3.640796,-3.765796,-5.390796,-5.453296,-6.265796,-7.203296,-7.453296,-8.015796,-8.078296,-8.140796,-8.203296,-8.390796,-8.453296,-8.515796,-8.578296,-8.703296,-8.765796]}]}