{"seen_tokens":["Hello","Hi","Hey","\n"," Hello","Good","Greetings","How","hello","Hell","Howdy","**",">Hello","Hola","Hallo","Welcome","\n\n"," ","Well","﻿","-"],"seen_logprobs":[{"tokens":[0,1,2,3,4,5,6,7,8,9,10,11,12,13,14,15,16,17,18,19],"logprobs":[-0.00022845028,-8.500229,-11.125229,-12.500229,-12.750229,-13.250229,-14.375229,-14.500229,-15.625229,-16.250229,-16.250229,-16.875229,-17.125229,-17.250229,-17.250229,-17.375229,-17.875229,-18.125229,-18.250229,-18.500229]},{"tokens":[0,1,2,3,4,5,6,7,8,9,10,11,12,13,14,15,16,17,18,19],"logprobs":[-0.00022845028,-8.500229,-11.125229,-12.500229,-12.750229,-13.250229,-14.375229,-14.500229,-15.500229,-16.250229,-16.250229,-16.750229,-17.125229,-17.250229,-17.250229,-17.375229,-17.875229,-18.125229,-18.250229,-18.500229]},{"tokens":[0,1,2,3,4,5,6,7,8,9,10,11,12,13,14,15,16,17,18,19],"logprobs":[-0.00022845028,-8.500229,-11.125229,-12.500229,-12.750229,-13.250229,-14.375229,-14.500229,-15.500229,-16.250229,-16.250229,-16.750229,-17.125229,-17.250229,-17.250229,-17.375229,-17.875229,-18.000229,-18.250229,-18.500229]},{"tokens":[0,1,2,3,4,5,7,6,8,10,9,11,15,12,16,13,14,17,19,20],"logprobs":[-0.0003777648,-8.000378,-10.625378,-11.625378,-12.375378,-13.500378,-13.500378,-13.875378,-15.125378,-15.875378,-16.000378,-16.375378,-16.500378,-16.750378,-17.000378,-17.000378,-17.125378,-17.125378,-17.625378,-17.625378]}]}