{"seen_tokens":["Hi","Hey","Hello","你好","嗨","token:64390","hi","How","嘿","hey","**","H","您好","Yo","hello","Welcome","token:5885","HI","Well","Oh"],"seen_logprobs":[{"tokens":[0,1,2,3,4,5,6,7,8,9,10,11,12,13,14,15,16,17,18,19],"logprobs":[-0.34960938,-1.3515625,-3.34375,-11.75,-13.5,-13.875,-15.25,-15.625,-15.875,-16.25,-16.5,-17.625,-17.875,-17.875,-18.0,-18.25,-18.5,-18.75,-18.875,-19.25]}]}