{"seen_tokens":["It","How","Hi","Hello","What","Welcome","Hey","hello","I","You"," Hello","HI","To","However","hi","how","Please",">Hello","When","If"],"seen_logprobs":[{"tokens":[0,1,2,3,4,5,6,7,8,9,10,11,12,13,14,15,16,17,18,19],"logprobs":[-1.3948593,-0.8948593,-1.6448593,-1.8948593,-10.144859,-11.269859,-11.644859,-11.769859,-12.519859,-13.457359,-13.644859,-13.832359,-13.894859,-14.019859,-14.019859,-14.832359,-14.832359,-15.019859,-15.082359,-15.207359]}]}