{"seen_tokens":["Hi","It","你好","Hey","I","Got"],"seen_logprobs":[{"tokens":[0,1,2,3,4],"logprobs":[-0.22300535,-1.9730053,-4.0980053,-4.2230053,-4.4730053]},{"tokens":[0,1,2,3,4],"logprobs":[-0.21693295,-1.966933,-4.341933,-4.341933,-4.466933]},{"tokens":[0,1,5,3,4],"logprobs":[-0.21502592,-2.715026,-3.215026,-3.465026,-4.340026]}]}