{"seen_tokens":["Hello","It","Hi","How","hello","You","Hey","您好","x","你好","I","Could","The","Hallo","What","Please","Sure","Your","Do"," Hello"],"seen_logprobs":[{"tokens":[0,1,2,3,4,5,6,7,8,9,10,11,12,13,14,15,16,17,18,19],"logprobs":[-0.05607409,-2.9310741,-7.306074,-8.931074,-9.056074,-9.806074,-9.931074,-10.806074,-10.931074,-10.931074,-11.181074,-11.181074,-11.306074,-11.431074,-11.556074,-11.556074,-11.931074,-12.306074,-12.556074,-12.806074]}]}