{"seen_tokens":["Hello","It","Hi","How","hello","You","Hey","您好","x","你好","I","Could","The","Hallo","What","Please","Sure","Your","Do"," Hello","こんにちは","Hola"],"seen_logprobs":[{"tokens":[0,1,2,3,4,5,6,7,8,9,10,11,12,13,14,15,16,17,18,19],"logprobs":[-0.05607409,-2.9310741,-7.306074,-8.931074,-9.056074,-9.806074,-9.931074,-10.806074,-10.931074,-10.931074,-11.181074,-11.181074,-11.306074,-11.431074,-11.556074,-11.556074,-11.931074,-12.306074,-12.556074,-12.806074]},{"tokens":[0,1,2,3,4,7,6,9,5,10,8,13,11,15,14,12,16,18,20,21],"logprobs":[-0.06363783,-2.813638,-6.9386377,-8.813638,-9.313638,-9.438638,-9.563638,-9.563638,-9.938638,-10.438638,-10.563638,-10.813638,-11.188638,-11.313638,-11.438638,-11.438638,-11.563638,-11.938638,-12.188638,-12.188638]},{"tokens":[0,1,2,3,7,4,6,9,5,10,13,8,15,11,12,14,16,20,18,17],"logprobs":[-0.056462318,-2.9314623,-6.9314623,-9.056462,-9.306462,-9.306462,-9.556462,-9.556462,-10.431462,-10.681462,-11.056462,-11.306462,-11.556462,-11.556462,-11.681462,-11.931462,-12.181462,-12.306462,-12.431462,-12.681462]},{"tokens":[0,1,2,3,4,9,6,7,5,13,10,8,14,11,15,20,12,18,21,17],"logprobs":[-0.039759383,-3.2897594,-7.039759,-8.16476,-9.16476,-9.41476,-9.53976,-9.53976,-9.91476,-10.41476,-10.66476,-10.91476,-11.16476,-11.41476,-11.53976,-11.78976,-11.91476,-11.91476,-12.03976,-12.41476]}]}