{"seen_tokens":["Hello","It","Hi","Olá","Hola","¡","Hallo","Hey","你好","こんにちは","Bonjour","Sure","Hej","Hei","Looks","Ap","I'm","\n","How","Mer","Oops","سلام"],"seen_logprobs":[{"tokens":[0,1,2,3,4,5,6,7,8,9,10,11,12,13,14,15,16,17,18,19],"logprobs":[-0.015327658,-4.5153275,-5.6403275,-8.390327,-8.890327,-9.140327,-9.390327,-10.265327,-10.515327,-11.015327,-11.265327,-11.640327,-11.890327,-11.890327,-12.140327,-12.265327,-12.515327,-12.640327,-13.015327,-13.015327]},{"tokens":[0,2,1,7,4,3,5,6,9,13,14,12,8,10,11,17,15,20,16,21],"logprobs":[-0.017278848,-4.2672787,-6.1422787,-8.767279,-8.767279,-8.767279,-8.892279,-8.892279,-10.392279,-10.392279,-10.517279,-10.767279,-11.017279,-11.267279,-11.392279,-11.517279,-12.017279,-12.392279,-12.392279,-12.517279]},{"tokens":[0,1,2,3,4,5,6,7,8,9,10,11,13,12,14,15,16,17,18,19],"logprobs":[-0.015346339,-4.5153465,-5.6403465,-8.390347,-8.890347,-9.140347,-9.265347,-10.140347,-10.515347,-11.015347,-11.265347,-11.640347,-11.890347,-11.890347,-12.015347,-12.140347,-12.390347,-12.515347,-12.890347,-13.015347]}]}