{"seen_tokens":["Hi","Hello","Hey","Hola","你好"," Hi","HI","嗨","Пр"," Hello","👋","こんにちは","HEL","Yo","您好","_hi","hi","¡","Hallo","H"],"seen_logprobs":[{"tokens":[0,1,2,3,4,5,6,7,8,9,10,11,12,13,14,15,16,17,18,19],"logprobs":[-0.14316748,-2.0181675,-7.6431675,-12.7681675,-12.8931675,-13.1431675,-13.2681675,-13.8931675,-14.3931675,-14.6431675,-14.8931675,-15.0181675,-15.0181675,-15.2681675,-15.6431675,-15.7681675,-16.455667,-16.580667,-16.580667,-16.705667]}]}