{"seen_tokens":["Hi","Hello"," Hi","HI","Hey","你好","hi","Hola","How","H","_hi","Hit","Bonjour","您好"," Hello","嗨","Hallo","I","_HI","Hel"],"seen_logprobs":[{"tokens":[0,1,2,3,4,5,6,7,8,9,10,11,12,13,14,15,16,17,18,19],"logprobs":[-0.00007509903,-9.500075,-15.125075,-17.625074,-18.125074,-19.750074,-19.875074,-20.750074,-21.125074,-21.375074,-21.750074,-22.250074,-22.875074,-23.000074,-23.125074,-23.500074,-23.500074,-23.500074,-24.125074,-24.125074]}]}