{"seen_tokens":["Hi","Hello"," Hi","HI","Hey","你好","hi","Hola","How","H","_hi","Hit","Bonjour","您好"," Hello","嗨","Hallo","I","_HI","Hel","hello","好的","Let",">Hello","1","Alright","Okay","Good","</"],"seen_logprobs":[{"tokens":[0,1,2,3,4,5,6,7,8,9,10,11,12,13,14,15,16,17,18,19],"logprobs":[-0.00007509903,-9.500075,-15.125075,-17.625074,-18.125074,-19.750074,-19.875074,-20.750074,-21.125074,-21.375074,-21.750074,-22.250074,-22.875074,-23.000074,-23.125074,-23.500074,-23.500074,-23.500074,-24.125074,-24.125074]},{"tokens":[1,0,5,4,20,13,14,21,22,23,24,25,7,12,26,2,27,17,6,28],"logprobs":[-0.23581019,-1.6108102,-4.6108103,-8.98581,-9.73581,-9.86081,-10.48581,-10.73581,-10.98581,-11.23581,-11.48581,-11.61081,-11.73581,-11.73581,-11.86081,-12.36081,-12.92331,-13.11081,-13.23581,-13.42331]}]}