{"seen_tokens":["Hi","Hello"," Hi","HI","Hey","你好","hi","Hola","How","H","_hi","Hit","Bonjour","您好"," Hello","嗨","Hallo","I","_HI","Hel","hello","好的","Let",">Hello","1","Alright","Okay","Good","</"," hi","こんにちは","Здравствуйте","_hello"],"seen_logprobs":[{"tokens":[0,1,2,3,4,5,6,7,8,9,10,11,12,13,14,15,16,17,18,19],"logprobs":[-0.00007509903,-9.500075,-15.125075,-17.625074,-18.125074,-19.750074,-19.875074,-20.750074,-21.125074,-21.375074,-21.750074,-22.250074,-22.875074,-23.000074,-23.125074,-23.500074,-23.500074,-23.500074,-24.125074,-24.125074]},{"tokens":[1,0,5,4,20,13,14,21,22,23,24,25,7,12,26,2,27,17,6,28],"logprobs":[-0.23581019,-1.6108102,-4.6108103,-8.98581,-9.73581,-9.86081,-10.48581,-10.73581,-10.98581,-11.23581,-11.48581,-11.61081,-11.73581,-11.73581,-11.86081,-12.36081,-12.92331,-13.11081,-13.23581,-13.42331]},{"tokens":[0,1,2,4,3,5,7,6,10,8,13,15,24,11,14,9,29,12,16,18],"logprobs":[-0.00006639737,-9.625067,-14.875067,-18.250067,-19.125067,-19.250067,-20.125067,-20.375067,-21.250067,-21.625067,-22.000067,-22.625067,-22.625067,-23.000067,-23.250067,-23.375067,-23.562567,-23.625067,-23.937567,-23.937567]},{"tokens":[1,5,0,23,13,14,20,9,7,12,4,16,17,30,8,31,15,32,27,21],"logprobs":[-0.0031175842,-6.2531176,-6.7531176,-11.503118,-12.128118,-13.128118,-13.878118,-14.753118,-15.003118,-15.378118,-15.503118,-15.628118,-15.878118,-15.878118,-16.003119,-16.128119,-16.315619,-16.315619,-16.628119,-17.190619]}]}