{"seen_tokens":["Hello","Hi","{","👋","Healthy","`","$\\","_","True","Template","Step","(","Here","Type","Halo"," sense"," Hello","Hey","Ass","Phase","How"],"seen_logprobs":[{"tokens":[0,1,2,3,4,5,6,7,8,9,10,11,12,13,14,15,16,17,18,19],"logprobs":[-0.000001072883,-14.406251,-15.554688,-17.320314,-17.437502,-17.671877,-17.734377,-18.328127,-18.359377,-18.593752,-19.062502,-19.093752,-19.218752,-19.218752,-19.218752,-19.250002,-19.375002,-19.375002,-19.375002,-19.406252]},{"tokens":[0,1,2,3,4,5,6,8,7,9,11,10,12,13,15,14,20,18,17,19],"logprobs":[-0.000001072883,-14.429688,-15.503907,-17.250002,-17.382814,-17.67969,-17.757814,-18.328127,-18.359377,-18.593752,-19.031252,-19.031252,-19.171877,-19.187502,-19.218752,-19.296877,-19.296877,-19.312502,-19.406252,-19.468752]}]}