{"seen_tokens":["It","I","You","That","X","The","x","Just","Unfortunately","Your","What","A","However","To","it","just","Hello","This","Hi","How","\""],"seen_logprobs":[{"tokens":[0,1,2,3,4,5,6,7,8,9,10,11,12,13,14,15,16,17,18,19],"logprobs":[-0.046363253,-4.2963634,-4.4213634,-4.9213634,-6.0463634,-6.5463634,-6.5463634,-6.7963634,-7.0463634,-7.0463634,-7.1713634,-7.6713634,-7.9838634,-8.171363,-8.608863,-8.858863,-8.983863,-9.046363,-9.296363,-9.296363]},{"tokens":[0,1,2,3,4,5,9,6,10,7,8,12,11,13,16,17,18,19,14,20],"logprobs":[-0.040900003,-4.4159,-4.5409,-5.0409,-6.1659,-6.6659,-6.7909,-7.0409,-7.1659,-7.1659,-7.2909,-7.9159,-7.9159,-8.1034,-8.4784,-8.9784,-9.1034,-9.1659,-9.3534,-9.6659]}]}