{"seen_tokens":["The","Hmm","This","We","Let"],"seen_logprobs":[{"tokens":[0,1,2,3,4],"logprobs":[-0.08616581,-3.586166,-4.211166,-4.586166,-5.211166]}]}