{"seen_tokens":["The","Hmm","This","We","Let","用户"],"seen_logprobs":[{"tokens":[0,1,2,3,4],"logprobs":[-0.08616581,-3.586166,-4.211166,-4.586166,-5.211166]},{"tokens":[0,1,3,5,2],"logprobs":[-0.11157979,-3.86158,-4.23658,-4.36158,-4.48658]}]}