{"seen_tokens":["The","Hmm","This","We","Let","用户"],"seen_logprobs":[{"tokens":[0,1,2,3,4],"logprobs":[-0.08616581,-3.586166,-4.211166,-4.586166,-5.211166]},{"tokens":[0,1,3,5,2],"logprobs":[-0.11157979,-3.86158,-4.23658,-4.36158,-4.48658]},{"tokens":[0,1,2,3,4],"logprobs":[-0.17258592,-2.172586,-4.172586,-4.672586,-5.047586]},{"tokens":[0,1,2,5,3],"logprobs":[-0.05330148,-4.1783013,-4.8033013,-5.1783013,-5.4283013]}]}