{"seen_tokens":["Hello","Hi","Hey"," Hello","hello","Hola",">Hello","HI","👋","你好"," Hi","hi","ello","こんにちは","Hallo","Good","Greetings","Hmm","HEL","_hello"],"seen_logprobs":[{"tokens":[0,1,2,3,4,5,6,7,8,9,10,11,12,13,14,15,16,17,18,19],"logprobs":[-0.023252085,-3.773252,-12.0232525,-15.0232525,-15.7732525,-17.023252,-17.148252,-17.523252,-17.773252,-17.773252,-18.023252,-18.398252,-19.023252,-19.398252,-19.523252,-20.023252,-20.148252,-20.148252,-20.273252,-20.648252]},{"tokens":[0,1,2,3,4,5,6,8,9,7,10,11,13,12,14,17,16,15,19,18],"logprobs":[-0.018165413,-4.0181656,-11.143166,-14.643166,-15.518166,-16.518166,-16.768166,-17.143166,-17.393166,-17.518166,-17.768166,-18.393166,-18.893166,-19.018166,-19.268166,-19.643166,-19.643166,-19.768166,-20.018166,-20.018166]},{"tokens":[0,1,2,3,4,5,8,7,6,9,10,11,13,12,14,16,17,15,19,18],"logprobs":[-0.029765576,-3.5297656,-11.154765,-14.904765,-15.529765,-16.529766,-16.904766,-16.904766,-17.029766,-17.529766,-17.654766,-17.779766,-18.779766,-18.904766,-19.279766,-19.529766,-19.654766,-19.654766,-20.029766,-20.029766]},{"tokens":[0,1,2,3,4,5,6,7,8,9,10,11,12,13,14,15,17,16,19,18],"logprobs":[-0.0141772,-4.2641773,-11.264177,-14.639177,-15.389177,-16.514177,-16.889177,-17.514177,-17.639177,-17.639177,-18.014177,-18.514177,-18.889177,-19.139177,-19.389177,-19.639177,-19.639177,-19.889177,-20.014177,-20.139177]}]}