{"seen_tokens":["Hello","Hi","Hey"," Hello","hello","Hola",">Hello","HI","👋","你好"," Hi","hi","ello","こんにちは","Hallo","Good","Greetings","Hmm","HEL","_hello"],"seen_logprobs":[{"tokens":[0,1,2,3,4,5,6,7,8,9,10,11,12,13,14,15,16,17,18,19],"logprobs":[-0.023252085,-3.773252,-12.0232525,-15.0232525,-15.7732525,-17.023252,-17.148252,-17.523252,-17.773252,-17.773252,-18.023252,-18.398252,-19.023252,-19.398252,-19.523252,-20.023252,-20.148252,-20.148252,-20.273252,-20.648252]}]}