{"seen_tokens":["Hi","It","你好","Hey","I"],"seen_logprobs":[{"tokens":[0,1,2,3,4],"logprobs":[-0.22300535,-1.9730053,-4.0980053,-4.2230053,-4.4730053]},{"tokens":[0,1,2,3,4],"logprobs":[-0.21693295,-1.966933,-4.341933,-4.341933,-4.466933]},{"tokens":[0,1,3,4,2],"logprobs":[-0.31405282,-1.5640528,-4.1890526,-4.1890526,-4.8140526]}]}