{"seen_tokens":["Hello","ĠHello","Hi","Bon","Hey","ĠHi","Ċ","Â¡","How","ð","hello","ĠHey","Ġhello","ĠBon","What","I","Sal","ĊĊ","Good","It","G","**"],"seen_logprobs":[{"tokens":[0,1,2,3,4,5,6,7,8,9,10,11,12,13,14,15,16,17,18,19],"logprobs":[-0.034466352,-3.9719663,-5.4094663,-6.0969663,-6.2219663,-7.0344663,-7.2219663,-7.5969663,-7.6594663,-7.9719663,-8.284467,-8.284467,-8.346967,-8.409467,-8.659467,-8.721967,-8.909467,-9.096967,-9.409467,-9.659467]},{"tokens":[0,1,2,3,4,6,5,7,8,9,10,11,13,12,14,15,17,16,18,20],"logprobs":[-0.030513844,-4.218014,-5.405514,-6.030514,-6.155514,-7.093014,-7.218014,-7.593014,-7.655514,-7.968014,-8.343014,-8.405514,-8.405514,-8.468014,-8.593014,-8.655514,-8.905514,-8.905514,-9.405514,-9.655514]},{"tokens":[21,0,1,2,3,4,5,6,7,8,9,10,11,12,13,14,15,16,17,18],"logprobs":[-9.909467,-0.034466352,-3.9719663,-5.4094663,-6.0969663,-6.2219663,-7.0344663,-7.2219663,-7.5969663,-7.6594663,-7.9719663,-8.284467,-8.284467,-8.346967,-8.409467,-8.659467,-8.721967,-8.909467,-9.096967,-9.409467]},{"tokens":[0,1,2,3,4,5,6,7,8,9,11,12,13,10,14,15,16,17,18,20],"logprobs":[-0.03712441,-3.9121244,-5.3496246,-5.9746246,-6.0996246,-6.9746246,-7.1621246,-7.5371246,-7.5996246,-7.9121246,-8.224625,-8.224625,-8.224625,-8.224625,-8.537125,-8.662125,-8.787125,-8.974625,-9.287125,-9.599625]}]}