{"seen_tokens":["Hello","Hi","Hey","hello","Hmm","Hola","H","How","Hallo","Good","Well","He","hi","Greetings","Oh","Welcome","HI","Okay","Hell","I"," Hello"],"seen_logprobs":[{"tokens":[0,1,2,3,4,5,6,7,8,9,10,11,12,13,14,15,16,17,18,19],"logprobs":[-0.08915943,-2.4641595,-8.714159,-11.339159,-12.089159,-12.339159,-12.46416,-12.46416,-13.214159,-13.214159,-13.214159,-13.339159,-13.589159,-13.589159,-13.589159,-13.714159,-13.714159,-13.964159,-14.214159,-14.214159]},{"tokens":[0,1,2,3,4,5,7,6,8,14,10,9,11,13,15,12,16,17,18,20],"logprobs":[-0.062128186,-2.8121283,-9.062128,-11.562128,-12.437128,-12.562128,-12.562128,-12.812128,-13.437128,-13.437128,-13.437128,-13.437128,-13.562128,-13.812128,-13.937128,-13.937128,-14.062128,-14.187128,-14.187128,-14.312128]}]}