{"seen_tokens":["Hello","It","How","Could","Hi"],"seen_logprobs":[{"tokens":[0,1,2,3,4],"logprobs":[-0.5822629,-1.0822629,-2.582263,-4.082263,-4.832263]},{"tokens":[0,1,2,4,3],"logprobs":[-0.27363294,-1.773633,-3.273633,-3.523633,-6.273633]},{"tokens":[0,1,2,3,4],"logprobs":[-0.6355751,-1.135575,-2.135575,-3.885575,-4.8855753]},{"tokens":[0,1,2,3,4],"logprobs":[-0.60197616,-1.1019762,-2.3519762,-4.1019764,-5.1019764]}]}