{"seen_tokens":["Ċ","</think>","ĊĊ","1","**Ċ","čĊ",".Ċ","Ġ","I","Plan","!Ċ","ĠPlan","ĊĊĊ","um",":Ċ","()Ċ","The","Ex","ĠĊ","$Ċ"],"seen_logprobs":[{"tokens":[0,1,2,3,4,5,6,7,8,9,10,11,12,13,14,15,16,17,18,19],"logprobs":[-3.576278e-7,-15.0546875,-16.773438,-18.5625,-20.359375,-20.6875,-20.851562,-20.921875,-21.03125,-21.03125,-21.164062,-21.335938,-21.546875,-21.632812,-21.6875,-21.703125,-21.742188,-21.78125,-22.0,-22.023438]},{"tokens":[0,1,2,3,4,5,6,7,9,8,10,11,12,13,14,15,16,17,18,19],"logprobs":[-3.576278e-7,-15.0703125,-16.78125,-18.585938,-20.382812,-20.703125,-20.859375,-20.9375,-21.039062,-21.046875,-21.1875,-21.351562,-21.5625,-21.640625,-21.710938,-21.71875,-21.757812,-21.796875,-22.007812,-22.039062]}]}