{"seen_tokens":["Ċ","</think>","ĊĊ","1","**Ċ","čĊ",".Ċ","Ġ","I","Plan","!Ċ","ĠPlan","ĊĊĊ","um",":Ċ","()Ċ","The","Ex","ĠĊ","$Ċ"],"seen_logprobs":[{"tokens":[0,1,2,3,4,5,6,7,8,9,10,11,12,13,14,15,16,17,18,19],"logprobs":[-3.576278e-7,-15.0546875,-16.773438,-18.5625,-20.359375,-20.6875,-20.851562,-20.921875,-21.03125,-21.03125,-21.164062,-21.335938,-21.546875,-21.632812,-21.6875,-21.703125,-21.742188,-21.78125,-22.0,-22.023438]}]}