{"seen_tokens":["<think>","</think>","<｜place▁holder▁no▁797｜>","<｜place▁holder▁no▁794｜>","<｜place▁holder▁no▁795｜>","<｜place▁holder▁no▁793｜>","<｜place▁holder▁no▁3｜>","<｜place▁holder▁no▁204｜>","<｜place▁holder▁no▁791｜>","<｜place▁holder▁no▁787｜>","<｜place▁holder▁no▁792｜>","<｜place▁holder▁no▁8｜>","<｜place▁holder▁no▁4｜>","<｜place▁holder▁no▁0｜>","<｜place▁holder▁no▁21｜>","<｜place▁holder▁no▁796｜>","<｜place▁holder▁no▁5｜>","<｜place▁holder▁no▁7｜>","<｜place▁holder▁no▁2｜>","<｜place▁holder▁no▁19｜>"],"seen_logprobs":[{"tokens":[0,1,2,3,4,5,6,7,8,9,10,11,12,13,14,15,16,17,18,19],"logprobs":[-0.00005400327,-10.750054,-11.750055,-12.562555,-13.437554,-13.562554,-13.812554,-14.000054,-14.000054,-14.062554,-14.125055,-14.125055,-14.187555,-14.250054,-14.312554,-14.312554,-14.375054,-14.375054,-14.687555,-15.062554]}]}