{"seen_tokens":["你好","Hello","It","¡","您好","Hi","H","有什么","你","P","¿","How","看起来","你的","What","您","Hey","你想","Could","**","你需要","你是","X","You"],"seen_logprobs":[{"tokens":[0,1,2,3,4,5,6,7,8,9,10,11,12,13,14,15,16,17,18,19],"logprobs":[-0.079863474,-3.8298635,-3.8298635,-4.7048635,-5.0798635,-5.2048635,-6.0798635,-6.7048635,-6.8298635,-7.5798635,-7.7048635,-7.8298635,-8.079864,-8.204864,-8.204864,-8.204864,-8.204864,-8.204864,-8.329864,-8.329864]},{"tokens":[0,1,2,4,5,7,13,3,8,6,17,20,11,21,22,23,18,12,15,14],"logprobs":[-0.066645466,-3.6916454,-4.0666456,-5.0666456,-5.8166456,-6.0666456,-6.4416456,-6.6916456,-6.8166456,-7.5666456,-7.6916456,-7.8166456,-7.8166456,-8.191646,-8.316646,-8.316646,-8.316646,-8.316646,-8.441646,-8.441646]}]}