{"seen_tokens":["Hello","Hi","It"," Hello","你好","Hey","hello","您好","You",">Hello"," Hi","I","Hallo"," hello","_hello","Hmm","HI","Your","HEL","こんにちは"],"seen_logprobs":[{"tokens":[0,1,2,3,4,5,6,7,8,9,10,11,12,13,14,15,16,17,18,19],"logprobs":[-0.025091862,-4.275092,-4.5250916,-11.025092,-11.525092,-12.275092,-13.275092,-14.150092,-14.775092,-15.025092,-15.025092,-15.275092,-15.525092,-15.650092,-16.275091,-16.400091,-16.775091,-17.025091,-17.650091,-18.025091]}]}