{"seen_tokens":["Hello","Hi","It"," Hello","你好","Hey","hello","您好","You",">Hello"," Hi","I","Hallo"," hello","_hello","Hmm","HI","Your","HEL","こんにちは","Looks","Hola"],"seen_logprobs":[{"tokens":[0,1,2,3,4,5,6,7,8,9,10,11,12,13,14,15,16,17,18,19],"logprobs":[-0.025091862,-4.275092,-4.5250916,-11.025092,-11.525092,-12.275092,-13.275092,-14.150092,-14.775092,-15.025092,-15.025092,-15.275092,-15.525092,-15.650092,-16.275091,-16.400091,-16.775091,-17.025091,-17.650091,-18.025091]},{"tokens":[0,2,1,3,4,5,6,7,10,8,11,9,12,13,14,15,16,17,18,20],"logprobs":[-0.03209725,-4.0320973,-4.2820973,-10.657097,-12.157097,-12.282097,-13.782097,-14.657097,-14.782097,-14.782097,-15.032097,-15.032097,-15.907097,-15.907097,-16.407097,-16.657097,-17.032097,-17.532097,-17.782097,-18.407097]},{"tokens":[0,1,2,3,4,5,6,7,10,9,12,8,11,13,14,16,15,18,17,21],"logprobs":[-0.02032385,-4.0203238,-6.1453238,-11.020324,-12.020324,-12.895324,-13.520324,-14.520324,-14.770324,-15.270324,-15.770324,-15.770324,-16.020325,-16.020325,-16.645325,-16.770325,-17.145325,-17.895325,-18.145325,-18.270325]}]}