{"seen_tokens":["How","It","Hello","Hi","What","Welcome","I","hello","Hey","However"," Hello","You","If","HI","To","Unfortunately","Is","it","When","how"],"seen_logprobs":[{"tokens":[0,1,2,3,4,5,6,7,8,9,10,11,12,13,14,15,16,17,18,19],"logprobs":[-0.6999473,-1.0749474,-2.0749474,-3.3249474,-7.9499474,-9.449947,-10.074947,-11.137447,-12.137447,-12.199947,-12.387447,-12.387447,-13.762447,-13.887447,-13.949947,-14.012447,-14.012447,-14.137447,-14.137447,-14.199947]}]}