{"seen_tokens":["How","It","Hello","Hi","What","Welcome","I","hello","Hey","However"," Hello","You","If","HI","To","Unfortunately","Is","it","When","how","hi","High","Please"],"seen_logprobs":[{"tokens":[0,1,2,3,4,5,6,7,8,9,10,11,12,13,14,15,16,17,18,19],"logprobs":[-0.6999473,-1.0749474,-2.0749474,-3.3249474,-7.9499474,-9.449947,-10.074947,-11.137447,-12.137447,-12.199947,-12.387447,-12.387447,-13.762447,-13.887447,-13.949947,-14.012447,-14.012447,-14.137447,-14.137447,-14.199947]},{"tokens":[1,0,2,3,4,5,6,7,9,8,10,11,12,13,14,19,15,17,16,20],"logprobs":[-0.7541813,-1.0041814,-2.1291814,-3.1291814,-8.004181,-9.254181,-9.629181,-10.879181,-11.754181,-12.066681,-12.379181,-12.379181,-13.566681,-13.566681,-13.629181,-13.816681,-13.879181,-13.879181,-13.941681,-14.004181]},{"tokens":[2,0,1,3,4,5,6,7,8,9,10,11,14,12,13,15,21,18,22,20],"logprobs":[-1.9116461,-0.9116461,-0.9116461,-3.0366461,-8.286646,-9.536646,-9.786646,-11.224146,-11.911646,-11.974146,-12.286646,-12.411646,-13.474146,-13.724146,-13.849146,-13.911646,-14.099146,-14.224146,-14.224146,-14.349146]}]}