{"seen_tokens":["It","Hello","How","Hi","What","I","To","You","Welcome","hello","If","Hey","hi","Please","Some","Your","There","This","Is","HI"],"seen_logprobs":[{"tokens":[0,1,2,3,4,5,6,7,8,9,10,11,12,13,14,15,16,17,18,19],"logprobs":[-2.9638872,-0.58888716,-1.2138872,-2.4638872,-5.713887,-5.838887,-6.963887,-7.338887,-7.463887,-7.963887,-8.276387,-8.963887,-8.963887,-9.151387,-9.276387,-9.338887,-9.338887,-9.588887,-9.588887,-9.838887]},{"tokens":[2,1,3,0,5,4,6,7,8,9,10,12,11,13,15,14,16,17,18,19],"logprobs":[-1.197203,-0.57220304,-2.4472032,-3.3222032,-5.822203,-5.822203,-6.884703,-7.384703,-7.447203,-8.009703,-8.259703,-8.947203,-9.072203,-9.134703,-9.197203,-9.197203,-9.384703,-9.572203,-9.572203,-9.884703]},{"tokens":[1,2,3,0,5,4,6,8,7,9,10,12,11,13,15,14,16,17,18,19],"logprobs":[-0.60850036,-1.2335004,-2.3585005,-2.8585005,-5.6085005,-5.7335005,-6.7335005,-7.2335005,-7.3585005,-7.9210005,-8.2960005,-8.7335005,-8.9835005,-8.9835005,-9.1710005,-9.1710005,-9.2335005,-9.4210005,-9.5460005,-9.7335005]}]}