{"seen_tokens":["It","Hello","How","Hi","What","I","To","You","Welcome","hello","If","Hey","hi","Please","Some","Your","There","This","Is","HI"],"seen_logprobs":[{"tokens":[0,1,2,3,4,5,6,7,8,9,10,11,12,13,14,15,16,17,18,19],"logprobs":[-2.9638872,-0.58888716,-1.2138872,-2.4638872,-5.713887,-5.838887,-6.963887,-7.338887,-7.463887,-7.963887,-8.276387,-8.963887,-8.963887,-9.151387,-9.276387,-9.338887,-9.338887,-9.588887,-9.588887,-9.838887]}]}