{"seen_tokens":["Hello",",","\n","Hi","\n\n","👋",":","Hey",",\n","Greetings"," Hello","!",">Hello","hello","Welcome","G","How","Good",",\n\n","I"],"seen_logprobs":[{"tokens":[0,1,2,3,4,5,6,7,8,9,10,11,12,13,14,15,16,17,18,19],"logprobs":[-0.015502074,-4.640502,-5.640502,-6.640502,-8.015502,-8.890502,-8.890502,-10.265502,-10.390502,-10.515502,-10.640502,-10.640502,-11.140502,-11.390502,-11.515502,-11.890502,-12.140502,-12.265502,-12.390502,-12.578002]}]}