{"seen_tokens":["x","I","D","It","As","The","Hello","Thank","In","Cont","X","A","You","\"","y","S","Y","Wh","H","Your"],"seen_logprobs":[{"tokens":[0,1,2,3,4,5,6,7,8,9,10,11,12,13,14,15,16,17,18,19],"logprobs":[-1.8753597,-1.9300472,-2.211297,-2.726922,-2.8441095,-3.164422,-3.351922,-3.430047,-3.586297,-3.9847345,-4.1097345,-4.336297,-4.3909845,-4.4222345,-4.523797,-4.586297,-4.6097345,-4.7347345,-4.945672,-4.9691095]},{"tokens":[15,0,1,2,3,4,5,6,7,8,9,10,11,12,13,14,16,17,18,19],"logprobs":[-4.586297,-1.8753597,-1.9300472,-2.211297,-2.726922,-2.8441095,-3.164422,-3.351922,-3.430047,-3.586297,-3.9847345,-4.1097345,-4.336297,-4.3909845,-4.4222345,-4.523797,-4.6097345,-4.7347345,-4.945672,-4.9691095]}]}