{"seen_tokens":["Hello","ĠHello","Hi","Bon","Hey","ĠHi","Ċ","Â¡","How","ð","hello","ĠHey","Ġhello","ĠBon","What","I","Sal","ĊĊ","Good","It"],"seen_logprobs":[{"tokens":[0,1,2,3,4,5,6,7,8,9,10,11,12,13,14,15,16,17,18,19],"logprobs":[-0.034466352,-3.9719663,-5.4094663,-6.0969663,-6.2219663,-7.0344663,-7.2219663,-7.5969663,-7.6594663,-7.9719663,-8.284467,-8.284467,-8.346967,-8.409467,-8.659467,-8.721967,-8.909467,-9.096967,-9.409467,-9.659467]}]}