{"seen_tokens":["It","Hello","If","To","The","I","How","Hi","Could","\"","Certainly","Welcome","Your","Sure","What","Based","You","Of","When","Unfortunately"],"seen_logprobs":[{"tokens":[0,1,2,3,4,5,6,7,8,9,10,11,12,13,14,15,16,17,18,19],"logprobs":[-0.3841297,-1.8216298,-3.1810048,-3.3841298,-3.5560048,-3.6966298,-5.0403795,-5.0716295,-5.6028795,-5.9466295,-6.4778795,-6.6497545,-7.0247545,-7.0872545,-7.7122545,-7.7903795,-7.8528795,-7.9466295,-8.306005,-8.38413]}]}