{"seen_tokens":["Could","It","I","That","You","Your","The","x","To","Unfortunately","X","However","What","If","This","A","Hello","Please","Hi","Just","There"],"seen_logprobs":[{"tokens":[0,1,2,3,4,5,6,7,8,9,10,11,12,13,14,15,16,17,18,19],"logprobs":[-6.579277,-0.5792768,-1.8292768,-2.5792768,-3.2042768,-3.8292768,-4.141777,-4.516777,-4.766777,-4.891777,-4.891777,-5.079277,-5.204277,-5.266777,-5.579277,-5.766777,-5.829277,-6.016777,-6.141777,-6.391777]},{"tokens":[1,2,3,4,5,6,7,8,10,9,11,12,13,14,15,16,17,18,19,20],"logprobs":[-0.6359723,-1.7609723,-2.5109723,-3.1359723,-3.7609723,-4.0734725,-4.5109725,-4.6359725,-4.7609725,-4.9484725,-5.0109725,-5.1359725,-5.1984725,-5.5109725,-5.6984725,-5.6984725,-5.8859725,-6.0734725,-6.3859725,-6.3859725]},{"tokens":[6,1,2,3,4,5,7,8,9,10,11,12,13,14,15,16,17,18,19,20],"logprobs":[-4.047229,-0.6097287,-1.7347287,-2.6097288,-3.2347288,-3.7972288,-4.547229,-4.609729,-4.922229,-4.922229,-5.109729,-5.234729,-5.234729,-5.609729,-5.797229,-5.859729,-5.922229,-6.234729,-6.422229,-6.422229]},{"tokens":[1,2,3,4,5,6,7,8,9,10,11,12,13,14,15,16,17,18,19,20],"logprobs":[-0.6097287,-1.7347287,-2.6097288,-3.2347288,-3.7972288,-4.047229,-4.547229,-4.609729,-4.922229,-4.922229,-5.109729,-5.234729,-5.234729,-5.609729,-5.797229,-5.859729,-5.922229,-6.234729,-6.422229,-6.422229]}]}