{"seen_tokens":["Could","It","I","That","You","Your","The","x","To","Unfortunately","X","However","What","If","This","A","Hello","Please","Hi","Just"],"seen_logprobs":[{"tokens":[0,1,2,3,4,5,6,7,8,9,10,11,12,13,14,15,16,17,18,19],"logprobs":[-6.579277,-0.5792768,-1.8292768,-2.5792768,-3.2042768,-3.8292768,-4.141777,-4.516777,-4.766777,-4.891777,-4.891777,-5.079277,-5.204277,-5.266777,-5.579277,-5.766777,-5.829277,-6.016777,-6.141777,-6.391777]}]}