{"seen_tokens":["Hey","Hi","Hello","H","**","Yo"," Hey","Hola"],"seen_logprobs":[{"tokens":[0,1,2,3,4,5,6,7],"logprobs":[-0.0791654,-2.5791655,-9.329165,-9.579165,-9.579165,-9.954165,-14.204165,-15.329165]},{"tokens":[0,1,4,3,2,5,6,7],"logprobs":[-0.10070458,-2.3507047,-8.600704,-8.975704,-8.975704,-9.725704,-14.100704,-14.850704]},{"tokens":[0,1,2,3,4,5,6,7],"logprobs":[-0.12726593,-2.127266,-8.502266,-9.877266,-9.877266,-10.377266,-14.252266,-15.127266]}]}