{"seen_tokens":["Hey","Hi","Hello","H","**","Yo"," Hey","Hola"],"seen_logprobs":[{"tokens":[0,1,2,3,4,5,6,7],"logprobs":[-0.0791654,-2.5791655,-9.329165,-9.579165,-9.579165,-9.954165,-14.204165,-15.329165]}]}