{"seen_tokens":["Hello","It","How","Hi","Could","Is","What","Hey","Looks","Can","Seems","Would","Greetings","I'm","Yes","\n","Sure","What's","Are","Do"],"seen_logprobs":[{"tokens":[0,1,2,3,4,5,6,7,8,9,10,11,12,13,14,15,16,17,18,19],"logprobs":[-0.16849035,-2.6059904,-2.6997404,-4.3247404,-7.7622404,-8.91849,-9.35599,-9.48099,-10.98099,-11.26224,-11.85599,-13.41849,-13.590365,-13.60599,-13.871615,-13.996615,-14.13724,-14.559115,-14.746615,-14.76224]}]}