{"seen_tokens":["Hello","It","How","Hi","Could","Is","What","Hey","Looks","Can","Seems","Would","Greetings","I'm","Yes","\n","Sure","What's","Are","Do","Good"," How","Certainly","Of"],"seen_logprobs":[{"tokens":[0,1,2,3,4,5,6,7,8,9,10,11,12,13,14,15,16,17,18,19],"logprobs":[-0.16849035,-2.6059904,-2.6997404,-4.3247404,-7.7622404,-8.91849,-9.35599,-9.48099,-10.98099,-11.26224,-11.85599,-13.41849,-13.590365,-13.60599,-13.871615,-13.996615,-14.13724,-14.559115,-14.746615,-14.76224]},{"tokens":[0,2,1,3,5,6,4,7,8,9,10,14,17,12,13,11,15,19,20,21],"logprobs":[-0.2278274,-1.9153274,-3.0715773,-4.6965775,-7.8528275,-8.134077,-8.634077,-9.571577,-11.384077,-11.477827,-12.134077,-12.946577,-13.430952,-13.540327,-13.712202,-13.759077,-13.868452,-14.305952,-14.462202,-14.665327]},{"tokens":[0,2,1,3,6,5,4,7,8,9,10,15,11,14,22,16,12,17,23,13],"logprobs":[-0.24458571,-2.2133358,-2.3070858,-4.9320855,-7.7133355,-8.557086,-8.744586,-10.119586,-11.463336,-11.775836,-11.994586,-13.885211,-13.900836,-13.994586,-14.025836,-14.103961,-14.103961,-14.213336,-14.322711,-14.338336]}]}