{"seen_tokens":["Hello","How","It","Hi","Is","What","Could","Hey","Can","Looks","Seems","Yes","What's","Would","Greetings","I'm","Sure","Do","\n","Are"],"seen_logprobs":[{"tokens":[0,1,2,3,4,5,6,7,8,9,10,11,12,13,14,15,16,17,18,19],"logprobs":[-0.20299421,-2.015494,-3.265494,-4.5154943,-7.6717443,-7.8904943,-7.9529943,-9.265494,-10.827994,-11.015494,-11.859244,-13.109244,-13.140494,-13.327994,-13.327994,-13.702994,-13.890494,-13.984244,-13.999869,-14.234244]}]}