{"seen_tokens":["Hello","How","It","Hi","Is","What","Could","Hey","Can","Looks","Seems","Yes","What's","Would","Greetings","I'm","Sure","Do","\n","Are","\"","I","Certainly"],"seen_logprobs":[{"tokens":[0,1,2,3,4,5,6,7,8,9,10,11,12,13,14,15,16,17,18,19],"logprobs":[-0.20299421,-2.015494,-3.265494,-4.5154943,-7.6717443,-7.8904943,-7.9529943,-9.265494,-10.827994,-11.015494,-11.859244,-13.109244,-13.140494,-13.327994,-13.327994,-13.702994,-13.890494,-13.984244,-13.999869,-14.234244]},{"tokens":[0,2,1,3,6,7,4,9,5,10,8,15,13,14,20,19,11,16,21,17],"logprobs":[-0.19548517,-1.9454851,-4.039235,-4.101735,-8.132985,-9.445485,-9.601735,-10.914235,-11.195485,-11.757985,-11.820485,-14.49236,-14.601735,-14.67986,-14.86736,-15.14861,-15.445485,-15.49236,-15.539235,-15.664235]},{"tokens":[0,1,2,3,6,4,5,7,8,9,10,11,13,14,15,12,18,16,22,17],"logprobs":[-0.19115949,-2.2536595,-2.8161595,-4.7849092,-8.003659,-8.534909,-8.628659,-9.909909,-11.378659,-11.472409,-12.253659,-13.753659,-13.878659,-14.066159,-14.175534,-14.191159,-14.409909,-14.597409,-14.769284,-14.831784]}]}