{"seen_tokens":["Hello","Hi","How","It's","Is","What's","Hey","Nice","hi","hello","It","If","Are","##","Do","I'm","###","I","Can","What"],"seen_logprobs":[{"tokens":[0,1,2,3,4,5,6,7,8,9,10,11,12,13,14,15,16,17,18,19],"logprobs":[-0.36780792,-1.8678079,-2.3678079,-3.1178079,-4.867808,-6.117808,-6.867808,-7.117808,-7.117808,-7.367808,-7.617808,-7.867808,-8.867808,-8.867808,-9.117808,-9.367808,-9.367808,-9.867808,-9.867808,-10.117808]},{"tokens":[3,0,1,2,4,5,6,7,8,9,10,11,12,13,14,15,16,17,18,19],"logprobs":[-3.1178079,-0.36780792,-1.8678079,-2.3678079,-4.867808,-6.117808,-6.867808,-7.117808,-7.117808,-7.367808,-7.617808,-7.867808,-8.867808,-8.867808,-9.117808,-9.367808,-9.367808,-9.867808,-9.867808,-10.117808]}]}