{"seen_tokens":["I","Hello","Hi","Here","Based","Looking","Hey","What","It","You","Thank","Let","Gre","您好","Your","Alright","你好","Good","Thinking","My"],"seen_logprobs":[{"tokens":[0,1,2,3,4,5,6,7,8,9,10,11,12,13,14,15,16,17,18,19],"logprobs":[-0.46166104,-1.2116611,-3.211661,-4.711661,-5.336661,-5.711661,-5.836661,-5.961661,-6.336661,-6.461661,-7.211661,-7.961661,-7.961661,-8.086661,-8.086661,-8.086661,-8.086661,-8.086661,-8.211661,-8.461661]}]}