{"seen_tokens":["I","Hello","Hi","Here","Based","Looking","Hey","What","It","You","Thank","Let","Gre","您好","Your","Alright","你好","Good","Thinking","My","We","**","The","x","That","<","Looks","Excellent","Unfortunately","H","Okay"],"seen_logprobs":[{"tokens":[0,1,2,3,4,5,6,7,8,9,10,11,12,13,14,15,16,17,18,19],"logprobs":[-0.46166104,-1.2116611,-3.211661,-4.711661,-5.336661,-5.711661,-5.836661,-5.961661,-6.336661,-6.461661,-7.211661,-7.961661,-7.961661,-8.086661,-8.086661,-8.086661,-8.086661,-8.086661,-8.211661,-8.461661]},{"tokens":[0,2,1,8,5,9,3,14,4,20,17,7,21,22,6,10,23,24,25,26],"logprobs":[-0.40610957,-1.9061096,-2.4061096,-2.6561096,-5.40611,-5.40611,-5.65611,-5.78111,-6.28111,-6.65611,-6.78111,-7.03111,-7.40611,-8.03111,-8.15611,-8.28111,-8.28111,-8.40611,-8.53111,-8.65611]},{"tokens":[0,8,2,1,14,9,20,26,5,3,7,6,17,4,10,27,11,23,15,28],"logprobs":[-0.17149423,-2.6714942,-2.9214942,-3.9214942,-5.921494,-6.046494,-6.171494,-6.421494,-6.671494,-7.046494,-7.171494,-7.546494,-7.546494,-7.671494,-8.4214945,-8.5464945,-8.5464945,-9.5464945,-9.5464945,-9.6714945]},{"tokens":[1,0,2,5,3,8,9,6,7,4,22,12,20,29,18,24,15,27,17,30],"logprobs":[-0.88340795,-0.88340795,-2.133408,-4.258408,-4.383408,-4.633408,-5.008408,-5.508408,-6.383408,-6.758408,-7.508408,-8.008408,-8.258408,-8.383408,-8.383408,-8.508408,-8.633408,-8.633408,-8.633408,-8.633408]}]}