{"seen_tokens":["I","Hello","Hi","Here","Based","Looking","Hey","What","It","You","Thank","Let","Gre","您好","Your","Alright","你好","Good","Thinking","My","We","**","The","x","That","<","Looks"],"seen_logprobs":[{"tokens":[0,1,2,3,4,5,6,7,8,9,10,11,12,13,14,15,16,17,18,19],"logprobs":[-0.46166104,-1.2116611,-3.211661,-4.711661,-5.336661,-5.711661,-5.836661,-5.961661,-6.336661,-6.461661,-7.211661,-7.961661,-7.961661,-8.086661,-8.086661,-8.086661,-8.086661,-8.086661,-8.211661,-8.461661]},{"tokens":[0,2,1,8,5,9,3,14,4,20,17,7,21,22,6,10,23,24,25,26],"logprobs":[-0.40610957,-1.9061096,-2.4061096,-2.6561096,-5.40611,-5.40611,-5.65611,-5.78111,-6.28111,-6.65611,-6.78111,-7.03111,-7.40611,-8.03111,-8.15611,-8.28111,-8.28111,-8.40611,-8.53111,-8.65611]}]}