{"seen_tokens":["It","Hello","Could","To","How","I","Your","Hi"," Hello","Thank","Is","What","The","If","Are","You","x","Here","Please","Can","Let"],"seen_logprobs":[{"tokens":[0,1,2,3,4,5,6,7,8,9,10,11,12,13,14,15,16,17,18,19],"logprobs":[-0.68571556,-0.81071556,-3.6857157,-4.8107157,-4.8107157,-5.5607157,-6.4357157,-6.5607157,-7.8732157,-8.123216,-8.185716,-8.435716,-8.498216,-8.560716,-8.873216,-9.060716,-9.060716,-9.185716,-9.185716,-9.248216]},{"tokens":[1,0,2,3,4,5,6,7,8,9,10,11,12,13,14,15,16,17,18,19],"logprobs":[-0.81071556,-0.68571556,-3.6857157,-4.8107157,-4.8107157,-5.5607157,-6.4357157,-6.5607157,-7.8732157,-8.123216,-8.185716,-8.435716,-8.498216,-8.560716,-8.873216,-9.060716,-9.060716,-9.185716,-9.185716,-9.248216]},{"tokens":[0,1,2,3,4,5,6,7,8,9,10,12,11,14,13,16,19,18,15,17],"logprobs":[-0.4987791,-1.123779,-3.373779,-4.3737793,-4.6237793,-5.6237793,-6.2487793,-6.3737793,-7.9362793,-8.061279,-8.248779,-8.311279,-8.373779,-8.498779,-8.686279,-8.811279,-8.936279,-8.936279,-8.998779,-9.061279]},{"tokens":[1,0,2,4,3,5,7,8,6,10,11,12,9,16,13,14,17,15,19,20],"logprobs":[-0.69413733,-0.81913733,-3.4441373,-4.3191376,-5.0691376,-5.9441376,-6.3191376,-7.5691376,-7.6316376,-7.8816376,-8.381638,-8.506638,-8.694138,-9.006638,-9.006638,-9.006638,-9.256638,-9.319138,-9.319138,-9.569138]}]}