{"seen_tokens":["It","Hello","Could","To","How","I","Your","Hi"," Hello","Thank","Is","What","The","If","Are","You","x","Here","Please","Can"],"seen_logprobs":[{"tokens":[0,1,2,3,4,5,6,7,8,9,10,11,12,13,14,15,16,17,18,19],"logprobs":[-0.68571556,-0.81071556,-3.6857157,-4.8107157,-4.8107157,-5.5607157,-6.4357157,-6.5607157,-7.8732157,-8.123216,-8.185716,-8.435716,-8.498216,-8.560716,-8.873216,-9.060716,-9.060716,-9.185716,-9.185716,-9.248216]}]}