{"seen_tokens":["Hello","Hi","Hey"," Hello","Good","Hola","Welcome","hello","Hallo"," hello","Howdy",">Hello","こんにちは","Greetings","你好","How","Happy","Bonjour","What","Hell"],"seen_logprobs":[{"tokens":[0,1,2,3,4,5,6,7,8,9,10,11,12,13,14,15,16,17,18,19],"logprobs":[-0.00055303273,-7.500553,-17.625553,-18.250553,-19.000553,-19.875553,-20.000553,-20.125553,-20.750553,-21.375553,-21.375553,-21.375553,-21.500553,-21.750553,-22.375553,-23.000553,-23.250553,-23.625553,-24.250553,-24.500553]}]}