{"seen_tokens":["Let","The","1","Hmm","Ċ","æĶ¶åĪ°","Hi","Okay","I","Looking","Checking","Hello","Reflect","User","è®©æĪĳ","This","Alright","Seeing","Recogn","Upon"],"seen_logprobs":[{"tokens":[0,1,2,3,4,5,6,7,8,9,10,11,12,13,14,15,16,17,18,19],"logprobs":[-0.32426065,-1.9805107,-2.9414482,-4.2930107,-4.441448,-4.4805107,-5.1523857,-5.660198,-5.753948,-5.9023857,-6.082073,-6.1836357,-6.582073,-6.628948,-6.722698,-6.7305107,-6.832073,-6.8398857,-6.9648857,-6.9961357]}]}