{"seen_tokens":["Let","The","1","Hmm","Ċ","æĶ¶åĪ°","Hi","Okay","I","Looking","Checking","Hello","Reflect","User","è®©æĪĳ","This","Alright","Seeing","Recogn","Upon","So","Thinking"],"seen_logprobs":[{"tokens":[0,1,2,3,4,5,6,7,8,9,10,11,12,13,14,15,16,17,18,19],"logprobs":[-0.32426065,-1.9805107,-2.9414482,-4.2930107,-4.441448,-4.4805107,-5.1523857,-5.660198,-5.753948,-5.9023857,-6.082073,-6.1836357,-6.582073,-6.628948,-6.722698,-6.7305107,-6.832073,-6.8398857,-6.9648857,-6.9961357]},{"tokens":[0,1,2,5,4,3,6,7,8,9,11,10,13,15,14,12,20,17,16,21],"logprobs":[-0.3309123,-1.9559124,-2.9949749,-4.2762246,-4.3699746,-4.393412,-5.424662,-5.534037,-5.6512246,-6.002787,-6.018412,-6.221537,-6.487162,-6.580912,-6.6355996,-6.643412,-6.6668496,-6.7449746,-6.7762246,-7.1043496]},{"tokens":[1,0,2,3,4,5,6,7,8,9,11,10,12,15,13,17,14,20,19,16],"logprobs":[-1.9598261,-0.3192011,-3.0457635,-4.334826,-4.366076,-4.5301385,-5.412951,-5.7020135,-5.772326,-5.9207635,-6.0301385,-6.334826,-6.506701,-6.647326,-6.6707635,-6.7332635,-6.772326,-6.8270135,-6.975451,-7.0301385]},{"tokens":[0,1,2,3,4,5,6,7,8,9,11,10,12,15,13,17,14,20,19,16],"logprobs":[-0.3264117,-1.9357867,-3.0139117,-4.318599,-4.4045367,-4.5295367,-5.412349,-5.693599,-5.740474,-5.8889117,-6.021724,-6.349849,-6.5139117,-6.631099,-6.646724,-6.7326617,-6.7639117,-6.7795367,-6.9982867,-7.021724]}]}