{"seen_tokens":["series","\n","[","and","","=","to","\r","is","(","in","{","</s>","+","for","x","or","with","as","-","The"],"seen_logprobs":[{"tokens":[0,1,2,3,4,5,6,7,8,9,10,11,12,13,14,15,16,17,18,19],"logprobs":[-8.813031,-1.1255308,-2.3755307,-3.6255307,-3.7505307,-4.0005307,-4.0630307,-4.1255307,-4.1880307,-4.5005307,-4.5005307,-4.6255307,-4.6255307,-4.7505307,-4.8130307,-4.8130307,-5.0630307,-5.1880307,-5.2505307,-5.2505307]},{"tokens":[20,1,2,3,4,5,6,7,8,9,10,11,12,13,14,15,16,17,18,19],"logprobs":[-5.7192807,-1.1255308,-2.3755307,-3.6255307,-3.7505307,-4.0005307,-4.0630307,-4.1255307,-4.1880307,-4.5005307,-4.5005307,-4.6255307,-4.6255307,-4.7505307,-4.8130307,-4.8130307,-5.0630307,-5.1880307,-5.2505307,-5.2505307]}]}