{"seen_tokens":["It","\"","If","You","How","Please","Since","To","Is","In","I","Depending","'","**","The","X","As","`","What","Whether"," It"],"seen_logprobs":[{"tokens":[0,1,2,3,4,5,6,7,8,9,10,11,12,13,14,15,16,17,18,19],"logprobs":[-0.000032305197,-11.375032,-12.187532,-12.187532,-13.000032,-13.437532,-13.500032,-14.000032,-14.062532,-14.562532,-14.625032,-14.812532,-15.000032,-15.062532,-15.187532,-15.437532,-15.562532,-15.625032,-15.937532,-16.250032]},{"tokens":[0,1,3,2,4,5,6,7,8,9,10,11,12,13,14,16,15,17,18,20],"logprobs":[-0.000032901222,-11.437532,-12.062532,-12.187532,-12.937532,-13.187532,-13.687532,-13.937532,-14.000032,-14.500032,-14.562532,-14.875032,-14.937532,-15.125032,-15.375032,-15.437532,-15.500032,-15.750032,-15.968782,-16.312532]},{"tokens":[0,1,3,2,4,5,6,8,7,10,9,11,13,12,14,16,15,17,18,19],"logprobs":[-0.00003421248,-11.500034,-11.875034,-12.125034,-12.875034,-13.250034,-13.500034,-13.937534,-13.937534,-14.437534,-14.500034,-14.812534,-15.000034,-15.062534,-15.250034,-15.375034,-15.562534,-15.625034,-15.875034,-16.250034]},{"tokens":[0,1,3,2,4,5,6,8,7,10,9,11,12,13,14,15,16,17,18,19],"logprobs":[-0.00003397407,-11.562534,-11.875034,-12.062534,-12.937534,-13.312534,-13.500034,-13.875034,-13.937534,-14.312534,-14.500034,-14.812534,-15.062534,-15.062534,-15.250034,-15.437534,-15.437534,-15.687534,-15.875034,-16.125034]}]}