{"seen_tokens":["Hello","It","Hi","Looks","Hey","Seems","Could"," It","hello"," Hello","I","How","Your","It's","I'm","it"," it","Greetings","Is","Hola","What","Welcome","こんにちは"],"seen_logprobs":[{"tokens":[0,1,2,3,4,5,6,7,8,9,10,11,12,13,14,15,16,17,18,19],"logprobs":[-0.20149432,-1.7014943,-9.451494,-13.326494,-15.826494,-15.826494,-15.951494,-16.326494,-16.451494,-16.826494,-16.951494,-17.326494,-17.576494,-17.576494,-17.826494,-18.076494,-18.076494,-18.076494,-18.326494,-18.701494]},{"tokens":[0,1,2,3,11,4,6,8,9,5,10,17,14,18,13,7,20,12,21,22],"logprobs":[-0.03816141,-3.2881615,-9.038161,-14.663161,-15.913161,-15.913161,-16.163162,-16.413162,-16.788162,-16.788162,-17.038162,-17.288162,-17.413162,-17.663162,-17.913162,-18.038162,-18.163162,-18.163162,-18.538162,-18.663162]}]}