{"seen_tokens":["Hello","It","Hi","Looks","Hey","Seems","Could"," It","hello"," Hello","I","How","Your","It's","I'm","it"," it","Greetings","Is","Hola"],"seen_logprobs":[{"tokens":[0,1,2,3,4,5,6,7,8,9,10,11,12,13,14,15,16,17,18,19],"logprobs":[-0.20149432,-1.7014943,-9.451494,-13.326494,-15.826494,-15.826494,-15.951494,-16.326494,-16.451494,-16.826494,-16.951494,-17.326494,-17.576494,-17.576494,-17.826494,-18.076494,-18.076494,-18.076494,-18.326494,-18.701494]}]}