{"seen_tokens":["Hello","Hi","Hey"," Hello","Good","**","\n","hello","Hell","Greetings","Howdy"," Hi","Well","Hola",">Hello","How","\n\n","​","-","﻿"],"seen_logprobs":[{"tokens":[0,1,2,3,4,5,6,7,8,9,10,11,12,13,14,15,16,17,18,19],"logprobs":[-0.004080897,-5.504081,-13.004081,-15.379081,-17.254082,-18.879082,-19.129082,-19.129082,-19.504082,-20.129082,-20.879082,-21.129082,-21.379082,-21.629082,-21.879082,-22.004082,-22.379082,-22.379082,-22.379082,-22.504082]}]}