{"seen_tokens":["Hello","Hi","Hey"," Hello","Good","**","\n","hello","Hell","Greetings","Howdy"," Hi","Well","Hola",">Hello","How","\n\n","​","-","﻿"],"seen_logprobs":[{"tokens":[0,1,2,3,4,5,6,7,8,9,10,11,12,13,14,15,16,17,18,19],"logprobs":[-0.004080897,-5.504081,-13.004081,-15.379081,-17.254082,-18.879082,-19.129082,-19.129082,-19.504082,-20.129082,-20.879082,-21.129082,-21.379082,-21.629082,-21.879082,-22.004082,-22.379082,-22.379082,-22.379082,-22.504082]},{"tokens":[0,1,2,3,4,5,6,7,8,9,10,11,12,13,14,15,16,17,18,19],"logprobs":[-0.003180206,-5.75318,-13.0031805,-15.3781805,-17.25318,-18.87818,-19.12818,-19.25318,-19.50318,-20.12818,-21.00318,-21.12818,-21.50318,-21.62818,-21.87818,-22.00318,-22.37818,-22.37818,-22.37818,-22.62818]}]}