{"seen_tokens":["\n","</think>","\n\n","1","**\n"," ","\n\n\n","!\n",".\n","\r\n","$\n"," \n"," ("," aut","()\n","um","I"," sense",":\n"," \""],"seen_logprobs":[{"tokens":[0,1,2,3,4,5,6,7,8,9,10,11,12,13,14,15,16,17,18,19],"logprobs":[-5.960463e-7,-14.492188,-15.554688,-18.382812,-19.265625,-19.523438,-20.429688,-20.445312,-20.6875,-20.851562,-21.039062,-21.109375,-21.125,-21.140625,-21.21875,-21.226562,-21.234375,-21.382812,-21.539062,-21.570312]},{"tokens":[0,1,2,3,4,5,6,7,8,9,10,11,12,13,14,15,16,17,18,19],"logprobs":[-5.960463e-7,-14.492188,-15.562501,-18.375,-19.265625,-19.523438,-20.429688,-20.453125,-20.6875,-20.859375,-21.046875,-21.109375,-21.132812,-21.140625,-21.21875,-21.226562,-21.242188,-21.382812,-21.546875,-21.578125]},{"tokens":[0,1,2,3,4,5,6,7,8,9,13,12,15,10,11,14,16,17,18,19],"logprobs":[-8.344647e-7,-14.390626,-15.492188,-18.289062,-19.351562,-19.5,-20.4375,-20.445312,-20.65625,-20.90625,-21.054688,-21.070312,-21.070312,-21.070312,-21.117188,-21.164062,-21.242188,-21.429688,-21.5,-21.546875]}]}