{"seen_tokens":["X","x","Got","**","Just","What's","Hey","What"],"seen_logprobs":[{"tokens":[0,1,2,3,4,5,6,7],"logprobs":[-0.032202885,-3.7822027,-5.7822027,-5.7822027,-6.4072027,-7.1572027,-8.157203,-10.907203]},{"tokens":[1,2,5,0,3,6,4,7],"logprobs":[-0.32285184,-2.322852,-2.322852,-3.072852,-3.572852,-5.5728517,-6.5728517,-8.697852]},{"tokens":[1,4,2,5,3,0,6,7],"logprobs":[-1.0401151,-1.0401151,-2.290115,-2.290115,-3.040115,-3.290115,-5.7901154,-6.0401154]}]}