{"seen_tokens":["X","x","Got","**","Just","What's","Hey","What"],"seen_logprobs":[{"tokens":[0,1,2,3,4,5,6,7],"logprobs":[-0.032202885,-3.7822027,-5.7822027,-5.7822027,-6.4072027,-7.1572027,-8.157203,-10.907203]}]}