{"seen_tokens":["H","哈","看起来","Hello","Hi","你好","您好","嗨","<｜end▁of▁sentence｜>","!","\"","#","'","(","*","+","-","0","1","5"],"seen_logprobs":[{"tokens":[0,1,2,3,4,5,6,7,8,9,10,11,12,13,14,15,16,17,18,19],"logprobs":[-16.883013,-16.467806,-17.031755,-4.621272,-11.265285,-0.010378793,-7.660777,-13.886149,-9999.0,-9999.0,-9999.0,-9999.0,-9999.0,-9999.0,-9999.0,-9999.0,-9999.0,-9999.0,-9999.0,-9999.0]}]}