{"seen_tokens":["▁=","▁","▁is","▁x","▁I","▁The","▁To","▁A","▁Write","▁-","▁y","▁What","▁Given","▁Hello","▁There","▁In","▁This","▁If","▁An","▁You","▁Here"],"seen_logprobs":[{"tokens":[0,1,2,3,4,5,6,7,8,9,10,11,12,13,14,15,16,17,18,19],"logprobs":[-2.2203069,-1.782807,-2.5953069,-2.7828069,-2.9703069,-2.9703069,-3.3453069,-3.4078069,-3.5953069,-3.7828069,-3.8453069,-3.8453069,-3.9703069,-4.032807,-4.157807,-4.345307,-4.532807,-4.720307,-4.720307,-4.782807]},{"tokens":[1,0,2,3,4,5,6,7,8,9,10,11,12,13,14,15,16,17,18,19],"logprobs":[-1.782807,-2.2203069,-2.5953069,-2.7828069,-2.9703069,-2.9703069,-3.3453069,-3.4078069,-3.5953069,-3.7828069,-3.8453069,-3.8453069,-3.9703069,-4.032807,-4.157807,-4.345307,-4.532807,-4.720307,-4.720307,-4.782807]},{"tokens":[2,1,0,3,5,4,6,7,8,9,10,12,11,14,13,15,16,17,18,20],"logprobs":[-2.4153223,-1.7903223,-2.1653223,-2.8528223,-2.9778223,-3.2278223,-3.3528223,-3.4153223,-3.6028223,-3.6653223,-3.7903223,-3.8528223,-3.9153223,-4.1028223,-4.1028223,-4.2278223,-4.6028223,-4.7903223,-4.7903223,-4.8528223]}]}