{"seen_tokens":["Hello","Hi","Good","Hey"," Hello","hello","Greetings","Hell","How","\n",">Hello","Well","Howdy","﻿","What","Hola","​​","\\","​","-","**"],"seen_logprobs":[{"tokens":[0,1,2,3,4,5,6,7,8,9,10,11,12,13,14,15,16,17,18,19],"logprobs":[-0.00004596782,-10.000046,-15.250046,-15.250046,-16.875046,-20.375046,-20.875046,-20.875046,-21.125046,-22.375046,-22.500046,-22.750046,-22.750046,-23.375046,-23.500046,-24.250046,-24.250046,-24.375046,-24.750046,-25.000046]},{"tokens":[0,1,2,3,4,8,5,6,7,10,11,9,12,16,20,17,13,14,15,19],"logprobs":[-0.000010325924,-11.5000105,-16.50001,-17.25001,-17.50001,-21.12501,-21.12501,-21.50001,-21.75001,-23.00001,-23.12501,-23.50001,-24.37501,-25.12501,-25.12501,-25.12501,-25.12501,-25.25001,-25.37501,-25.37501]}]}