{"seen_tokens":["Hello","Hi","Good","Hey"," Hello","hello","Greetings","Hell","How","\n",">Hello","Well","Howdy","﻿","What","Hola","​​","\\","​","-"],"seen_logprobs":[{"tokens":[0,1,2,3,4,5,6,7,8,9,10,11,12,13,14,15,16,17,18,19],"logprobs":[-0.00004596782,-10.000046,-15.250046,-15.250046,-16.875046,-20.375046,-20.875046,-20.875046,-21.125046,-22.375046,-22.500046,-22.750046,-22.750046,-23.375046,-23.500046,-24.250046,-24.250046,-24.375046,-24.750046,-25.000046]}]}