{"seen_tokens":["Hello","How","It","Hi","Could","What","Hey","Is","Can","Looks","Seems","Greetings","Would","Yes","Good","What's","Sure","Are","I'm","\""],"seen_logprobs":[{"tokens":[0,1,2,3,4,5,6,7,8,9,10,11,12,13,14,15,16,17,18,19],"logprobs":[-0.05437639,-3.5543764,-4.3043766,-4.5543766,-9.054377,-9.804377,-9.804377,-9.804377,-12.054377,-13.054377,-14.054377,-14.304377,-14.804377,-14.929377,-15.054377,-15.554377,-15.554377,-15.679377,-15.679377,-15.679377]}]}