{"seen_tokens":["Hello","How","It","Hi","Could","What","Hey","Is","Can","Looks","Seems","Greetings","Would","Yes","Good","What's","Sure","Are","I'm","\"","Certainly","Do"],"seen_logprobs":[{"tokens":[0,1,2,3,4,5,6,7,8,9,10,11,12,13,14,15,16,17,18,19],"logprobs":[-0.05437639,-3.5543764,-4.3043766,-4.5543766,-9.054377,-9.804377,-9.804377,-9.804377,-12.054377,-13.054377,-14.054377,-14.304377,-14.804377,-14.929377,-15.054377,-15.554377,-15.554377,-15.679377,-15.679377,-15.679377]},{"tokens":[0,1,2,3,4,7,6,5,8,9,10,11,12,18,14,20,15,21,13,16],"logprobs":[-0.0875092,-3.0875092,-3.5875092,-4.587509,-8.837509,-9.587509,-9.837509,-10.087509,-11.837509,-12.087509,-13.087509,-14.087509,-14.587509,-14.837509,-14.962509,-14.962509,-15.087509,-15.212509,-15.212509,-15.212509]}]}