{"seen_tokens":["Hello","How","It","Hi","Could","What","Hey","Is","Can","Looks","Seems","Greetings","Would","Yes","Good","What's","Sure","Are","I'm","\"","Certainly","Do","\n"," Hello"],"seen_logprobs":[{"tokens":[0,1,2,3,4,5,6,7,8,9,10,11,12,13,14,15,16,17,18,19],"logprobs":[-0.05437639,-3.5543764,-4.3043766,-4.5543766,-9.054377,-9.804377,-9.804377,-9.804377,-12.054377,-13.054377,-14.054377,-14.304377,-14.804377,-14.929377,-15.054377,-15.554377,-15.554377,-15.679377,-15.679377,-15.679377]},{"tokens":[0,1,2,3,4,7,6,5,8,9,10,11,12,18,14,20,15,21,13,16],"logprobs":[-0.0875092,-3.0875092,-3.5875092,-4.587509,-8.837509,-9.587509,-9.837509,-10.087509,-11.837509,-12.087509,-13.087509,-14.087509,-14.587509,-14.837509,-14.962509,-14.962509,-15.087509,-15.212509,-15.212509,-15.212509]},{"tokens":[0,2,1,3,4,7,5,6,8,9,10,13,18,16,17,12,11,19,21,20],"logprobs":[-0.18832499,-2.188325,-2.938325,-5.188325,-7.438325,-8.438325,-9.438325,-9.938325,-10.438325,-10.938325,-11.688325,-12.438325,-12.938325,-12.938325,-13.188325,-13.188325,-13.188325,-13.438325,-13.563325,-13.563325]},{"tokens":[0,1,2,3,4,6,7,5,9,8,10,11,13,12,18,16,22,15,23,14],"logprobs":[-0.06313217,-3.5631323,-3.8131323,-4.5631323,-8.813132,-9.813132,-9.813132,-10.063132,-11.813132,-12.313132,-12.563132,-13.813132,-14.313132,-14.438132,-14.438132,-14.563132,-14.563132,-15.188132,-15.188132,-15.313132]}]}