{"seen_tokens":["We","The","User","Okay","Hmm","I","It","There's","This","We've","We're","Alright","There","From","\"","So","Ok","I'm","Given","First","At","Hello"],"seen_logprobs":[{"tokens":[0,1,2,3,4,5,6,7,8,9,10,11,12,13,14,15,16,17,18,19],"logprobs":[-1.2254041,-0.3504041,-7.4754043,-8.225404,-8.350404,-8.975404,-9.100404,-9.100404,-9.225404,-9.350404,-9.600404,-10.100404,-10.100404,-10.350404,-10.975404,-11.225404,-11.225404,-11.350404,-11.475404,-11.600404]},{"tokens":[0,1,2,4,9,7,3,8,5,10,6,12,11,13,14,20,15,16,18,17],"logprobs":[-1.2252642,-0.35026422,-7.600264,-8.600265,-8.600265,-8.600265,-8.725265,-9.225265,-9.225265,-9.350265,-9.850265,-10.100265,-10.350265,-10.600265,-11.100265,-11.100265,-11.225265,-11.350265,-11.475265,-11.475265]},{"tokens":[0,1,2,4,3,7,9,8,5,10,6,12,11,14,13,16,18,21,15,17],"logprobs":[-1.3149132,-0.31491315,-7.6899133,-8.189913,-8.814913,-8.814913,-9.314913,-9.439913,-9.564913,-9.564913,-9.689913,-10.064913,-10.189913,-10.814913,-11.064913,-11.314913,-11.564913,-11.564913,-11.564913,-11.564913]},{"tokens":[0,1,2,4,6,3,5,7,9,8,10,12,13,11,18,14,17,21,16,19],"logprobs":[-1.315184,-0.31518397,-7.565184,-7.815184,-8.440184,-9.065184,-9.065184,-9.190184,-9.440184,-9.565184,-9.565184,-10.065184,-10.565184,-10.940184,-11.190184,-11.190184,-11.440184,-11.690184,-11.815184,-11.815184]}]}