{"seen_tokens":["We","The","User","Okay","Hmm","I","It","There's","This","We've","We're","Alright","There","From","\"","So","Ok","I'm","Given","First"],"seen_logprobs":[{"tokens":[0,1,2,3,4,5,6,7,8,9,10,11,12,13,14,15,16,17,18,19],"logprobs":[-1.2254041,-0.3504041,-7.4754043,-8.225404,-8.350404,-8.975404,-9.100404,-9.100404,-9.225404,-9.350404,-9.600404,-10.100404,-10.100404,-10.350404,-10.975404,-11.225404,-11.225404,-11.350404,-11.475404,-11.600404]}]}