{"seen_tokens":["Hello","Hi","Hey","How","It"," eth","👋","你好","I","Content","Got","Alright","HI","The"],"seen_logprobs":[{"tokens":[0,1,2,3,4,5,6,7],"logprobs":[-0.28191972,-1.4069197,-7.2819195,-11.2819195,-12.0944195,-12.2819195,-12.8444195,-12.9069195]},{"tokens":[0,1,2,4,8,6,9,7],"logprobs":[-0.0227522,-3.897752,-6.2727523,-9.147752,-10.522752,-10.960252,-11.647752,-11.897752]},{"tokens":[0,1,2,3,8,10,11,6],"logprobs":[-0.6106471,-0.9856471,-2.735647,-3.985647,-10.485647,-10.610647,-10.673147,-11.235647]},{"tokens":[1,0,4,2,8,7,12,13],"logprobs":[-0.7040282,-0.7040282,-4.579028,-9.516528,-10.204028,-10.266528,-10.579028,-10.704028]}]}