{"seen_tokens":["Hello","Hi","Hey","How","It"," eth","👋","你好"],"seen_logprobs":[{"tokens":[0,1,2,3,4,5,6,7],"logprobs":[-0.28191972,-1.4069197,-7.2819195,-11.2819195,-12.0944195,-12.2819195,-12.8444195,-12.9069195]}]}