{"seen_tokens":["Hi","Hello","#","import","hi","def","```","hello","print","class","You","#!/","Hey","<|im_end|>","\"\"\"","I","return","#include","//","No"],"seen_logprobs":[{"tokens":[0,1,2,3,4,5,6,7,8,9,10,11,12,13,14,15,16,17,18,19],"logprobs":[-0.37910014,-2.1291,-2.7541,-3.8791,-4.0041003,-4.2541003,-4.5666003,-5.1291003,-5.7541003,-5.9416003,-6.0041003,-6.1291003,-6.4416003,-6.4416003,-6.5041003,-6.6291003,-6.6916003,-6.7541003,-6.7541003,-6.8166003]}]}