{"seen_tokens":["Hello","Hi","Hey"," Hello","Good"],"seen_logprobs":[{"tokens":[0,1,2,3,4],"logprobs":[-0.00055303273,-7.500553,-17.625553,-18.250553,-19.000553]},{"tokens":[0,1,2,3,4],"logprobs":[-0.00043066923,-7.7504306,-18.125431,-18.250431,-19.250431]},{"tokens":[0,1,3,2,4],"logprobs":[-0.00033546583,-8.000336,-18.125336,-18.500336,-19.375336]}]}