{"seen_tokens":["Hello","Hi","{","👋","Hey","`","Healthy","$\\"," Hello","(","Template","Here","0","Ass","Phase","_","Step","True","1"," sense"],"seen_logprobs":[{"tokens":[0,1,2,3,4,5,6,7,8,9,10,11,12,13,14,15,16,17,18,19],"logprobs":[-0.0000017881409,-13.362898,-16.834408,-17.38207,-17.912416,-18.2755,-18.353552,-18.611027,-18.868324,-19.234396,-19.27331,-19.304436,-19.475555,-19.615461,-19.662075,-19.693144,-19.72421,-19.84842,-19.84842,-19.86394]}]}