{"seen_tokens":["Hello","Hi","{","👋","Hey","`","Healthy","$\\"," Hello","(","Template","Here","0","Ass","Phase","_","Step","True","1"," sense","Type","Halo","ด้าน"],"seen_logprobs":[{"tokens":[0,1,2,3,4,5,6,7,8,9,10,11,12,13,14,15,16,17,18,19],"logprobs":[-0.0000017881409,-13.362898,-16.834408,-17.38207,-17.912416,-18.2755,-18.353552,-18.611027,-18.868324,-19.234396,-19.27331,-19.304436,-19.475555,-19.615461,-19.662075,-19.693144,-19.72421,-19.84842,-19.84842,-19.86394]},{"tokens":[0,1,2,3,7,5,6,4,15,8,10,20,11,17,21,9,19,22,14,13],"logprobs":[-0.0000027418175,-13.085043,-16.08797,-16.424818,-16.8659,-17.357197,-17.466272,-17.551945,-17.839901,-18.430168,-18.46118,-18.709091,-18.724571,-18.801956,-18.8329,-18.879301,-18.910229,-19.080206,-19.095648,-19.111088]}]}