{"seen_tokens":["Hey","Hi","Hello","H","**","Yo"," Hey","Hola"],"seen_logprobs":[{"tokens":[0,1,2,3,4,5,6,7],"logprobs":[-0.06219482,-2.8121948,-9.562195,-9.562195,-10.062195,-10.062195,-14.062195,-15.187195]},{"tokens":[0,1,2,3,4,5,6,7],"logprobs":[-0.12746087,-2.1274607,-8.252461,-9.127461,-9.252461,-9.627461,-13.877461,-14.627461]}]}