{"seen_tokens":["Hey","Hi","Hello","H","**","Yo"," Hey","Hola"],"seen_logprobs":[{"tokens":[0,1,2,3,4,5,6,7],"logprobs":[-0.06219482,-2.8121948,-9.562195,-9.562195,-10.062195,-10.062195,-14.062195,-15.187195]}]}