{"seen_tokens":["Hello","Hi","It"," Hello","Could"],"seen_logprobs":[{"tokens":[0,1,2,3,4],"logprobs":[-0.0015077206,-6.5015078,-12.251508,-15.001508,-16.626507]}]}