{"seen_tokens":["Hello","Hi","It"," Hello","Could","你好"],"seen_logprobs":[{"tokens":[0,1,2,3,4],"logprobs":[-0.0015077206,-6.5015078,-12.251508,-15.001508,-16.626507]},{"tokens":[0,1,2,3,4],"logprobs":[-0.0019341123,-6.251934,-12.251934,-14.876934,-16.126934]},{"tokens":[0,1,2,3,5],"logprobs":[-0.0019313742,-6.251931,-13.001931,-15.001931,-16.876932]}]}