{"seen_tokens":["Hello","Hi","Hey","Good","I","hello","Bon","Nice","What","How","Welcome","Oh","H"," Hello","He","You","It","HI","Great","hi"],"seen_logprobs":[{"tokens":[0,1,2,3,4,5,6,7,8,9,10,11,12,13,14,15,16,17,18,19],"logprobs":[-0.08535922,-2.5853593,-5.460359,-7.960359,-8.21036,-8.33536,-8.46036,-8.83536,-9.08536,-9.21036,-9.71036,-9.83536,-9.83536,-10.21036,-10.33536,-10.33536,-10.46036,-10.58536,-10.96036,-10.96036]}]}