{"seen_tokens":[" <"," Hello"," Hi"," It"," Hey"," </"," :"," How"," I"," <\n"," You"," Welcome"," Oh"," <!"," Let"," "," <!--"," hello"," Good"," \\"],"seen_logprobs":[{"tokens":[0,1,2,3,4,5,6,7,8,9,10,11,12,13,14,15,16,17,18,19],"logprobs":[-0.0009683449,-7.1259685,-9.625968,-10.688468,-10.750968,-11.688468,-11.875968,-12.000968,-12.625968,-12.688468,-12.875968,-13.063468,-13.188468,-13.313468,-13.750968,-13.938468,-14.000968,-14.250968,-14.375968,-14.375968]}]}