{"seen_tokens":["Hello","It","Hi","Looks","Hey"],"seen_logprobs":[{"tokens":[0,1,2,3,4],"logprobs":[-0.16030832,-1.9103084,-9.410308,-13.410308,-15.910308]}]}