{"seen_tokens":["Hello","It","Hi","Looks","Hey"],"seen_logprobs":[{"tokens":[0,1,2,3,4],"logprobs":[-0.16030832,-1.9103084,-9.410308,-13.410308,-15.910308]},{"tokens":[0,1,2,3,4],"logprobs":[-0.25201654,-1.5020165,-9.377016,-13.252016,-15.752016]},{"tokens":[0,1,2,3,4],"logprobs":[-0.25201645,-1.5020164,-9.377016,-13.252016,-15.752016]},{"tokens":[0,1,2,3,4],"logprobs":[-0.25202805,-1.502028,-9.252028,-13.127028,-15.627028]}]}