{"seen_tokens":["The","Hello","This","Hmm","Okay","Oh","Here's","We","Alright","User","Just","Hey","I","Let","Got","用户","So","A","My","I'm","Hi","First","I've","That's"],"seen_logprobs":[{"tokens":[0,1,2,3,4,5,6,7,8,9,10,11,12,13,14,15,16,17,18,19],"logprobs":[-0.010868284,-5.510868,-6.135868,-6.385868,-7.260868,-7.385868,-8.510868,-8.635868,-8.885868,-9.010868,-9.135868,-9.260868,-9.260868,-9.510868,-9.510868,-9.885868,-10.010868,-10.510868,-10.510868,-10.510868]},{"tokens":[0,2,1,3,4,5,6,7,9,8,14,16,11,10,13,12,17,15,20,18],"logprobs":[-0.011486704,-5.5114865,-5.8864865,-6.2614865,-7.2614865,-8.011487,-8.386487,-8.511487,-8.761487,-8.761487,-9.261487,-9.261487,-9.386487,-9.511487,-9.636487,-9.761487,-10.011487,-10.136487,-10.261487,-10.511487]},{"tokens":[0,2,1,3,4,5,8,6,7,14,11,9,15,13,16,10,12,18,21,22],"logprobs":[-0.01549867,-4.8904986,-5.7654986,-6.5154986,-6.7654986,-7.7654986,-8.515499,-8.640499,-8.765499,-8.890499,-8.890499,-9.140499,-9.515499,-9.515499,-9.765499,-9.890499,-10.015499,-10.640499,-10.640499,-10.640499]},{"tokens":[0,1,2,3,4,5,7,9,6,8,14,11,10,16,15,12,13,23,21,18],"logprobs":[-0.011957631,-5.5119576,-5.6369576,-6.3869576,-7.3869576,-8.261957,-8.261957,-8.511957,-8.636957,-8.886957,-9.011957,-9.011957,-9.511957,-9.636957,-9.636957,-10.011957,-10.011957,-10.761957,-11.011957,-11.011957]}]}