{"seen_tokens":["The","Hello","This","Hmm","Okay","Oh","Here's","We","Alright","User","Just","Hey","I","Let","Got","用户","So","A","My","I'm","Hi"],"seen_logprobs":[{"tokens":[0,1,2,3,4,5,6,7,8,9,10,11,12,13,14,15,16,17,18,19],"logprobs":[-0.010868284,-5.510868,-6.135868,-6.385868,-7.260868,-7.385868,-8.510868,-8.635868,-8.885868,-9.010868,-9.135868,-9.260868,-9.260868,-9.510868,-9.510868,-9.885868,-10.010868,-10.510868,-10.510868,-10.510868]},{"tokens":[0,2,1,3,4,5,6,7,9,8,14,16,11,10,13,12,17,15,20,18],"logprobs":[-0.011486704,-5.5114865,-5.8864865,-6.2614865,-7.2614865,-8.011487,-8.386487,-8.511487,-8.761487,-8.761487,-9.261487,-9.261487,-9.386487,-9.511487,-9.636487,-9.761487,-10.011487,-10.136487,-10.261487,-10.511487]}]}