{"seen_tokens":["▁Hello","▁Can","▁How","▁Hi","▁Hey","▁I","▁What","▁There","▁Welcome","▁Sure","▁Are","▁Yes","▁You","▁Could","▁Is","▁!","▁H","▁Please","▁Sorry","▁Help"],"seen_logprobs":[{"tokens":[0,1,2,3,4,5,6,7,8,9,10,11,12,13,14,15,16,17,18,19],"logprobs":[-0.19782574,-3.0728257,-3.0728257,-3.3228257,-3.6978257,-4.885326,-5.197826,-5.760326,-7.010326,-7.197826,-7.510326,-7.572826,-7.572826,-7.760326,-7.822826,-7.947826,-7.947826,-8.072825,-8.260325,-8.447825]}]}