{"seen_tokens":["<|channel|>","<|constrain|>"," "," (","분",",","<|message|>"," 分","<|call|>","analysis"," name"," a","(Note"," nap"," with"," after","<|start|>"," m"," b","<|end|>"],"seen_logprobs":[{"tokens":[0,1,2,3,4,5,6,7,8,9,10,11,12,13,14,15,16,17,18,19],"logprobs":[0.0,-20.35236,-22.7487,-23.534687,-24.091825,-24.656588,-24.89693,-24.911957,-24.986156,-24.996777,-25.72301,-25.865398,-25.94263,-26.002634,-26.028763,-26.244484,-26.249615,-26.300852,-26.54662,-26.557219]}]}