{"seen_tokens":["Hello","Hi"," Hello","Hey"," Hi","Hallo","HI","hello",">Hello","Hola","_hello","HEL"," hello","Greetings","你好","Hell","Oh","_hi","Bonjour","Hel"],"seen_logprobs":[{"tokens":[0,1,2,3,4,5,6,7,8,9,10,11,12,13,14,15,16,17,18,19],"logprobs":[-0.01416439,-4.2641644,-14.014164,-16.514164,-17.014164,-17.889164,-17.889164,-18.014164,-18.264164,-18.639164,-19.014164,-19.514164,-19.639164,-21.014164,-21.514164,-21.889164,-22.014164,-22.014164,-22.389164,-22.764164]}]}