{"seen_tokens":["Hi","Hey","Hello","**","H","Yo","hey"," Hi"],"seen_logprobs":[{"tokens":[0,1,2,3,4,5,6,7],"logprobs":[-0.47813952,-0.9781395,-5.8531394,-6.8531394,-9.22814,-12.60314,-12.85314,-12.85314]}]}