{"seen_tokens":["Hi","Hey","Hello","**","H","Yo","hey"," Hi","hi","Here's","\""," Hey","\"Hey"],"seen_logprobs":[{"tokens":[0,1,2,3,4,5,6,7],"logprobs":[-0.47813952,-0.9781395,-5.8531394,-6.8531394,-9.22814,-12.60314,-12.85314,-12.85314]},{"tokens":[0,1,4,2,3,8,9,10],"logprobs":[-0.07966799,-2.579668,-8.204668,-8.329668,-8.454668,-11.579668,-12.454668,-12.579668]},{"tokens":[1,0,2,3,4,5,11,6],"logprobs":[-0.48749813,-0.98749816,-4.3624983,-7.7374983,-9.112498,-12.112498,-12.362498,-12.612498]},{"tokens":[0,1,3,2,4,5,8,12],"logprobs":[-0.3144978,-1.3144978,-6.939498,-9.064498,-9.189498,-11.939498,-12.064498,-12.439498]}]}