{"seen_tokens":["Hi","Hey","Hello","**","H","Yo","hey"," Hi","hi","Here's","\""],"seen_logprobs":[{"tokens":[0,1,2,3,4,5,6,7],"logprobs":[-0.47813952,-0.9781395,-5.8531394,-6.8531394,-9.22814,-12.60314,-12.85314,-12.85314]},{"tokens":[0,1,4,2,3,8,9,10],"logprobs":[-0.07966799,-2.579668,-8.204668,-8.329668,-8.454668,-11.579668,-12.454668,-12.579668]}]}