{"seen_tokens":["!","?"," again","！"," there"],"seen_logprobs":[{"tokens":[0,1,2,3,4],"logprobs":[-0.000004410734,-13.500005,-14.000005,-14.375005,-14.500005]}]}