{"seen_tokens":["Hello","Hi","It","To","Hey","I","That","Here","How","ĠHello","What","Sure","x","The","\"","Bon","This","Of","ĠHi","Your"],"seen_logprobs":[{"tokens":[0,1,2,3,4,5,6,7,8,9,10,11,12,13,14,15,16,17,18,19],"logprobs":[-0.07322573,-3.8857257,-4.3232255,-4.8232255,-5.1357255,-5.3232255,-5.9482255,-5.9482255,-6.0107255,-6.5732255,-6.8857255,-7.0732255,-7.4482255,-7.4482255,-7.6357255,-7.9482255,-8.135726,-8.260726,-8.260726,-8.573226]}]}