{"seen_tokens":["Hello","Hi","It","To","Hey","I","That","Here","How","ĠHello","What","Sure","x","The","\"","Bon","This","Of","ĠHi","Your"],"seen_logprobs":[{"tokens":[0,1,2,3,4,5,6,7,8,9,10,11,12,13,14,15,16,17,18,19],"logprobs":[-0.07322573,-3.8857257,-4.3232255,-4.8232255,-5.1357255,-5.3232255,-5.9482255,-5.9482255,-6.0107255,-6.5732255,-6.8857255,-7.0732255,-7.4482255,-7.4482255,-7.6357255,-7.9482255,-8.135726,-8.260726,-8.260726,-8.573226]},{"tokens":[2,0,1,3,4,5,6,7,8,9,10,11,12,13,14,15,16,17,18,19],"logprobs":[-4.3232255,-0.07322573,-3.8857257,-4.8232255,-5.1357255,-5.3232255,-5.9482255,-5.9482255,-6.0107255,-6.5732255,-6.8857255,-7.0732255,-7.4482255,-7.4482255,-7.6357255,-7.9482255,-8.135726,-8.260726,-8.260726,-8.573226]},{"tokens":[0,1,2,3,4,5,6,7,8,9,10,11,12,13,14,15,16,17,18,19],"logprobs":[-0.07424317,-3.886743,-4.261743,-4.824243,-5.136743,-5.324243,-5.886743,-5.949243,-6.011743,-6.574243,-6.886743,-7.074243,-7.449243,-7.449243,-7.636743,-7.949243,-8.136744,-8.261744,-8.261744,-8.574244]},{"tokens":[0,1,2,3,4,5,7,8,6,9,10,11,12,13,14,15,16,17,18,19],"logprobs":[-0.06771997,-4.00522,-4.31772,-4.94272,-5.25522,-5.38022,-6.00522,-6.06772,-6.06772,-6.63022,-6.88022,-7.19272,-7.50522,-7.50522,-7.69272,-7.88022,-8.19272,-8.31772,-8.31772,-8.56772]}]}