{"seen_tokens":["The","Hmm","This","Hello","Just"],"seen_logprobs":[{"tokens":[0,1,2,3,4],"logprobs":[-0.00578065,-6.7557807,-6.7557807,-6.7557807,-7.6307807]}]}