{"seen_tokens":["The","Hmm","This","Hello","Just","We"],"seen_logprobs":[{"tokens":[0,1,2,3,4],"logprobs":[-0.00578065,-6.7557807,-6.7557807,-6.7557807,-7.6307807]},{"tokens":[0,3,2,5,1],"logprobs":[-0.00880467,-6.008805,-6.758805,-7.008805,-7.383805]}]}