{"seen_tokens":["Hello","Hi","Hey","您好","How","你好","","Welcome","¡","Yo","You","I","H","Here","Ol"," Hello","Hell","**","嗨","\"","*","What","✨"],"seen_logprobs":[{"tokens":[0,1,2,3,4,5,6,7,8,9,10,11,12,13,14,15,16,17,18,19],"logprobs":[-0.07729536,-3.0772953,-3.5772953,-9.702295,-9.702295,-9.952295,-10.077295,-10.327295,-10.952295,-11.077295,-11.702295,-11.702295,-11.952295,-11.952295,-12.327295,-12.327295,-12.452295,-12.952295,-12.952295,-13.077295]},{"tokens":[0,2,1,6,5,7,13,12,3,9,4,8,11,16,10,18,19,20,14,21],"logprobs":[-1.0991604,-1.0991604,-1.0991604,-9.22416,-9.47416,-9.84916,-9.84916,-10.09916,-10.22416,-10.47416,-10.59916,-10.59916,-11.22416,-11.22416,-11.22416,-11.59916,-11.84916,-12.09916,-12.09916,-12.34916]},{"tokens":[0,2,1,4,9,6,5,3,13,11,20,19,12,8,10,16,7,17,22,21],"logprobs":[-0.15665673,-2.4066567,-2.9066567,-9.906656,-10.406656,-10.531656,-10.531656,-10.906656,-11.406656,-11.906656,-11.906656,-12.031656,-12.031656,-12.031656,-12.406656,-12.406656,-12.531656,-13.031656,-13.156656,-13.406656]}]}