{"seen_tokens":["Hello","Hi","Hey","您好","How","你好","","Welcome","¡","Yo","You","I","H","Here","Ol"," Hello","Hell","**","嗨","\""],"seen_logprobs":[{"tokens":[0,1,2,3,4,5,6,7,8,9,10,11,12,13,14,15,16,17,18,19],"logprobs":[-0.07729536,-3.0772953,-3.5772953,-9.702295,-9.702295,-9.952295,-10.077295,-10.327295,-10.952295,-11.077295,-11.702295,-11.702295,-11.952295,-11.952295,-12.327295,-12.327295,-12.452295,-12.952295,-12.952295,-13.077295]}]}