{"seen_tokens":["How","It","Is","Hello","Welcome","What","Hi"," How","Its"," It","Can"," Hello","how","You","Hey","Isn"," Is","它","it","_it"],"seen_logprobs":[{"tokens":[0,1,2,3,4,5,6,7,8,9,10,11,12,13,14,15,16,17,18,19],"logprobs":[-0.5770383,-0.9051633,-3.7176633,-5.0301633,-6.8114133,-6.9207883,-7.6707883,-8.170788,-9.327038,-9.670788,-10.498913,-11.0536,-11.483288,-11.4911,-11.561413,-12.006725,-12.14735,-12.202038,-12.506725,-12.5536]}]}