{"seen_tokens":["Hello","Hi","Greetings","Hey","Welcome","How"," Hello","I","X","Yes","x","Good","\n","hello","What","Can","Is","\n\n","It","Sorry","You"],"seen_logprobs":[{"tokens":[0,1,2,3,4,5,6,7,8,9,10,11,12,13,14,15,16,17,18,19],"logprobs":[-0.0056051076,-5.349355,-7.9160705,-8.122155,-9.814849,-10.529048,-10.959891,-11.052426,-11.471444,-11.579869,-11.595717,-11.906507,-12.344979,-12.664371,-13.401011,-13.431754,-13.443856,-13.514512,-13.546628,-13.830281]},{"tokens":[0,1,2,3,4,5,7,9,6,8,10,11,12,15,13,16,14,18,19,20],"logprobs":[-0.005808156,-5.3468595,-7.668631,-8.25028,-9.256538,-9.560663,-10.648243,-10.715265,-11.017736,-11.055544,-11.411268,-11.782629,-12.26162,-12.576267,-12.641623,-12.674978,-12.75845,-12.99888,-13.29517,-13.539921]},{"tokens":[0,1,2,3,4,5,9,7,6,8,10,11,13,12,16,15,14,18,19,20],"logprobs":[-0.0064236787,-5.2428718,-7.638971,-8.042757,-9.271992,-9.438353,-10.529354,-10.54207,-11.118439,-11.217012,-11.258991,-11.697451,-12.285139,-12.398497,-12.425991,-12.615131,-12.712999,-13.0259285,-13.215866,-13.454311]},{"tokens":[0,1,2,3,4,5,9,7,6,8,10,11,13,12,15,16,14,18,17,19],"logprobs":[-0.0050368826,-5.5055385,-7.6559825,-8.497526,-9.314831,-9.42326,-10.843473,-10.921711,-11.046516,-11.437853,-11.56909,-11.887213,-12.530605,-12.532839,-12.610619,-12.720945,-12.963675,-13.494217,-13.791601,-13.823288]}]}