{"seen_tokens":["Hello","Hi","Greetings","Hey","Welcome","How"," Hello","I","X","Yes","x","Good","\n","hello","What","Can","Is","\n\n","It","Sorry"],"seen_logprobs":[{"tokens":[0,1,2,3,4,5,6,7,8,9,10,11,12,13,14,15,16,17,18,19],"logprobs":[-0.0056051076,-5.349355,-7.9160705,-8.122155,-9.814849,-10.529048,-10.959891,-11.052426,-11.471444,-11.579869,-11.595717,-11.906507,-12.344979,-12.664371,-13.401011,-13.431754,-13.443856,-13.514512,-13.546628,-13.830281]}]}