{"seen_tokens":["Hi","Hello","D","H","I","How","A","▁Hello","S","▁Hi","hello","G","Wel","Of","Thank","hi","It","C","W","There","<0x0A>"],"seen_logprobs":[{"tokens":[0,1,2,3,4,5,6,7,8,9,10,11,12,13,14,15,16,17,18,19],"logprobs":[-0.6626612,-0.7876612,-4.537661,-5.037661,-5.850161,-6.850161,-7.037661,-7.225161,-7.350161,-7.350161,-7.475161,-7.475161,-8.287662,-8.287662,-8.412662,-8.537662,-8.662662,-8.850162,-8.912662,-8.975162]},{"tokens":[0,1,2,3,4,5,6,7,8,9,10,11,12,13,14,15,16,17,18,20],"logprobs":[-0.6622707,-0.7872707,-4.5372705,-5.0372705,-5.9122705,-6.7872705,-6.9747705,-7.2872705,-7.4122705,-7.4747705,-7.4747705,-7.5372705,-8.162271,-8.412271,-8.412271,-8.537271,-8.724771,-8.849771,-8.974771,-9.162271]},{"tokens":[1,0,2,3,4,5,6,7,8,9,10,11,12,13,14,15,16,17,18,20],"logprobs":[-0.7872707,-0.6622707,-4.5372705,-5.0372705,-5.9122705,-6.7872705,-6.9747705,-7.2872705,-7.4122705,-7.4747705,-7.4747705,-7.5372705,-8.162271,-8.412271,-8.412271,-8.537271,-8.724771,-8.849771,-8.974771,-9.162271]},{"tokens":[2,0,1,3,4,5,6,7,8,9,10,11,12,13,14,15,16,17,18,20],"logprobs":[-4.5372705,-0.6622707,-0.7872707,-5.0372705,-5.9122705,-6.7872705,-6.9747705,-7.2872705,-7.4122705,-7.4747705,-7.4747705,-7.5372705,-8.162271,-8.412271,-8.412271,-8.537271,-8.724771,-8.849771,-8.974771,-9.162271]}]}