{"seen_tokens":[" arch","\n"," ["," and"," "," to"," is"," ="," in",""," ("," the"," +"," for","\r"," of"," or"," {"," are"," The"],"seen_logprobs":[{"tokens":[0,1,2,3,4,5,6,7,8,9,10,11,12,13,14,15,16,17,18,19],"logprobs":[-10.110854,-1.167495,-2.6284325,-3.5815575,-3.7221825,-3.948745,-4.136245,-4.167495,-4.3003073,-4.37062,-4.5034323,-4.6440573,-4.65187,-4.7378073,-4.8198385,-4.8471823,-4.9917135,-5.02687,-5.073745,-5.0971823]}]}