{"seen_tokens":["Hello","Hi"," Hello","こんにちは","Greeting","hello","नमस्ते"," EBS"," codebase"," hydraul"," couplings"," channels","</li>"," Proteins","Hallo","）」"," Sensors","Hola","Merhaba"," knockdown"],"seen_logprobs":[{"tokens":[0,1,2,3,4,5,6,7,8,9,10,11,12,13,14,15,16,17,18,19],"logprobs":[-0.00003623897,-10.250036,-13.937536,-19.062536,-21.203161,-21.578161,-22.000036,-22.515661,-22.640661,-23.343786,-23.515661,-23.648474,-23.742224,-23.83988,-23.867224,-23.882849,-23.886755,-23.90238,-23.941442,-23.945349]}]}