{"seen_tokens":["Hello","Hi"," Hello","こんにちは","Greeting","hello","नमस्ते"," EBS"," codebase"," hydraul"," couplings"," channels","</li>"," Proteins","Hallo","）」"," Sensors","Hola","Merhaba"," knockdown","دة"," Channels","<!"," filings"],"seen_logprobs":[{"tokens":[0,1,2,3,4,5,6,7,8,9,10,11,12,13,14,15,16,17,18,19],"logprobs":[-0.00003623897,-10.250036,-13.937536,-19.062536,-21.203161,-21.578161,-22.000036,-22.515661,-22.640661,-23.343786,-23.515661,-23.648474,-23.742224,-23.83988,-23.867224,-23.882849,-23.886755,-23.90238,-23.941442,-23.945349]},{"tokens":[0,1,2,3,4,5,6,7,8,9,10,11,12,18,16,14,13,19,17,15],"logprobs":[-0.00003635817,-10.250036,-13.875036,-19.062536,-21.203161,-21.671911,-22.031286,-22.468786,-22.671911,-23.289099,-23.585974,-23.687536,-23.734411,-23.863317,-23.867224,-23.87113,-23.882849,-23.914099,-23.918005,-23.929724]},{"tokens":[0,1,2,3,4,5,6,8,7,9,11,10,20,15,21,12,14,18,17,22],"logprobs":[-0.00003874227,-10.187539,-13.687539,-18.875038,-21.328163,-21.843788,-22.359413,-22.406288,-22.437538,-23.210976,-23.585976,-23.6641,-23.750038,-23.804726,-23.875038,-23.886757,-23.890663,-23.898476,-23.94535,-23.972694]},{"tokens":[0,1,2,3,4,5,6,7,8,10,9,11,17,20,14,23,15,13,18,22],"logprobs":[-0.00003850386,-10.187538,-13.937538,-19.031288,-21.406288,-21.859413,-22.109413,-22.375038,-22.750038,-23.390663,-23.484413,-23.835976,-23.8516,-23.867226,-23.875038,-23.98832,-23.996132,-23.996132,-24.085976,-24.1016]}]}