{"seen_tokens":["Hello","Hi","Greetings","Hey","Welcome","How","Yes","I"," Hello","X","x","Good","hello","\n","Is","Can","What","It","Sorry","You"],"seen_logprobs":[{"tokens":[0,1,2,3,4,5,6,7,8,9,10,11,12,13,14,15,16,17,18,19],"logprobs":[-0.0064236787,-5.2428718,-7.638971,-8.042757,-9.271992,-9.438353,-10.529354,-10.54207,-11.118439,-11.217012,-11.258991,-11.697451,-12.285139,-12.398497,-12.425991,-12.615131,-12.712999,-13.0259285,-13.215866,-13.454311]},{"tokens":[0,1,2,3,4,5,7,8,6,9,10,11,12,13,14,16,15,17,18,19],"logprobs":[-0.0061404263,-5.274401,-7.830231,-7.992743,-9.256812,-9.816535,-10.768968,-10.947223,-11.02904,-11.479346,-11.5904875,-11.800391,-12.349372,-12.450488,-12.875798,-12.941609,-13.009723,-13.124791,-13.200929,-13.590043]}]}