{"seen_tokens":["Hello","Hi","Greetings","Hey","Welcome","How","Yes","I"," Hello","X","x","Good","hello","\n","Is","Can","What","It","Sorry","You","-"],"seen_logprobs":[{"tokens":[0,1,2,3,4,5,6,7,8,9,10,11,12,13,14,15,16,17,18,19],"logprobs":[-0.0064236787,-5.2428718,-7.638971,-8.042757,-9.271992,-9.438353,-10.529354,-10.54207,-11.118439,-11.217012,-11.258991,-11.697451,-12.285139,-12.398497,-12.425991,-12.615131,-12.712999,-13.0259285,-13.215866,-13.454311]},{"tokens":[0,1,2,3,4,5,7,8,6,9,10,11,12,13,14,16,15,17,18,19],"logprobs":[-0.0061404263,-5.274401,-7.830231,-7.992743,-9.256812,-9.816535,-10.768968,-10.947223,-11.02904,-11.479346,-11.5904875,-11.800391,-12.349372,-12.450488,-12.875798,-12.941609,-13.009723,-13.124791,-13.200929,-13.590043]},{"tokens":[0,1,2,3,4,5,8,7,6,10,9,11,12,13,15,16,14,17,18,20],"logprobs":[-0.004489581,-5.5926585,-7.986404,-8.272509,-9.957161,-10.256205,-11.205961,-11.28878,-11.62108,-11.885839,-11.966425,-12.013409,-12.633795,-12.81378,-13.159086,-13.36121,-13.450262,-13.91556,-13.93272,-14.294464]},{"tokens":[0,1,2,3,4,5,7,6,8,9,10,11,12,13,15,14,16,17,18,19],"logprobs":[-0.005535993,-5.4090586,-7.580968,-8.18086,-9.489785,-9.740323,-10.769822,-10.78732,-11.189033,-11.417569,-11.42607,-11.745572,-12.367484,-12.527196,-12.585517,-12.6076975,-12.938439,-13.143668,-13.410375,-13.693679]}]}