{"seen_tokens":["Hello","Hi"," Hello","Hey","Good","Greetings","\n","How","hello","\n\n","Welcome",",","!"," \n\n","."," "," \n","-","  ","​","Hell"],"seen_logprobs":[{"tokens":[0,1,2,3,4,5,6,7,8,9,10,11,12,13,14,15,16,17,18,19],"logprobs":[-0.0008934748,-7.412547,-8.557471,-9.754806,-11.525855,-11.872338,-12.098136,-12.543998,-12.653644,-13.173697,-13.782498,-13.804336,-13.96378,-14.427012,-14.432305,-14.483714,-14.538497,-14.929929,-15.026795,-15.167233]},{"tokens":[0,1,2,3,4,5,6,8,9,7,10,11,13,16,19,15,12,14,17,20],"logprobs":[-0.00044008633,-8.238414,-8.910808,-10.61806,-12.421012,-12.559819,-12.765618,-13.280684,-13.934966,-14.5125265,-14.7039,-15.32574,-15.331592,-15.514773,-15.543851,-15.658927,-15.801854,-15.811099,-15.863818,-16.197763]}]}