{"seen_tokens":["Hello","Hi"," Hello","Hey","Good","Greetings","\n","How","hello","\n\n","Welcome",",","!"," \n\n","."," "," \n","-","  ","​","Hell"],"seen_logprobs":[{"tokens":[0,1,2,3,4,5,6,7,8,9,10,11,12,13,14,15,16,17,18,19],"logprobs":[-0.0008934748,-7.412547,-8.557471,-9.754806,-11.525855,-11.872338,-12.098136,-12.543998,-12.653644,-13.173697,-13.782498,-13.804336,-13.96378,-14.427012,-14.432305,-14.483714,-14.538497,-14.929929,-15.026795,-15.167233]},{"tokens":[0,1,2,3,4,5,6,8,9,7,10,11,13,16,19,15,12,14,17,20],"logprobs":[-0.00044008633,-8.238414,-8.910808,-10.61806,-12.421012,-12.559819,-12.765618,-13.280684,-13.934966,-14.5125265,-14.7039,-15.32574,-15.331592,-15.514773,-15.543851,-15.658927,-15.801854,-15.811099,-15.863818,-16.197763]},{"tokens":[0,1,2,3,4,5,6,8,9,7,10,13,11,16,14,15,12,19,17,18],"logprobs":[-0.0003426144,-8.43996,-9.310739,-10.88211,-11.972598,-12.742627,-12.848788,-13.590617,-13.999339,-14.016971,-14.674733,-15.090625,-15.419398,-15.420079,-15.569804,-15.661654,-15.703986,-15.763928,-15.935506,-16.344746]},{"tokens":[0,1,2,3,4,6,5,8,9,10,11,7,13,12,14,16,15,19,17,18],"logprobs":[-0.0006242762,-7.8844457,-8.519904,-10.677939,-11.6281805,-12.5305605,-12.552911,-13.091264,-13.267314,-14.367152,-14.436957,-14.469922,-14.588735,-14.79639,-14.93562,-14.968411,-15.281079,-15.420621,-15.535342,-15.851911]}]}