{"seen_tokens":["Hi","Hello","Hey","Him","你好","Hallo","H","Hai","Hel","Hell","hello","HELLO","He","How"],"seen_logprobs":[{"tokens":[0,1,2,3,4,5,6,7],"logprobs":[-0.020743685,-3.8957436,-8.645743,-12.645743,-13.083243,-13.520743,-13.583243,-13.770743]},{"tokens":[1,0,2,8,9,5,10,11],"logprobs":[-0.00021574555,-8.500216,-12.625216,-13.562716,-13.812716,-13.937716,-14.250216,-14.562716]},{"tokens":[1,0,2,8,9,5,10,3],"logprobs":[-0.0005629862,-7.500563,-12.875563,-14.063063,-14.438063,-14.563063,-14.750563,-15.063063]},{"tokens":[0,1,2,6,3,4,12,13],"logprobs":[-0.006040295,-5.13104,-9.256041,-13.381041,-14.256041,-14.256041,-14.381041,-14.443541]}]}