{"seen_tokens":["Hi","Hello","Hey","Him","你好","Hallo","H","Hai","Hel","Hell","hello","HELLO"],"seen_logprobs":[{"tokens":[0,1,2,3,4,5,6,7],"logprobs":[-0.020743685,-3.8957436,-8.645743,-12.645743,-13.083243,-13.520743,-13.583243,-13.770743]},{"tokens":[1,0,2,8,9,5,10,11],"logprobs":[-0.00021574555,-8.500216,-12.625216,-13.562716,-13.812716,-13.937716,-14.250216,-14.562716]}]}