{"seen_tokens":["Hi","Hello","Hey","Him","你好","Hallo","H","Hai"],"seen_logprobs":[{"tokens":[0,1,2,3,4,5,6,7],"logprobs":[-0.020743685,-3.8957436,-8.645743,-12.645743,-13.083243,-13.520743,-13.583243,-13.770743]}]}