{"seen_tokens":["<think>","x","$x","{\"","Okay",".dex","ichel","$request","|x","ĠRequestContext","xdb","Ġdex","ych","Maybe","xes","Alright","èĴĭä»ĭ","{x","$query",".expand","What","$message","Ġxtype","xfd","å·§åħĭ","dex","ichick","zik"],"seen_logprobs":[{"tokens":[0,1,2,3,4,5,6,7,8,9,10,11,12,13,14,15,16,17,18,19],"logprobs":[-0.0000042915253,-12.812504,-15.937504,-16.312504,-16.375004,-16.750004,-16.812504,-17.187504,-17.375004,-17.687504,-17.687504,-17.812504,-17.875004,-18.000004,-18.062504,-18.062504,-18.125004,-18.125004,-18.125004,-18.125004]},{"tokens":[0,1,8,10,2,5,4,3,6,17,13,7,20,11,15,14,12,21,18,22],"logprobs":[-8.344647e-7,-14.812501,-16.5625,-17.0625,-17.125,-17.25,-17.375,-17.5,-17.6875,-17.8125,-18.75,-18.8125,-18.875,-19.0,-19.1875,-19.3125,-19.3125,-19.375,-19.375,-19.5625]},{"tokens":[0,1,5,3,4,2,11,17,10,8,23,15,12,24,25,20,13,7,26,27],"logprobs":[-4.7683704e-7,-16.0,-16.875,-17.1875,-17.875,-18.0,-18.25,-18.4375,-18.5625,-18.9375,-19.1875,-19.25,-19.3125,-19.375,-19.4375,-19.5,-19.8125,-19.875,-20.0,-20.0]}]}