{"seen_tokens":["How","Hello","It","Hi","What"],"seen_logprobs":[{"tokens":[0,1,2,3,4],"logprobs":[-0.40657583,-1.6878258,-2.094076,-3.672201,-8.015951]},{"tokens":[0,2,1,3,4],"logprobs":[-0.76960117,-1.3477261,-1.4727261,-3.066476,-7.2383513]},{"tokens":[0,2,1,3,4],"logprobs":[-0.6446771,-1.2384272,-1.9728022,-3.0978022,-7.254052]}]}