{"seen_tokens":["How","Hello","It","Hi","What"],"seen_logprobs":[{"tokens":[0,1,2,3,4],"logprobs":[-0.40657583,-1.6878258,-2.094076,-3.672201,-8.015951]}]}