{"seen_tokens":["Hello","Hi","It"," Hello","你好","こんにちは"],"seen_logprobs":[{"tokens":[0,1,2,3,4],"logprobs":[-0.0019313742,-6.251931,-13.001931,-15.001931,-16.876932]},{"tokens":[0,1,2,3,5],"logprobs":[-0.0011716522,-6.7511716,-13.751172,-15.126172,-17.876171]}]}