{"seen_tokens":["Hello","Hi"," Hello","Hey","hello",">Hello","_hello","你好","Hola","Hallo","Greetings","您好"," Hi","H","Hell","Welcome","Hel","_HEL","HEL","He"],"seen_logprobs":[{"tokens":[0,1,2,3,4,5,6,7,8,9,10,11,12,13,14,15,16,17,18,19],"logprobs":[-0.00012396998,-9.000124,-14.500124,-17.625124,-18.625124,-19.000124,-19.250124,-19.250124,-19.750124,-20.000124,-20.125124,-22.000124,-22.000124,-22.250124,-22.375124,-22.500124,-22.625124,-23.500124,-23.750124,-23.875124]}]}