{"seen_tokens":["Hi","It","Hey","I","你好"],"seen_logprobs":[{"tokens":[0,1,2,3,4],"logprobs":[-0.18001403,-2.1800141,-3.9300141,-4.555014,-4.930014]},{"tokens":[0,1,2,3,4],"logprobs":[-0.24987458,-1.8748746,-3.4998746,-4.3748746,-4.4998746]},{"tokens":[0,1,2,3,4],"logprobs":[-0.27002838,-1.7700284,-3.6450284,-4.2700286,-4.6450286]}]}