{"seen_tokens":["Hi","It","Hey","I","你好"],"seen_logprobs":[{"tokens":[0,1,2,3,4],"logprobs":[-0.18001403,-2.1800141,-3.9300141,-4.555014,-4.930014]}]}