{"seen_tokens":["Hi","Hello","D","H","I","A","How","▁Hello","Wel","S","G","hello","▁Hi","It","N","Thank","##","W","There","Good"],"seen_logprobs":[{"tokens":[0,1,2,3,4,5,6,7,8,9,10,11,12,13,14,15,16,17,18,19],"logprobs":[-0.77892727,-0.68517727,-4.53674,-4.97424,-5.3414273,-5.833615,-6.739865,-7.16174,-7.1695523,-7.2164273,-7.22424,-7.396115,-7.8101773,-7.8726773,-7.94299,-7.9664273,-8.255489,-8.325802,-8.372677,-8.466427]},{"tokens":[1,0,2,3,4,5,6,8,7,10,9,11,12,13,14,15,16,17,18,19],"logprobs":[-0.6853058,-0.7790558,-4.536868,-4.974368,-5.333743,-5.8259306,-6.7321806,-7.1540556,-7.161868,-7.2165556,-7.2165556,-7.396243,-7.818118,-7.864993,-7.9353056,-7.958743,-8.239993,-8.318118,-8.372806,-8.458743]},{"tokens":[0,1,2,3,4,5,6,7,8,10,9,11,12,13,14,15,16,17,18,19],"logprobs":[-0.77890676,-0.68515676,-4.5367193,-4.982032,-5.3492193,-5.8179693,-6.732032,-7.153907,-7.1773443,-7.2085943,-7.216407,-7.3960943,-7.810157,-7.872657,-7.9429693,-7.966407,-8.247657,-8.325782,-8.364844,-8.466407]},{"tokens":[0,1,2,3,4,5,6,8,7,10,9,11,12,13,14,15,16,17,18,19],"logprobs":[-0.78698575,-0.67761075,-4.5447984,-4.9822984,-5.349486,-5.8260484,-6.7322984,-7.1541734,-7.1541734,-7.208861,-7.224486,-7.4041734,-7.818236,-7.880736,-7.943236,-7.958861,-8.247923,-8.310423,-8.372923,-8.466673]}]}