{"seen_tokens":["Hi","Hello","D","H","I","A","How","▁Hello","Wel","S","G","hello","▁Hi","It","N","Thank","##","W","There","Good"],"seen_logprobs":[{"tokens":[0,1,2,3,4,5,6,7,8,9,10,11,12,13,14,15,16,17,18,19],"logprobs":[-0.77892727,-0.68517727,-4.53674,-4.97424,-5.3414273,-5.833615,-6.739865,-7.16174,-7.1695523,-7.2164273,-7.22424,-7.396115,-7.8101773,-7.8726773,-7.94299,-7.9664273,-8.255489,-8.325802,-8.372677,-8.466427]}]}