{"seen_tokens":["Hello","How","It","Hi","What","Welcome","I","hello"," Hello","Hey","You","Greetings","Please","HI","it","However"," Hi","When","If","Unfortunately","how"," How","Is"],"seen_logprobs":[{"tokens":[0,1,2,3,4,5,6,7,8,9,10,11,12,13,14,15,16,17,18,19],"logprobs":[-1.154165,-1.029165,-1.279165,-3.029165,-7.7791653,-8.404165,-10.029165,-10.779165,-11.966665,-11.966665,-12.591665,-13.404165,-14.029165,-14.091665,-14.154165,-14.216665,-14.216665,-14.279165,-14.279165,-14.404165]},{"tokens":[1,2,0,3,4,5,6,7,8,9,10,20,15,14,18,21,13,11,16,22],"logprobs":[-0.2889632,-1.7889632,-2.6639633,-4.2889633,-8.163963,-9.288963,-10.663963,-11.163963,-12.726463,-12.976463,-13.288963,-13.726463,-13.976463,-14.413963,-14.538963,-14.663963,-14.726463,-14.851463,-14.976463,-14.976463]}]}