{"seen_tokens":["Hello","How","It","Hi","What","Welcome","I","hello"," Hello","Hey","You","Greetings","Please","HI","it","However"," Hi","When","If","Unfortunately","how"," How","Is","To","Who"],"seen_logprobs":[{"tokens":[0,1,2,3,4,5,6,7,8,9,10,11,12,13,14,15,16,17,18,19],"logprobs":[-1.154165,-1.029165,-1.279165,-3.029165,-7.7791653,-8.404165,-10.029165,-10.779165,-11.966665,-11.966665,-12.591665,-13.404165,-14.029165,-14.091665,-14.154165,-14.216665,-14.216665,-14.279165,-14.279165,-14.404165]},{"tokens":[1,2,0,3,4,5,6,7,8,9,10,20,15,14,18,21,13,11,16,22],"logprobs":[-0.2889632,-1.7889632,-2.6639633,-4.2889633,-8.163963,-9.288963,-10.663963,-11.163963,-12.726463,-12.976463,-13.288963,-13.726463,-13.976463,-14.413963,-14.538963,-14.663963,-14.726463,-14.851463,-14.976463,-14.976463]},{"tokens":[3,1,2,0,4,5,6,7,9,8,10,18,15,23,12,16,11,17,13,24],"logprobs":[-2.833537,-1.083537,-1.083537,-1.333537,-7.583537,-8.458537,-9.708537,-10.958537,-11.521037,-11.771037,-12.021037,-12.833537,-13.333537,-13.458537,-13.583537,-13.646037,-13.771037,-13.896037,-14.021037,-14.208537]},{"tokens":[1,2,0,3,4,5,6,7,9,8,10,15,14,11,13,23,17,20,12,18],"logprobs":[-1.1348317,-0.75983167,-1.7598317,-3.2598317,-9.009831,-9.384831,-9.634831,-11.509831,-12.322331,-12.634831,-13.197331,-13.509831,-13.822331,-14.009831,-14.072331,-14.447331,-14.572331,-14.572331,-14.634831,-14.697331]}]}