{"seen_tokens":["Hello","How","It","Hi","What","Welcome","I","hello"," Hello","Hey","You","Greetings","Please","HI","it","However"," Hi","When","If","Unfortunately"],"seen_logprobs":[{"tokens":[0,1,2,3,4,5,6,7,8,9,10,11,12,13,14,15,16,17,18,19],"logprobs":[-1.154165,-1.029165,-1.279165,-3.029165,-7.7791653,-8.404165,-10.029165,-10.779165,-11.966665,-11.966665,-12.591665,-13.404165,-14.029165,-14.091665,-14.154165,-14.216665,-14.216665,-14.279165,-14.279165,-14.404165]}]}