{"seen_tokens":["Hello","Hi","Hey"," Hello","Good"],"seen_logprobs":[{"tokens":[0,1,2,3,4],"logprobs":[-0.00055303273,-7.500553,-17.625553,-18.250553,-19.000553]}]}