{"seen_tokens":["Hi","Hello","Hey","High","Full","H","Hai","Him","He","你好","Hallo"],"seen_logprobs":[{"tokens":[0,1,2,3,4,5,6,7],"logprobs":[-0.0025647155,-6.0025644,-9.502564,-13.002564,-13.565064,-13.815064,-13.815064,-13.877564]},{"tokens":[0,1,2,5,4,6,3,8],"logprobs":[-0.023836942,-3.7738369,-7.6488366,-11.023837,-11.773837,-11.836337,-11.961337,-12.273837]},{"tokens":[0,1,2,9,7,10,8,6],"logprobs":[-0.52691895,-0.90191895,-5.651919,-10.776918,-11.026918,-11.151918,-11.214418,-11.464418]}]}