{"seen_tokens":["Hi","Hello","Hey","High","Full","H","Hai","Him"],"seen_logprobs":[{"tokens":[0,1,2,3,4,5,6,7],"logprobs":[-0.0025647155,-6.0025644,-9.502564,-13.002564,-13.565064,-13.815064,-13.815064,-13.877564]}]}