{"seen_tokens":["Hello","Hi"," Hello","こんにちは","Greeting","hello","नमस्ते"," EBS"," codebase"," hydraul"," couplings"," channels"," armament","👋","）」","دة","</li>","Hola"," Channels","Hallo"],"seen_logprobs":[{"tokens":[0,1,2,3,4,5,6,7,8,9,10,11,12,13,14,15,16,17,18,19],"logprobs":[-0.000046490542,-10.000047,-13.750047,-18.625046,-21.10942,-21.60942,-21.937546,-22.42192,-22.48442,-22.89067,-23.29692,-23.48442,-23.54692,-23.570358,-23.585983,-23.679733,-23.679733,-23.710983,-23.718796,-23.781296]}]}