{"seen_tokens":["Hello","Hi"," Hello","こんにちは","Greeting","hello","नमस्ते"," EBS"," codebase"," hydraul"," couplings"," channels"," armament","👋","）」","دة","</li>","Hola"," Channels","Hallo","Merhaba"," Sensors"," filings"," TVs"],"seen_logprobs":[{"tokens":[0,1,2,3,4,5,6,7,8,9,10,11,12,13,14,15,16,17,18,19],"logprobs":[-0.000046490542,-10.000047,-13.750047,-18.625046,-21.10942,-21.60942,-21.937546,-22.42192,-22.48442,-22.89067,-23.29692,-23.48442,-23.54692,-23.570358,-23.585983,-23.679733,-23.679733,-23.710983,-23.718796,-23.781296]},{"tokens":[0,1,2,3,4,5,6,8,7,9,10,20,11,21,22,18,23,12,14,15],"logprobs":[-0.000036596583,-10.250036,-13.625036,-18.968786,-21.406286,-21.718786,-22.453161,-22.796911,-22.812536,-23.351599,-23.625036,-23.679724,-23.695349,-23.695349,-23.820349,-23.937536,-23.945349,-23.945349,-23.953161,-23.976599]}]}