{"seen_tokens":["Hello","Hi","Here","How","Hey","It","What","I"," Hello","x","Sure","To","That","!","\""," Hi","The","This","Content","**","Welcome"],"seen_logprobs":[{"tokens":[0,1,2,3,4,5,6,7,8,9,10,11,12,13,14,15,16,17,18,19],"logprobs":[-0.03907555,-4.5390754,-5.3515754,-5.4140754,-5.5390754,-6.0390754,-6.2265754,-6.5390754,-6.9140754,-7.2265754,-7.2890754,-7.6640754,-7.7890754,-8.101576,-8.164076,-8.289076,-8.414076,-8.601576,-8.601576,-8.664076]},{"tokens":[0,1,2,3,4,5,6,7,8,9,10,11,12,13,14,15,16,17,18,19],"logprobs":[-0.039069474,-4.5390697,-5.3515697,-5.4140697,-5.5390697,-6.0390697,-6.2265697,-6.5390697,-6.9140697,-7.2265697,-7.2890697,-7.6640697,-7.7890697,-8.101569,-8.164069,-8.289069,-8.414069,-8.601569,-8.601569,-8.664069]},{"tokens":[20,0,1,2,3,4,5,6,7,8,9,10,11,12,13,14,15,16,17,18],"logprobs":[-10.226576,-0.03907555,-4.5390754,-5.3515754,-5.4140754,-5.5390754,-6.0390754,-6.2265754,-6.5390754,-6.9140754,-7.2265754,-7.2890754,-7.6640754,-7.7890754,-8.101576,-8.164076,-8.289076,-8.414076,-8.601576,-8.601576]},{"tokens":[0,1,4,2,3,5,6,7,8,9,10,11,12,13,15,14,16,17,18,19],"logprobs":[-0.04005342,-4.4775534,-5.4150534,-5.4150534,-5.4150534,-5.9775534,-6.2900534,-6.5400534,-6.7900534,-7.2900534,-7.3525534,-7.7275534,-7.8525534,-8.040053,-8.102553,-8.165053,-8.415053,-8.602553,-8.602553,-8.665053]}]}