{"seen_tokens":["Could","What","I","Sure","It","Hi","Please","How","Can","Do","Would","Your","Hello","could"," Could","x","Got","Let","Did","Not"],"seen_logprobs":[{"tokens":[0,1,2,3,4,5,6,7,8,9,10,11,12,13,14,15,16,17,18,19],"logprobs":[-0.015648078,-5.015648,-5.515648,-5.640648,-7.765648,-8.390648,-8.640648,-8.890648,-10.015648,-10.140648,-10.265648,-10.390648,-10.765648,-10.765648,-11.015648,-11.015648,-11.328148,-11.390648,-11.765648,-12.078148]}]}