{"seen_tokens":["Could","What","I","Sure","It","Hi","Please","How","Can","Do","Would","Your","Hello","could"," Could","x","Got","Let","Did","Not","You","Looks","Is"," It","Hey","Are","it","That","Just","...","\tIt","This","看起来"],"seen_logprobs":[{"tokens":[0,1,2,3,4,5,6,7,8,9,10,11,12,13,14,15,16,17,18,19],"logprobs":[-0.015648078,-5.015648,-5.515648,-5.640648,-7.765648,-8.390648,-8.640648,-8.890648,-10.015648,-10.140648,-10.265648,-10.390648,-10.765648,-10.765648,-11.015648,-11.015648,-11.328148,-11.390648,-11.765648,-12.078148]},{"tokens":[4,7,18,20,12,21,22,5,1,2,23,24,17,25,6,26,27,8,28,29],"logprobs":[-0.012489676,-4.51249,-6.76249,-9.012489,-9.262489,-10.137489,-11.762489,-12.387489,-12.762489,-13.262489,-13.387489,-13.762489,-13.762489,-13.762489,-14.262489,-14.387489,-14.512489,-14.762489,-14.887489,-15.137489]},{"tokens":[4,7,18,21,12,20,22,5,2,23,26,1,17,27,30,31,24,6,32,25],"logprobs":[-0.0008447178,-7.625845,-8.125845,-10.625845,-11.125845,-12.000845,-12.250845,-13.000845,-13.500845,-13.875845,-14.250845,-14.250845,-14.625845,-14.625845,-15.188345,-15.313345,-15.313345,-15.313345,-15.375845,-15.875845]}]}