{"seen_tokens":["D","x","I","Thank","As","It","The","Hello","In","Wh","Cont","X","A","S","Y","Your","\"","To","<0x0A>","Par"],"seen_logprobs":[{"tokens":[0,1,2,3,4,5,6,7,8,9,10,11,12,13,14,15,16,17,18,19],"logprobs":[-1.4649112,-1.7383487,-1.8945987,-2.6289737,-3.0195987,-3.1602237,-3.2852237,-3.7227237,-3.8945987,-4.269599,-4.394599,-4.832099,-4.9805365,-5.238349,-5.238349,-5.2930365,-5.4024115,-5.4805365,-5.4805365,-5.816474]}]}