{"seen_tokens":["D","x","I","Thank","As","It","The","Hello","In","Wh","Cont","X","A","S","Y","Your","\"","To","<0x0A>","Par"],"seen_logprobs":[{"tokens":[0,1,2,3,4,5,6,7,8,9,10,11,12,13,14,15,16,17,18,19],"logprobs":[-1.4649112,-1.7383487,-1.8945987,-2.6289737,-3.0195987,-3.1602237,-3.2852237,-3.7227237,-3.8945987,-4.269599,-4.394599,-4.832099,-4.9805365,-5.238349,-5.238349,-5.2930365,-5.4024115,-5.4805365,-5.4805365,-5.816474]},{"tokens":[0,1,2,3,4,5,6,7,8,9,10,11,12,13,14,15,16,17,18,19],"logprobs":[-1.4571323,-1.7461948,-1.8946323,-2.6211948,-3.0196323,-3.1602573,-3.2930698,-3.7305698,-3.8946323,-4.2696323,-4.402445,-4.839945,-4.98057,-5.246195,-5.2540073,-5.29307,-5.4102573,-5.48057,-5.48057,-5.8165073]},{"tokens":[1,0,2,3,4,5,6,7,8,9,10,11,12,13,14,15,16,17,18,19],"logprobs":[-1.7396504,-1.4584004,-1.9037129,-2.6302752,-3.0209002,-3.1615252,-3.2865252,-3.7318377,-3.8802752,-4.2630877,-4.4115252,-4.8099627,-4.9740252,-5.2318377,-5.2318377,-5.3021502,-5.4115252,-5.4740252,-5.4818377,-5.8099627]},{"tokens":[2,0,1,3,4,5,6,7,8,9,10,11,12,13,14,15,16,18,17,19],"logprobs":[-1.8982286,-1.4607286,-1.7419786,-2.6247911,-3.0232286,-3.1560411,-3.2888536,-3.7341661,-3.8826036,-4.2732286,-4.4138536,-4.812291,-4.984166,-5.2419786,-5.2419786,-5.3044786,-5.3982286,-5.468541,-5.4763536,-5.8044786]}]}