{"seen_tokens":["D","x","I","Thank","As","It","The","Hello","In","Wh","Cont","X","A","S","Y","Your","\"","To","<0x0A>","Par"],"seen_logprobs":[{"tokens":[0,1,2,3,4,5,6,7,8,9,10,11,12,13,14,15,16,17,18,19],"logprobs":[-1.4649112,-1.7383487,-1.8945987,-2.6289737,-3.0195987,-3.1602237,-3.2852237,-3.7227237,-3.8945987,-4.269599,-4.394599,-4.832099,-4.9805365,-5.238349,-5.238349,-5.2930365,-5.4024115,-5.4805365,-5.4805365,-5.816474]},{"tokens":[0,1,2,3,4,5,6,7,8,9,10,11,12,13,14,15,16,17,18,19],"logprobs":[-1.4571323,-1.7461948,-1.8946323,-2.6211948,-3.0196323,-3.1602573,-3.2930698,-3.7305698,-3.8946323,-4.2696323,-4.402445,-4.839945,-4.98057,-5.246195,-5.2540073,-5.29307,-5.4102573,-5.48057,-5.48057,-5.8165073]}]}