{"seen_tokens":["你好","抱歉","您好","对不起","好的","I","很","你","嗨","H","Hi","由于","看起来","嗯","You","Hello","Sorry","我","“","It","Deep","很高兴","The"],"seen_logprobs":[{"tokens":[0,1,2,3,4,5,6,7,8,9,10,11,12,13,14,15,16,17,18,19],"logprobs":[-0.27106923,-2.5210693,-2.5210693,-4.146069,-4.146069,-4.896069,-5.271069,-5.396069,-5.521069,-5.521069,-5.771069,-6.396069,-6.646069,-6.646069,-6.771069,-6.771069,-6.771069,-7.146069,-7.146069,-7.396069]},{"tokens":[0,1,4,2,10,6,5,7,15,20,9,8,16,14,11,3,21,13,18,22],"logprobs":[-0.0766841,-4.076684,-4.076684,-4.576684,-4.576684,-6.076684,-6.451684,-6.576684,-6.576684,-6.701684,-6.701684,-6.826684,-6.826684,-7.076684,-7.201684,-7.451684,-7.701684,-7.701684,-7.826684,-8.076684]}]}