{"seen_tokens":["你好","抱歉","您好","对不起","好的","I","很","你","嗨","H","Hi","由于","看起来","嗯","You","Hello","Sorry","我","“","It"],"seen_logprobs":[{"tokens":[0,1,2,3,4,5,6,7,8,9,10,11,12,13,14,15,16,17,18,19],"logprobs":[-0.27106923,-2.5210693,-2.5210693,-4.146069,-4.146069,-4.896069,-5.271069,-5.396069,-5.521069,-5.521069,-5.771069,-6.396069,-6.646069,-6.646069,-6.771069,-6.771069,-6.771069,-7.146069,-7.146069,-7.396069]}]}