{"seen_tokens":["Hello","Hi","Hey","你好","👋"],"seen_logprobs":[{"tokens":[0,1,2,3,4],"logprobs":[-0.2871778,-1.4121778,-5.162178,-8.787178,-10.287178]}]}