{"seen_tokens":["Hello","Hi","Hey","你好","👋"],"seen_logprobs":[{"tokens":[0,1,2,3,4],"logprobs":[-0.2871778,-1.4121778,-5.162178,-8.787178,-10.287178]},{"tokens":[0,1,2,3,4],"logprobs":[-0.28798202,-1.412982,-5.037982,-8.662982,-10.162982]},{"tokens":[0,1,2,3,4],"logprobs":[-0.25814173,-1.5081418,-5.1331415,-8.7581415,-10.1331415]}]}