{"seen_tokens":["Okay","Alright","Hello","Hmm","好的","Hi","Oh","The","Hey","Sure","Well","Yes","Ok","What","Good","This","Wait","I","Thank","So"],"seen_logprobs":[{"tokens":[0,1,2,3,4,5,6,7,8,9,10,11,12,13,14,15,16,17,18,19],"logprobs":[-0.039562657,-3.3520627,-6.6801877,-7.9614377,-8.039562,-8.258312,-8.445812,-8.633312,-9.023937,-9.336437,-9.461437,-9.727062,-9.758312,-9.773937,-9.898937,-9.945812,-9.961437,-10.070812,-10.320812,-10.492687]},{"tokens":[0,1,2,3,4,5,6,7,8,9,10,11,12,13,14,15,16,17,18,19],"logprobs":[-0.03955956,-3.3520596,-6.6801844,-7.9614344,-8.055184,-8.258309,-8.430184,-8.633309,-9.023934,-9.336434,-9.477059,-9.711434,-9.742684,-9.773934,-9.914559,-9.930184,-9.961434,-10.070809,-10.320809,-10.492684]}]}