{"seen_tokens":["Hello","Hi","Hey"," Hello","Good"],"seen_logprobs":[{"tokens":[0,1,2,3,4],"logprobs":[-0.000010921943,-11.5000105,-15.0000105,-15.2500105,-15.7500105]}]}