{"seen_tokens":["It","\"","If","You","How","Please","Since","To","Is","In","I","Depending","'","**","The","As","X","`","What","Whether"],"seen_logprobs":[{"tokens":[0,1,2,3,4,5,6,7,8,9,10,11,12,13,14,15,16,17,18,19],"logprobs":[-0.00003194758,-11.375031,-12.250031,-12.250031,-13.125031,-13.375031,-13.437531,-13.937531,-14.000031,-14.312531,-14.625031,-14.687531,-14.875031,-15.000031,-15.312531,-15.437531,-15.562531,-15.625031,-15.906281,-16.250032]},{"tokens":[0,1,2,3,4,5,6,7,8,10,9,11,12,13,14,16,15,17,18,19],"logprobs":[-0.000030993935,-11.4375305,-12.2500305,-12.2500305,-12.9375305,-13.3750305,-13.6250305,-14.0000305,-14.0625305,-14.4375305,-14.6875305,-14.8125305,-14.9375305,-15.1250305,-15.4375305,-15.5000305,-15.5625305,-15.6250305,-15.9375305,-16.31253]}]}