{"seen_tokens":["Hello","It","Hi","How","hello","您好","Hey","你好","You","I","x","Hallo","Could","Please","What","The","Sure","Do","こんにちは","Hola"],"seen_logprobs":[{"tokens":[0,1,2,3,4,5,6,7,8,9,10,11,12,13,14,15,16,17,18,19],"logprobs":[-0.06363783,-2.813638,-6.9386377,-8.813638,-9.313638,-9.438638,-9.563638,-9.563638,-9.938638,-10.438638,-10.563638,-10.813638,-11.188638,-11.313638,-11.438638,-11.438638,-11.563638,-11.938638,-12.188638,-12.188638]}]}