{"seen_tokens":["Hello","Hi"," Hello"," Hi","Hey","HI","Hallo","hello",">Hello","Hola","_hello","HEL"," hello","Greetings","你好","_hi","Oh","Bonjour","Hell","こんにちは"],"seen_logprobs":[{"tokens":[0,1,2,3,4,5,6,7,8,9,10,11,12,13,14,15,16,17,18,19],"logprobs":[-0.04858847,-3.0485885,-14.048589,-15.923589,-16.798588,-16.798588,-17.298588,-17.923588,-18.173588,-18.173588,-19.423588,-19.548588,-19.673588,-20.423588,-21.173588,-21.173588,-21.673588,-21.798588,-21.798588,-22.298588]},{"tokens":[0,1,2,3,4,5,6,7,8,9,10,11,12,13,14,15,16,17,18,19],"logprobs":[-0.018150685,-4.018151,-14.26815,-16.76815,-17.39315,-17.76815,-17.89315,-18.26815,-18.64315,-18.64315,-19.39315,-19.89315,-19.89315,-21.01815,-21.76815,-21.89315,-22.39315,-22.39315,-22.51815,-23.01815]}]}