{"seen_tokens":["Hello","Hi"," Hello","こんにちは","Greeting","hello","नमस्ते"," EBS"," codebase"," hydraul"," couplings"," channels","）」","</li>"," Channels","Merhaba","دة"," Sensors","Hallo","Hola"," hello","👋"," Proteins"],"seen_logprobs":[{"tokens":[0,1,2,3,4,5,6,7,8,9,10,11,12,13,14,15,16,17,18,19],"logprobs":[-0.000046490542,-10.000047,-13.687547,-18.968796,-21.156296,-21.73442,-22.20317,-22.500046,-22.67192,-23.210983,-23.445358,-23.554733,-23.648483,-23.718796,-23.742233,-23.820358,-23.82817,-23.85942,-23.906296,-23.914108]},{"tokens":[0,1,2,3,4,5,6,7,8,9,10,11,12,15,13,16,19,20,21,17],"logprobs":[-0.000047205765,-10.000047,-13.250047,-18.812548,-21.125048,-21.640673,-21.984423,-22.406298,-22.703173,-23.078173,-23.312548,-23.609423,-23.640673,-23.671923,-23.761766,-23.894579,-23.91411,-23.929735,-23.964891,-23.964891]},{"tokens":[0,1,2,3,4,5,6,7,8,9,10,11,14,12,22,16,17,13,18,19],"logprobs":[-0.00003874227,-10.187539,-13.750039,-18.781288,-21.375038,-21.656288,-22.187538,-22.796913,-22.875038,-23.2891,-23.515663,-23.515663,-23.687538,-23.710976,-23.765663,-23.781288,-23.828163,-23.886757,-23.902382,-23.953163]}]}