{"seen_tokens":["Hello","Hi"," Hello","こんにちは","Greeting","hello","नमस्ते"," EBS"," codebase"," hydraul"," couplings"," channels","）」","</li>"," Channels","Merhaba","دة"," Sensors","Hallo","Hola"],"seen_logprobs":[{"tokens":[0,1,2,3,4,5,6,7,8,9,10,11,12,13,14,15,16,17,18,19],"logprobs":[-0.000046490542,-10.000047,-13.687547,-18.968796,-21.156296,-21.73442,-22.20317,-22.500046,-22.67192,-23.210983,-23.445358,-23.554733,-23.648483,-23.718796,-23.742233,-23.820358,-23.82817,-23.85942,-23.906296,-23.914108]}]}