{"seen_tokens":["▁To","▁","▁=","▁is","▁x","▁I","▁The","▁A","▁Write","▁-","▁y","▁What","▁Given","▁Hello","▁There","▁In","▁This","▁If","▁An","▁You"],"seen_logprobs":[{"tokens":[0,1,2,3,4,5,6,7,8,9,10,11,12,13,14,15,16,17,18,19],"logprobs":[-3.3453069,-1.782807,-2.2203069,-2.5953069,-2.7828069,-2.9703069,-2.9703069,-3.4078069,-3.5953069,-3.7828069,-3.8453069,-3.8453069,-3.9703069,-4.032807,-4.157807,-4.345307,-4.532807,-4.720307,-4.720307,-4.782807]}]}