{"seen_tokens":["Hello","Hi","{","👋","Healthy","`","$\\","_","True","Template","Step","(","Here","Type","Halo"," sense"," Hello","Hey","Ass","Phase"],"seen_logprobs":[{"tokens":[0,1,2,3,4,5,6,7,8,9,10,11,12,13,14,15,16,17,18,19],"logprobs":[-0.000001072883,-14.406251,-15.554688,-17.320314,-17.437502,-17.671877,-17.734377,-18.328127,-18.359377,-18.593752,-19.062502,-19.093752,-19.218752,-19.218752,-19.218752,-19.250002,-19.375002,-19.375002,-19.375002,-19.406252]}]}