{"seen_tokens":["Hello","How","It","Hi","Is","Could","What","Hey","Can","Looks","Seems","Yes","What's","Would","Greetings","I'm","Sure","Do","\n","Are"],"seen_logprobs":[{"tokens":[0,1,2,3,4,5,6,7,8,9,10,11,12,13,14,15,16,17,18,19],"logprobs":[-0.20110014,-2.0136,-3.29485,-4.5761003,-7.7011003,-7.9511003,-7.9823503,-9.3261,-10.85735,-11.0136,-11.85735,-13.1386,-13.2011,-13.3261,-13.41985,-13.747975,-13.935475,-13.997975,-14.060475,-14.279225]}]}