{"seen_tokens":["Hello","How","It","Hi","Is","Could","What","Hey","Can","Looks","Seems","Yes","What's","Would","Greetings","I'm","Sure","Do","\n","Are","\"","Did","Certainly","Good"],"seen_logprobs":[{"tokens":[0,1,2,3,4,5,6,7,8,9,10,11,12,13,14,15,16,17,18,19],"logprobs":[-0.20110014,-2.0136,-3.29485,-4.5761003,-7.7011003,-7.9511003,-7.9823503,-9.3261,-10.85735,-11.0136,-11.85735,-13.1386,-13.2011,-13.3261,-13.41985,-13.747975,-13.935475,-13.997975,-14.060475,-14.279225]},{"tokens":[0,2,1,3,4,6,5,7,9,8,10,17,13,19,20,12,14,18,21,22],"logprobs":[-0.19625685,-2.1337569,-2.9150069,-5.2900066,-8.571257,-8.790007,-8.883757,-10.102507,-11.040007,-11.540007,-11.977507,-14.040007,-14.040007,-14.102507,-14.102507,-14.274382,-14.477507,-14.727507,-14.774382,-14.836882]},{"tokens":[0,1,2,3,5,6,4,7,8,9,10,14,13,11,15,23,12,18,17,19],"logprobs":[-0.09327316,-2.8120232,-4.124523,-4.405773,-7.999523,-9.187023,-9.624523,-9.780773,-10.874523,-12.249523,-13.249523,-13.530773,-13.733898,-13.905773,-14.452648,-14.718273,-14.718273,-14.765148,-14.780773,-14.843273]}]}