{"seen_tokens":["Hello","Hi","Hey","\n"," Hello"],"seen_logprobs":[{"tokens":[0,1,2,3,4],"logprobs":[-0.00045402948,-7.875454,-10.375454,-10.875454,-11.000454]}]}