{"seen_tokens":["Hello","Hi","Hey","\n"," Hello"],"seen_logprobs":[{"tokens":[0,1,2,3,4],"logprobs":[-0.00045402948,-7.875454,-10.375454,-10.875454,-11.000454]},{"tokens":[0,1,3,2,4],"logprobs":[-0.00026538875,-8.500265,-10.625265,-11.000265,-11.125265]}]}