{"seen_tokens":["token_id:2181","token_id:32","token_id:12834","token_id:791","token_id:2127","token_id:2675","token_id:40","token_id:7927","token_id:31140","token_id:22818","token_id:97846","token_id:4897","token_id:85415","token_id:3923","token_id:81122","token_id:1271","token_id:10156","token_id:59844","token_id:66538","token_id:50"],"seen_logprobs":[{"tokens":[0,1,2,3,4,5,6,7,8,9,10,11,12,13,14,15,16,17,18,19],"logprobs":[-0.2502278,-2.125228,-2.500228,-4.500228,-6.375228,-6.625228,-6.875228,-7.125228,-7.625228,-7.875228,-8.000228,-8.000228,-8.875228,-9.125228,-9.500228,-9.500228,-9.562728,-9.625228,-9.812728,-9.812728]},{"tokens":[0,1,2,3,4,5,6,7,8,10,9,11,12,13,14,15,16,18,17,19],"logprobs":[-0.25168273,-2.1266828,-2.5016828,-4.3766828,-6.2516828,-6.7516828,-6.8766828,-7.1266828,-7.7516828,-7.8766828,-7.8766828,-8.126682,-8.876682,-9.126682,-9.501682,-9.564182,-9.626682,-9.751682,-9.751682,-9.876682]},{"tokens":[0,1,2,3,4,5,6,7,8,9,10,11,12,13,14,15,16,18,17,19],"logprobs":[-0.25166214,-2.1266623,-2.5016623,-4.3766623,-6.3766623,-6.7516623,-6.8766623,-7.0016623,-7.7516623,-7.7516623,-7.8766623,-8.001662,-8.876662,-9.126662,-9.501662,-9.564162,-9.626662,-9.751662,-9.751662,-9.876662]},{"tokens":[0,1,2,3,4,5,6,7,8,10,9,11,12,13,14,15,16,17,18,19],"logprobs":[-0.25164732,-2.1266472,-2.5016472,-4.3766475,-6.3766475,-6.6266475,-6.8766475,-7.1266475,-7.7516475,-7.8766475,-7.8766475,-8.001647,-8.876647,-9.126647,-9.501647,-9.564147,-9.564147,-9.689147,-9.814147,-9.876647]}]}