{"seen_tokens":["Hi","你好","It","Hey","I","Hello","Could","您好","\"","你","H","“","You","Hmm","你是","HI","Sure","hi","它","嗨"],"seen_logprobs":[{"tokens":[0,1,2,3,4,5,6,7,8,9,10,11,12,13,14,15,16,17,18,19],"logprobs":[-0.20030126,-2.4503012,-2.9503012,-3.7003012,-5.262801,-5.325301,-6.637801,-7.075301,-7.450301,-8.075301,-8.200301,-8.262801,-8.450301,-8.512801,-8.512801,-8.512801,-8.575301,-8.575301,-8.637801,-8.700301]},{"tokens":[2,0,1,3,4,5,6,7,8,9,10,11,12,13,14,15,16,17,18,19],"logprobs":[-2.9503012,-0.20030126,-2.4503012,-3.7003012,-5.262801,-5.325301,-6.637801,-7.075301,-7.450301,-8.075301,-8.200301,-8.262801,-8.450301,-8.512801,-8.512801,-8.512801,-8.575301,-8.575301,-8.637801,-8.700301]},{"tokens":[1,0,2,3,4,5,6,7,8,9,10,11,12,13,14,15,16,17,18,19],"logprobs":[-2.4503012,-0.20030126,-2.9503012,-3.7003012,-5.262801,-5.325301,-6.637801,-7.075301,-7.450301,-8.075301,-8.200301,-8.262801,-8.450301,-8.512801,-8.512801,-8.512801,-8.575301,-8.575301,-8.637801,-8.700301]}]}