{"seen_tokens":["你好","It","您好","Hello","The","你的","你","**","Hi","What","¡","X","I","你想","看起来","Could","你是","“","你在","How"],"seen_logprobs":[{"tokens":[0,1,2,3,4,5,6,7,8,9,10,11,12,13,14,15,16,17,18,19],"logprobs":[-0.060018796,-3.310019,-4.935019,-5.685019,-6.685019,-6.8100195,-7.060019,-7.060019,-7.310019,-7.560019,-7.8100195,-8.0600195,-8.1850195,-8.1850195,-8.310019,-8.560019,-8.560019,-8.685019,-8.685019,-8.8100195]}]}