{"seen_tokens":["你好","It","您好","Hello","The","你的","你","**","Hi","What","¡","X","I","你想","看起来","Could","你是","“","你在","How","`","Certainly","您","You","H"],"seen_logprobs":[{"tokens":[0,1,2,3,4,5,6,7,8,9,10,11,12,13,14,15,16,17,18,19],"logprobs":[-0.060018796,-3.310019,-4.935019,-5.685019,-6.685019,-6.8100195,-7.060019,-7.060019,-7.310019,-7.560019,-7.8100195,-8.0600195,-8.1850195,-8.1850195,-8.310019,-8.560019,-8.560019,-8.685019,-8.685019,-8.8100195]},{"tokens":[0,1,2,3,4,7,6,8,5,10,9,12,20,17,21,22,14,23,11,24],"logprobs":[-0.083031796,-3.0830321,-4.583032,-4.583032,-6.083032,-6.583032,-6.833032,-7.083032,-7.083032,-7.5830317,-7.708032,-7.958032,-7.958032,-8.208032,-8.208032,-8.333033,-8.458033,-8.458033,-8.458033,-8.583033]}]}