{"seen_tokens":["Hello","It","Hi","hello","您好","How","你好","You","Hey","I","x","Hallo","What","The","Could","Do","こんにちは"," Hello","您","Please","Sure","Your"],"seen_logprobs":[{"tokens":[0,1,2,3,4,5,6,7,8,9,10,11,12,13,14,15,16,17,18,19],"logprobs":[-0.062817015,-2.812817,-8.187817,-9.187817,-9.312817,-9.312817,-9.687817,-9.937817,-10.312817,-10.812817,-10.937817,-10.937817,-11.187817,-11.437817,-11.937817,-12.187817,-12.187817,-12.312817,-12.437817,-12.437817]},{"tokens":[0,1,2,4,6,5,3,8,7,11,9,10,12,13,16,14,18,17,20,19],"logprobs":[-0.06302701,-2.813027,-7.938027,-8.688027,-9.063027,-9.188027,-9.313027,-10.188027,-10.438027,-10.688027,-10.688027,-11.063027,-11.188027,-11.313027,-11.938027,-11.938027,-12.188027,-12.313027,-12.438027,-12.438027]},{"tokens":[0,1,2,4,3,5,6,7,8,9,10,11,13,14,12,19,16,21,20,18],"logprobs":[-0.063001044,-2.8130012,-7.688001,-9.188001,-9.313001,-9.438001,-9.688001,-10.063001,-10.313001,-10.563001,-10.813001,-11.063001,-11.188001,-11.438001,-11.563001,-12.063001,-12.063001,-12.313001,-12.313001,-12.313001]},{"tokens":[1,0,2,3,4,5,6,7,8,9,10,11,12,13,14,15,16,17,18,19],"logprobs":[-2.812817,-0.062817015,-8.187817,-9.187817,-9.312817,-9.312817,-9.687817,-9.937817,-10.312817,-10.812817,-10.937817,-10.937817,-11.187817,-11.437817,-11.937817,-12.187817,-12.187817,-12.312817,-12.437817,-12.437817]}]}