{"seen_tokens":["Hello","It","Hi","hello","您好","How","你好","You","Hey","I","x","Hallo","What","The","Could","Do","こんにちは"," Hello","您","Please"],"seen_logprobs":[{"tokens":[0,1,2,3,4,5,6,7,8,9,10,11,12,13,14,15,16,17,18,19],"logprobs":[-0.062817015,-2.812817,-8.187817,-9.187817,-9.312817,-9.312817,-9.687817,-9.937817,-10.312817,-10.812817,-10.937817,-10.937817,-11.187817,-11.437817,-11.937817,-12.187817,-12.187817,-12.312817,-12.437817,-12.437817]}]}