{"seen_tokens":["Hello","It","Hi","Looks","Hey","Could","Seems"," It","hello","I"," Hello","How","I'm","Your","It's","it"," it","Greetings","Is","Can","Hola"],"seen_logprobs":[{"tokens":[0,1,2,3,4,5,6,7,8,9,10,11,12,13,14,15,16,17,18,19],"logprobs":[-0.25201654,-1.5020165,-9.377016,-13.252016,-15.752016,-15.752016,-15.752016,-16.127016,-16.377016,-16.752016,-16.877016,-17.127016,-17.377016,-17.502016,-17.627016,-17.752016,-17.877016,-18.002016,-18.127016,-18.502016]},{"tokens":[0,1,2,3,4,5,6,7,8,10,9,11,14,13,12,15,16,17,18,20],"logprobs":[-0.25202805,-1.502028,-9.252028,-13.127028,-15.627028,-15.752028,-15.752028,-16.252028,-16.377028,-16.752028,-17.002028,-17.377028,-17.377028,-17.502028,-17.752028,-17.877028,-18.002028,-18.002028,-18.502028,-18.752028]}]}