{"seen_tokens":["Hello","It","Hi","Looks","Hey","Could","Seems"," It","hello","I"," Hello","How","I'm","Your","It's","it"," it","Greetings","Is","Can"],"seen_logprobs":[{"tokens":[0,1,2,3,4,5,6,7,8,9,10,11,12,13,14,15,16,17,18,19],"logprobs":[-0.25201654,-1.5020165,-9.377016,-13.252016,-15.752016,-15.752016,-15.752016,-16.127016,-16.377016,-16.752016,-16.877016,-17.127016,-17.377016,-17.502016,-17.627016,-17.752016,-17.877016,-18.002016,-18.127016,-18.502016]}]}