{"seen_tokens":["Hello","Hi","Hey","Good"," Hello","How","hello","Hell","Greetings","\n",">Hello","Howdy","What","Well","\\","Hola","**","​​","﻿","-","​"],"seen_logprobs":[{"tokens":[0,1,2,3,4,5,6,7,8,9,10,11,12,13,14,15,16,17,18,19],"logprobs":[-0.000029756122,-10.43753,-15.43753,-16.40628,-17.00003,-20.09378,-20.37503,-20.81253,-20.93753,-22.59378,-22.90628,-23.078156,-23.68753,-23.96878,-24.56253,-24.671906,-24.796906,-24.81253,-24.890656,-25.234406]},{"tokens":[0,1,2,3,4,5,6,7,8,9,10,13,11,12,18,15,17,14,19,16],"logprobs":[-0.000032497806,-10.343782,-16.187532,-16.437532,-17.312532,-20.843782,-20.890657,-21.234407,-21.531282,-22.656282,-22.875032,-23.187532,-23.656282,-23.921907,-24.468782,-25.062532,-25.250032,-25.265657,-25.625032,-25.734407]},{"tokens":[0,1,2,3,4,5,6,7,8,9,10,11,12,17,13,14,15,18,16,20],"logprobs":[-0.000037981175,-10.187538,-15.531288,-16.687538,-16.875038,-19.984413,-20.734413,-21.203163,-21.593788,-22.828163,-23.015663,-23.500038,-23.546913,-24.390663,-24.421913,-24.656288,-24.687538,-24.781288,-25.156288,-25.453163]}]}