{"seen_tokens":["Hello","Hi","Hey","Good"," Hello","How","hello","Hell","Greetings","\n",">Hello","Howdy","What","Well","\\","Hola","**","​​","﻿","-"],"seen_logprobs":[{"tokens":[0,1,2,3,4,5,6,7,8,9,10,11,12,13,14,15,16,17,18,19],"logprobs":[-0.000029756122,-10.43753,-15.43753,-16.40628,-17.00003,-20.09378,-20.37503,-20.81253,-20.93753,-22.59378,-22.90628,-23.078156,-23.68753,-23.96878,-24.56253,-24.671906,-24.796906,-24.81253,-24.890656,-25.234406]}]}