{"seen_tokens":["Hello","Hi","Hey","How","您好","Yo","Welcome","H","","I","Here","你好","You","Nice","What","Hell","Gre","Good","Ol","\""],"seen_logprobs":[{"tokens":[0,1,2,3,4,5,6,7,8,9,10,11,12,13,14,15,16,17,18,19],"logprobs":[-0.044598233,-3.6695983,-4.044598,-8.919599,-9.294599,-9.294599,-10.044599,-10.169599,-10.419599,-10.419599,-10.419599,-10.669599,-11.044599,-11.669599,-11.669599,-11.794599,-11.919599,-12.044599,-12.419599,-12.419599]}]}