{"seen_tokens":["Hello","How","It","Hi","Could","Is","Hey","What","Can","Looks","Seems","Greetings","\n","Would","Yes","I'm"," Hello","Good","\"","What's"],"seen_logprobs":[{"tokens":[0,1,2,3,4,5,6,7,8,9,10,11,12,13,14,15,16,17,18,19],"logprobs":[-0.045725144,-3.795725,-4.2957253,-4.7957253,-8.545725,-9.795725,-10.045725,-10.545725,-11.795725,-12.545725,-13.295725,-14.295725,-14.420725,-14.670725,-14.795725,-14.920725,-15.045725,-15.045725,-15.670725,-15.670725]}]}