{"seen_tokens":["Hello","How","It","Hi","Could","Is","Hey","What","Can","Looks","Seems","Greetings","\n","Would","Yes","I'm"," Hello","Good","\"","What's","Sure","Certainly","Do"],"seen_logprobs":[{"tokens":[0,1,2,3,4,5,6,7,8,9,10,11,12,13,14,15,16,17,18,19],"logprobs":[-0.045725144,-3.795725,-4.2957253,-4.7957253,-8.545725,-9.795725,-10.045725,-10.545725,-11.795725,-12.545725,-13.295725,-14.295725,-14.420725,-14.670725,-14.795725,-14.920725,-15.045725,-15.045725,-15.670725,-15.670725]},{"tokens":[0,1,2,3,4,6,5,7,8,9,10,12,11,13,14,16,15,17,18,19],"logprobs":[-0.049601924,-3.799602,-4.049602,-4.799602,-8.549602,-9.799602,-9.799602,-10.549602,-11.799602,-12.299602,-13.049602,-14.299602,-14.299602,-14.674602,-14.674602,-14.924602,-14.924602,-14.924602,-15.549602,-15.674602]},{"tokens":[0,1,2,3,4,6,5,7,8,9,10,12,11,13,14,16,17,15,18,19],"logprobs":[-0.04573755,-3.7957375,-4.2957377,-4.7957377,-8.545737,-9.795737,-9.795737,-10.545737,-11.795737,-12.545737,-13.295737,-14.295737,-14.295737,-14.670737,-14.795737,-14.920737,-14.920737,-14.920737,-15.670737,-15.670737]},{"tokens":[0,2,1,3,4,5,7,6,8,9,10,14,11,13,20,15,21,12,19,22],"logprobs":[-0.06722295,-3.567223,-3.567223,-4.817223,-8.567223,-9.067223,-9.567223,-9.817223,-11.817223,-11.817223,-12.567223,-13.817223,-14.067223,-14.192223,-14.317223,-14.567223,-14.692223,-14.692223,-14.817223,-15.067223]}]}