{"seen_tokens":["Hello","How","It","Hi","Could","Is","Hey","What","Can","Looks","Seems","Greetings","\n","Would","Yes","I'm"," Hello","Good","\"","What's"],"seen_logprobs":[{"tokens":[0,1,2,3,4,5,6,7,8,9,10,11,12,13,14,15,16,17,18,19],"logprobs":[-0.045725144,-3.795725,-4.2957253,-4.7957253,-8.545725,-9.795725,-10.045725,-10.545725,-11.795725,-12.545725,-13.295725,-14.295725,-14.420725,-14.670725,-14.795725,-14.920725,-15.045725,-15.045725,-15.670725,-15.670725]},{"tokens":[0,1,2,3,4,6,5,7,8,9,10,12,11,13,14,16,15,17,18,19],"logprobs":[-0.049601924,-3.799602,-4.049602,-4.799602,-8.549602,-9.799602,-9.799602,-10.549602,-11.799602,-12.299602,-13.049602,-14.299602,-14.299602,-14.674602,-14.674602,-14.924602,-14.924602,-14.924602,-15.549602,-15.674602]}]}