{"seen_tokens":["Hello","How","It","Hi","Could","Hey","Is","What","Can","Looks","Seems","\n","Greetings","Would","Yes"," Hello","I'm","Good","\"","What's","Sure","Do"],"seen_logprobs":[{"tokens":[0,1,2,3,4,5,6,7,8,9,10,11,12,13,14,15,16,17,18,19],"logprobs":[-0.049601924,-3.799602,-4.049602,-4.799602,-8.549602,-9.799602,-9.799602,-10.549602,-11.799602,-12.299602,-13.049602,-14.299602,-14.299602,-14.674602,-14.674602,-14.924602,-14.924602,-14.924602,-15.549602,-15.674602]},{"tokens":[0,1,2,3,4,6,7,5,9,8,10,14,12,13,16,11,20,19,21,17],"logprobs":[-0.11486889,-2.8648689,-3.3648689,-4.114869,-8.364869,-8.864869,-9.114869,-9.114869,-11.364869,-11.364869,-12.114869,-13.739869,-13.739869,-13.864869,-14.239869,-14.239869,-14.364869,-14.364869,-14.864869,-14.864869]},{"tokens":[0,1,2,3,4,5,6,7,9,8,10,12,14,13,16,20,11,19,15,17],"logprobs":[-0.06313217,-3.5631323,-3.8131323,-4.5631323,-8.813132,-9.813132,-9.813132,-10.063132,-11.813132,-12.313132,-12.563132,-13.813132,-14.313132,-14.438132,-14.438132,-14.563132,-14.563132,-15.188132,-15.188132,-15.313132]}]}