{"seen_tokens":["Hello","How","It","Hi","Could","Hey","Is","What","Can","Looks","Seems","\n","Greetings","Would","Yes"," Hello","I'm","Good","\"","What's"],"seen_logprobs":[{"tokens":[0,1,2,3,4,5,6,7,8,9,10,11,12,13,14,15,16,17,18,19],"logprobs":[-0.049601924,-3.799602,-4.049602,-4.799602,-8.549602,-9.799602,-9.799602,-10.549602,-11.799602,-12.299602,-13.049602,-14.299602,-14.299602,-14.674602,-14.674602,-14.924602,-14.924602,-14.924602,-15.549602,-15.674602]}]}