{"seen_tokens":["Hello","It","Hi","Looks","Hey","How","Could","hello","Seems"," Hello","I","Greetings","I'm","Is","It's"," It","What","Your","Welcome","こんにちは"],"seen_logprobs":[{"tokens":[0,1,2,3,4,5,6,7,8,9,10,11,12,13,14,15,16,17,18,19],"logprobs":[-0.03816141,-3.2881615,-9.038161,-14.663161,-15.913161,-15.913161,-16.163162,-16.413162,-16.788162,-16.788162,-17.038162,-17.288162,-17.413162,-17.663162,-17.913162,-18.038162,-18.163162,-18.163162,-18.538162,-18.663162]}]}