{"seen_tokens":["Hello","Hi","Hey","hello","Hmm","H","Hola","How","Hallo","He","Oh","Good","Well","hi","Welcome","Greetings","你好"," Hello","HI","Okay"],"seen_logprobs":[{"tokens":[0,1,2,3,4,5,6,7,8,9,10,11,12,13,14,15,16,17,18,19],"logprobs":[-0.054986343,-2.9299862,-9.429986,-12.211236,-12.758111,-12.883111,-13.039361,-13.476861,-13.539361,-13.867486,-13.961236,-14.039361,-14.211236,-14.508111,-14.601861,-14.648736,-14.773736,-14.789361,-14.836236,-14.914361]},{"tokens":[0,1,2,3,4,5,6,7,8,9,10,11,12,13,14,15,16,17,18,19],"logprobs":[-0.054987807,-2.929988,-9.414363,-12.195613,-12.742488,-12.883113,-13.023738,-13.476863,-13.523738,-13.867488,-13.961238,-14.039363,-14.211238,-14.523738,-14.601863,-14.633113,-14.773738,-14.789363,-14.836238,-14.914363]},{"tokens":[0,1,2,3,4,5,6,7,8,9,10,11,12,13,14,15,16,17,18,19],"logprobs":[-0.054987695,-2.9299877,-9.414363,-12.195613,-12.758113,-12.883113,-13.039363,-13.476863,-13.523738,-13.883113,-13.976863,-14.039363,-14.211238,-14.508113,-14.601863,-14.664363,-14.773738,-14.789363,-14.836238,-14.914363]}]}