{"seen_tokens":["Hello","Hi","Hey"," Hello","Good"],"seen_logprobs":[{"tokens":[0,1,2,3,4],"logprobs":[-0.00043066923,-7.7504306,-17.375431,-18.250431,-19.375431]},{"tokens":[0,1,2,3,4],"logprobs":[-0.00043066923,-7.7504306,-17.500431,-18.375431,-19.375431]}]}