{"seen_tokens":["I","Hello","Hi","It","You","Looking","Here","What","Your","Based","Good","Thinking","Thank","Hey","Excellent","The","Could","That","As","Gre","Looks","We","H","您好","This"],"seen_logprobs":[{"tokens":[0,1,2,3,4,5,6,7,8,9,10,11,12,13,14,15,16,17,18,19],"logprobs":[-0.27590764,-1.7759076,-3.6509075,-3.6509075,-4.6509075,-5.9009075,-6.4009075,-6.7759075,-7.1509075,-7.4009075,-7.6509075,-7.7759075,-7.7759075,-7.9009075,-8.0259075,-8.7759075,-9.0259075,-9.4009075,-9.5259075,-9.6509075]},{"tokens":[3,0,1,8,2,4,9,7,20,10,21,6,5,15,12,22,17,13,23,24],"logprobs":[-0.6676518,-0.9176518,-3.2926517,-4.1676517,-4.5426517,-4.7926517,-5.4176517,-6.2926517,-6.5426517,-6.7926517,-6.7926517,-7.1676517,-7.4176517,-7.7926517,-7.7926517,-7.9176517,-7.9176517,-8.042652,-8.667652,-8.792652]}]}