{"seen_tokens":["I","Hello","Hi","It","You","Looking","Here","What","Your","Based","Good","Thinking","Thank","Hey","Excellent","The","Could","That","As","Gre"],"seen_logprobs":[{"tokens":[0,1,2,3,4,5,6,7,8,9,10,11,12,13,14,15,16,17,18,19],"logprobs":[-0.27590764,-1.7759076,-3.6509075,-3.6509075,-4.6509075,-5.9009075,-6.4009075,-6.7759075,-7.1509075,-7.4009075,-7.6509075,-7.7759075,-7.7759075,-7.9009075,-8.0259075,-8.7759075,-9.0259075,-9.4009075,-9.5259075,-9.6509075]}]}