{"seen_tokens":["**","x","😂","haha","`","*x","X","***","H","xd"],"seen_logprobs":[{"tokens":[0,1,2,3,4,5,6,7],"logprobs":[-0.00090331753,-7.125903,-10.375903,-10.750903,-11.500903,-11.750903,-11.875903,-12.000903]},{"tokens":[0,1,2,3,6,8,4,5],"logprobs":[-0.0011307758,-6.8761306,-10.501131,-10.876131,-11.001131,-11.376131,-11.876131,-12.501131]},{"tokens":[0,1,3,2,6,4,5,9],"logprobs":[-0.002067454,-6.2520676,-9.752068,-10.752068,-10.752068,-11.002068,-11.752068,-12.627068]},{"tokens":[0,1,3,2,6,5,8,4],"logprobs":[-0.0033780432,-5.7533784,-9.253378,-10.128378,-10.753378,-11.128378,-12.003378,-12.253378]}]}