{"seen_tokens":["**","x","😂","haha","`","*x","X","***"],"seen_logprobs":[{"tokens":[0,1,2,3,4,5,6,7],"logprobs":[-0.00090331753,-7.125903,-10.375903,-10.750903,-11.500903,-11.750903,-11.875903,-12.000903]}]}