{"seen_tokens":["The","Hmm","1","Okay","\n","Let","I","This","Here","嗯","User","Got","收到","Alright","It","Hello","Analy","Sorry","You","To","**","Looking","'"],"seen_logprobs":[{"tokens":[0,1,2,3,4,5,6,7,8,9,10,11,12,13,14,15,16,17,18,19],"logprobs":[-0.61383325,-1.5825832,-2.2857082,-2.9185207,-3.6060207,-3.7153957,-5.418521,-5.512271,-5.684146,-5.8794584,-5.9107084,-6.106021,-6.2857084,-6.4263334,-6.6294584,-6.668521,-6.731021,-6.777896,-6.856021,-6.8794584]},{"tokens":[0,1,2,3,5,4,6,7,8,14,10,11,9,15,13,17,18,20,21,22],"logprobs":[-0.52089214,-1.9271421,-1.9896421,-3.2865171,-3.6380796,-3.7162046,-5.3568296,-5.958392,-6.020892,-6.2787046,-6.302142,-6.3880796,-6.505267,-6.6849546,-6.7162046,-6.974017,-7.0130796,-7.052142,-7.145892,-7.1849546]}]}