{"seen_tokens":["<think>","The",".The","<|tool_call_begin|>"," The","1","<|im_end|>","</think>","\n","-The",".","\"The",">The",".\n","Hi",",","Hello","-g","用户","->"],"seen_logprobs":[{"tokens":[0,1,2,3,4,5,6,7,8,9,10,11,12,13,14,15,16,17,18,19],"logprobs":[0.0,-21.0625,-25.9375,-26.25,-26.4375,-26.5625,-26.625,-26.6875,-27.4375,-27.875,-27.9375,-28.0,-28.28125,-28.34375,-28.375,-28.46875,-28.75,-29.03125,-29.09375,-29.125]}]}