{"seen_tokens":["Hello","It","Hi","How","Hey"],"seen_logprobs":[{"tokens":[0,1,2,3,4],"logprobs":[-0.08765494,-2.8376548,-3.8376548,-5.962655,-7.587655]},{"tokens":[0,1,2,3,4],"logprobs":[-0.22888456,-1.9788846,-2.9788845,-4.2288847,-7.7288847]},{"tokens":[0,2,1,3,4],"logprobs":[-0.024457982,-4.024458,-5.524458,-6.274458,-8.524458]}]}