{"seen_tokens":["Hello","Hi"," Hello",">Hello","Greetings","Dear","Hey","hello"," hello","Good","Welcome"," Hi","Of"," greetings"," greeting","Bonjour","*","HI","_hello","HEL"],"seen_logprobs":[{"tokens":[0,1,2,3,4,5,6,7,8,9,10,11,12,13,14,15,16,17,18,19],"logprobs":[-0.000055073175,-10.000055,-11.625055,-15.500055,-15.875055,-16.250055,-16.375055,-16.500055,-16.625055,-17.000055,-17.625055,-18.250055,-18.750055,-18.750055,-18.875055,-19.000055,-19.500055,-19.625055,-19.625055,-19.875055]}]}