{"seen_tokens":["The","1","Ċ","Let","Hmm","This","I","It","Okay","User","If","To","You","Here","What","Sorry","çĶ¨æĪ·","Analy","ĠThe","Looking","Is"],"seen_logprobs":[{"tokens":[0,1,2,3,4,5,6,7,8,9,10,11,12,13,14,15,16,17,18,19],"logprobs":[-0.2149266,-2.1055517,-4.285239,-4.6524267,-4.660239,-5.191489,-5.2618017,-5.707114,-6.1368017,-6.613364,-6.628989,-6.8086767,-7.3086767,-7.3555517,-7.472739,-7.5586767,-7.644614,-7.6836767,-7.753989,-7.785239]},{"tokens":[0,1,2,4,3,5,6,7,8,9,10,11,12,13,14,15,16,17,18,20],"logprobs":[-0.20993172,-2.1318066,-4.256807,-4.6708694,-4.7177444,-5.2333694,-5.2489944,-5.678682,-6.1708694,-6.5614944,-6.5771194,-6.8739944,-7.303682,-7.350557,-7.444307,-7.522432,-7.6864944,-7.7958694,-7.803682,-7.834932]}]}