{"seen_tokens":["It","Hello","The","I","```","看起来","您好","Hi","x","\"x","###","\"","X","That","在","`","关于","In","看来","“","Could","Let","未知"],"seen_logprobs":[{"tokens":[0,1,2,3,4,5,6,7,8,9,10,11,12,13,14,15,16,17,18,19],"logprobs":[-0.12575263,-3.1755192,-3.444115,-4.372405,-5.2197933,-5.5486717,-5.7800617,-6.301241,-6.434429,-6.934139,-7.0592947,-7.5269394,-7.619358,-7.637615,-7.733424,-7.773945,-7.8350835,-7.94834,-8.036174,-8.071401]},{"tokens":[0,2,1,3,4,5,6,7,8,9,10,13,12,11,15,14,17,16,20,21],"logprobs":[-0.13472079,-3.128456,-3.1911478,-4.3501444,-5.126855,-5.695282,-6.2211084,-6.4819603,-6.8176947,-7.1719685,-7.2234974,-7.5544243,-7.6440115,-7.679304,-7.9912777,-7.992955,-8.006189,-8.017928,-8.02421,-8.026316]},{"tokens":[0,1,2,3,5,4,6,8,7,9,10,13,11,12,18,16,15,14,19,22],"logprobs":[-0.10166494,-3.4409356,-3.6596665,-4.513865,-5.323624,-5.4010873,-6.4166217,-6.50964,-6.7384973,-6.897328,-7.265701,-7.633165,-7.6567464,-7.6946845,-7.8452725,-7.9755445,-7.9764066,-8.132877,-8.138638,-8.227278]}]}