{"seen_tokens":["It","Hello","The","I","```","看起来","您好","Hi","x","\"x","###","\"","X","That","在","`","关于","In","看来","“"],"seen_logprobs":[{"tokens":[0,1,2,3,4,5,6,7,8,9,10,11,12,13,14,15,16,17,18,19],"logprobs":[-0.12575263,-3.1755192,-3.444115,-4.372405,-5.2197933,-5.5486717,-5.7800617,-6.301241,-6.434429,-6.934139,-7.0592947,-7.5269394,-7.619358,-7.637615,-7.733424,-7.773945,-7.8350835,-7.94834,-8.036174,-8.071401]}]}