{"seen_tokens":["Hello","Hi","你好"," Hello","Hey","您好","嗨","hello","こんにちは"," Hi"," hello",">Hello","_hello","HI","Hola","嘿","Greetings","HEL","_hi"," Hey"],"seen_logprobs":[{"tokens":[0,1,2,3,4,5,6,7,8,9,10,11,12,13,14,15,16,17,18,19],"logprobs":[-0.0011056508,-6.876106,-10.001105,-11.501105,-11.876105,-12.126105,-13.001105,-13.751105,-14.376105,-14.751105,-15.501105,-15.876105,-15.876105,-16.501106,-16.626106,-17.626106,-18.001106,-18.126106,-18.251106,-18.251106]},{"tokens":[0,1,2,3,4,5,6,7,8,9,11,12,10,13,14,16,17,18,15,19],"logprobs":[-0.0011906686,-6.7511907,-11.751191,-12.126191,-12.376191,-13.751191,-14.376191,-14.376191,-15.126191,-15.376191,-16.25119,-16.50119,-16.50119,-16.87619,-17.00119,-18.00119,-19.00119,-19.12619,-19.12619,-19.37619]},{"tokens":[0,1,2,4,3,5,6,7,8,9,10,12,11,13,14,16,15,17,19,18],"logprobs":[-0.0015729209,-6.501573,-10.126573,-11.501573,-11.626573,-12.001573,-12.876573,-13.751573,-14.001573,-14.751573,-15.501573,-16.001574,-16.251574,-16.376574,-16.501574,-17.501574,-17.751574,-18.001574,-18.251574,-18.376574]}]}