{"seen_tokens":["Hello","Hi","Hey"," Hello","Good"],"seen_logprobs":[{"tokens":[0,1,2,3,4],"logprobs":[-0.000010921943,-11.5000105,-15.0000105,-15.2500105,-15.7500105]},{"tokens":[0,1,4,3,2],"logprobs":[-0.000021769476,-10.750022,-16.500021,-17.250021,-17.250021]},{"tokens":[0,1,4,2,3],"logprobs":[-0.000021531068,-10.750022,-16.750021,-17.250021,-17.500021]}]}