{"seen_tokens":["It","Hello","æĤ¨å¥½","I","ä½łå¥½","Hi","Could","çľĭèµ·æĿ¥","æĤ¨","You","çľĭæĿ¥","Can","Looks","Hey","ä¼¼ä¹İ","å®ĥ","åĹ¨","æĤ¨çļĦ","Your","Sure"],"seen_logprobs":[{"tokens":[0,1,2,3,4,5,6,7,8,9,10,11,12,13,14,15,16,17,18,19],"logprobs":[-0.005979388,-6.0059795,-6.1309795,-6.8809795,-9.50598,-9.75598,-9.88098,-10.13098,-10.75598,-10.88098,-11.88098,-12.38098,-12.38098,-12.63098,-13.13098,-13.50598,-13.63098,-13.63098,-13.75598,-13.88098]}]}