{"seen_tokens":["<think>","\n\n\n","Hello","[e~[","</think>","#"],"seen_logprobs":[{"tokens":[0,1,2,3,4],"logprobs":[-0.00083019,-7.62583,-10.000831,-10.625831,-10.875831]},{"tokens":[0,1,2,3,4],"logprobs":[-0.00080505,-7.625805,-10.125805,-10.375805,-11.000805]},{"tokens":[0,1,2,5,4],"logprobs":[-0.00072775,-7.7507277,-10.375728,-10.750728,-11.000728]}]}