{"seen_tokens":["<think>","\n\n\n","Hello","[e~[","</think>"],"seen_logprobs":[{"tokens":[0,1,2,3,4],"logprobs":[-0.00083019,-7.62583,-10.000831,-10.625831,-10.875831]}]}