{"seen_tokens":["<think>","\n\n\n","Hello","[e~[","</think>"],"seen_logprobs":[{"tokens":[0,1,2,3,4],"logprobs":[-0.00083019,-7.62583,-10.000831,-10.625831,-10.875831]},{"tokens":[0,1,2,3,4],"logprobs":[-0.00080505,-7.625805,-10.125805,-10.375805,-11.000805]}]}