{"seen_tokens":["It","That","You","I","X"],"seen_logprobs":[{"tokens":[0,1,2,3,4],"logprobs":[-0.03785491,-4.64723,-4.662855,-5.100355,-5.27223]}]}