{"seen_tokens":["It","That","You","I","X","Your"],"seen_logprobs":[{"tokens":[0,1,2,3,4],"logprobs":[-0.03785491,-4.64723,-4.662855,-5.100355,-5.27223]},{"tokens":[0,2,3,1,4],"logprobs":[-0.04144466,-4.49457,-4.635195,-5.041445,-5.103945]},{"tokens":[0,2,1,3,5],"logprobs":[-0.03145426,-4.640829,-4.922079,-4.968954,-6.515829]}]}