{"seen_tokens":["It","I","You","Your","That","The","Unfortunately","To","X","What","However","x","How","Just","Hello","This","Hi","Since","A","Please"],"seen_logprobs":[{"tokens":[0,1,2,3,4,5,6,7,8,9,10,11,12,13,14,15,16,17,18,19],"logprobs":[-0.025759786,-4.2757597,-5.0257597,-7.0257597,-7.0257597,-7.2757597,-8.15076,-8.27576,-8.27576,-8.40076,-8.40076,-8.52576,-9.40076,-9.40076,-9.65076,-9.71326,-9.77576,-9.83826,-9.96326,-10.27576]}]}