{"seen_tokens":["It","I","You","Your","That","The","Unfortunately","To","X","What","However","x","How","Just","Hello","This","Hi","Since","A","Please","There","it"],"seen_logprobs":[{"tokens":[0,1,2,3,4,5,6,7,8,9,10,11,12,13,14,15,16,17,18,19],"logprobs":[-0.025759786,-4.2757597,-5.0257597,-7.0257597,-7.0257597,-7.2757597,-8.15076,-8.27576,-8.27576,-8.40076,-8.40076,-8.52576,-9.40076,-9.40076,-9.65076,-9.71326,-9.77576,-9.83826,-9.96326,-10.27576]},{"tokens":[0,1,2,3,4,8,5,11,6,7,10,9,13,12,15,17,14,18,16,20],"logprobs":[-0.036052376,-3.9110525,-4.661052,-7.036052,-7.036052,-7.286052,-7.286052,-7.536052,-7.661052,-8.286053,-8.411053,-8.411053,-9.348553,-9.598553,-9.723553,-9.848553,-9.848553,-9.848553,-10.036053,-10.098553]},{"tokens":[0,1,2,11,8,4,3,5,6,9,7,10,13,18,14,15,12,16,21,19],"logprobs":[-0.043423016,-3.918423,-4.418423,-5.793423,-6.668423,-6.668423,-6.918423,-7.168423,-7.543423,-7.793423,-8.355923,-8.355923,-8.668423,-9.168423,-9.230923,-9.355923,-9.418423,-9.543423,-9.980923,-10.043423]},{"tokens":[0,1,2,11,5,4,3,8,6,9,7,10,13,12,18,15,16,21,17,14],"logprobs":[-0.021715606,-4.6467156,-5.0217156,-7.1467156,-7.2717156,-7.2717156,-7.3967156,-7.3967156,-8.021715,-8.396715,-8.646715,-8.771715,-8.896715,-9.771715,-9.896715,-9.896715,-10.146715,-10.209215,-10.271715,-10.271715]}]}