{"seen_tokens":["Hello","Hi","Hey"," Hello","\n"],"seen_logprobs":[{"tokens":[0,1,2,3,4],"logprobs":[-0.000017478143,-11.000017,-14.750017,-15.250017,-16.500017]},{"tokens":[0,1,2,3,4],"logprobs":[-0.000027968066,-10.500028,-15.250028,-16.000029,-17.500029]}]}