{"seen_tokens":["Okay","Alright","Hmm","OK","Ok","嗯","We","Well","Got"," Okay","This"," okay","The","好的","Let","okay","Currently","So","It","I"],"seen_logprobs":[{"tokens":[0,1,2,3,4,5,6,7,8,9,10,11,12,13,14,15,16,17,18,19],"logprobs":[-0.000014305013,-12.000014,-12.500014,-13.000014,-14.375014,-14.500014,-15.375014,-15.375014,-16.250013,-16.375013,-16.750013,-16.875013,-17.000013,-17.125013,-17.375013,-17.375013,-17.625013,-17.750013,-17.875013,-17.875013]}]}