{"seen_tokens":["<think>","The","</think>",".The","<|tool_call_begin|>","<|im_end|>"," The","1",".","\n","\"The",".\n",",","-The",">The","Hi","ng","!","-g",":"],"seen_logprobs":[{"tokens":[0,1,2,3,4,5,6,7,8,9,10,11,12,13,14,15,16,17,18,19],"logprobs":[0.0,-21.3125,-25.5,-25.5625,-25.6875,-26.125,-26.4375,-26.5625,-27.375,-27.53125,-27.625,-27.71875,-28.0625,-28.1875,-28.34375,-28.625,-28.71875,-28.8125,-28.84375,-28.90625]}]}