{"seen_tokens":["<think>","The","</think>",".The","<|tool_call_begin|>","<|im_end|>"," The","1",".","\n","\"The",".\n",",","-The",">The","Hi","ng","!","-g",":","Hello","|The","g","a","iong","0","用户"],"seen_logprobs":[{"tokens":[0,1,2,3,4,5,6,7,8,9,10,11,12,13,14,15,16,17,18,19],"logprobs":[0.0,-21.3125,-25.5,-25.5625,-25.6875,-26.125,-26.4375,-26.5625,-27.375,-27.53125,-27.625,-27.71875,-28.0625,-28.1875,-28.34375,-28.625,-28.71875,-28.8125,-28.84375,-28.90625]},{"tokens":[0,1,3,4,7,5,2,6,8,11,9,10,13,14,15,12,18,20,17,21],"logprobs":[0.0,-21.625,-25.25,-26.0,-26.3125,-26.6875,-26.75,-26.75,-27.5,-27.75,-27.9375,-28.125,-28.15625,-28.25,-28.4375,-28.8125,-28.96875,-28.96875,-28.96875,-29.0]},{"tokens":[0,1,2,4,3,6,5,7,9,8,10,22,14,13,12,11,16,23,24,18],"logprobs":[0.0,-21.5625,-25.125,-25.1875,-25.5625,-25.875,-26.0,-26.125,-27.0625,-27.46875,-27.5625,-27.625,-27.8125,-27.875,-27.90625,-27.96875,-28.21875,-28.28125,-28.28125,-28.34375]},{"tokens":[0,1,6,4,3,2,7,5,10,9,8,11,14,13,12,15,19,25,20,26],"logprobs":[0.0,-21.25,-25.4375,-25.4375,-25.5,-25.9375,-26.125,-26.5,-27.1875,-27.375,-27.4375,-27.78125,-28.0625,-28.125,-28.25,-28.375,-28.71875,-29.0,-29.09375,-29.125]}]}