{"seen_tokens":["Hello","Hi","Hey"," Hello","\n"],"seen_logprobs":[{"tokens":[0,1,2,3,4],"logprobs":[-0.00003631232,-10.250036,-14.500036,-15.250036,-17.000036]}]}