{"seen_tokens":["Hello","Hi","Hey"," Hello","hello","Hola",">Hello","HI"," Hi","_hello","Hallo","👋","H"," hello","HEL","Greetings","你好","Hell","You","Oh"],"seen_logprobs":[{"tokens":[0,1,2,3,4,5,6,7,8,9,10,11,12,13,14,15,16,17,18,19],"logprobs":[-0.011170558,-4.5111704,-9.76117,-10.38617,-11.82367,-12.19867,-12.38617,-12.76117,-13.26117,-13.32367,-13.51117,-13.57367,-13.63617,-13.76117,-13.82367,-13.88617,-14.26117,-15.19867,-15.26117,-15.38617]}]}