{"seen_tokens":[">","*","\"","The","J","I","-","S","A","L","M","x","In","You","##","As","John","**","B","---"],"seen_logprobs":[{"tokens":[0,1,2,3,4,5,6,7,8,9,10,11,12,13,14,15,16,17,18,19],"logprobs":[-2.147164,-2.522164,-2.584664,-3.147164,-3.334664,-3.397164,-3.584664,-3.709664,-3.772164,-3.897164,-3.897164,-4.0221643,-4.1471643,-4.2096643,-4.2096643,-4.2721643,-4.3346643,-4.3971643,-4.4596643,-4.5221643]}]}