{"seen_tokens":[">","*","\"","The","J","I","-","S","A","L","M","x","In","You","##","As","John","**","B","---","C"],"seen_logprobs":[{"tokens":[0,1,2,3,4,5,6,7,8,9,10,11,12,13,14,15,16,17,18,19],"logprobs":[-2.147164,-2.522164,-2.584664,-3.147164,-3.334664,-3.397164,-3.584664,-3.709664,-3.772164,-3.897164,-3.897164,-4.0221643,-4.1471643,-4.2096643,-4.2096643,-4.2721643,-4.3346643,-4.3971643,-4.4596643,-4.5221643]},{"tokens":[0,2,1,3,4,5,7,8,9,10,6,11,12,13,16,14,18,15,20,17],"logprobs":[-2.141443,-2.453943,-2.953943,-3.016443,-3.266443,-3.578943,-3.703943,-3.766443,-3.828943,-3.828943,-3.828943,-3.953943,-4.0789433,-4.2039433,-4.2664433,-4.2664433,-4.3289433,-4.3289433,-4.5164433,-4.5164433]}]}