{"seen_tokens":["It","A","Since","The","An","You","I","Your","Given","Quite","Unfortunately","That","Interesting","What","Hmm","\"x","To","Just","**","Inter"],"seen_logprobs":[{"tokens":[0,1,2,3,4,5,6,7,8,9,10,11,12,13,14,15,16,17,18,19],"logprobs":[-0.29218262,-2.0421827,-2.2921827,-4.2921824,-6.2921824,-6.5421824,-6.9171824,-7.1671824,-7.4171824,-7.7921824,-7.7921824,-8.292183,-9.042183,-9.167183,-9.542183,-9.667183,-9.667183,-9.729683,-9.854683,-9.917183]}]}