{"seen_tokens":["Hello","Hi","{","👋","Healthy","`","$\\","True","_","Template","Step","(","Type","Here","How","Halo"," sense","Ass","Hey","Phase"],"seen_logprobs":[{"tokens":[0,1,2,3,4,5,6,7,8,9,10,11,12,13,14,15,16,17,18,19],"logprobs":[-0.0000013113031,-14.245976,-15.289665,-17.118761,-17.305819,-17.500538,-17.555035,-18.231232,-18.370842,-18.618752,-18.85081,-19.082493,-19.113354,-19.159634,-19.159634,-19.252142,-19.252142,-19.298368,-19.32918,-19.421562]},{"tokens":[0,1,2,4,3,5,6,7,8,9,10,12,16,13,15,14,17,11,19,18],"logprobs":[-9.536748e-7,-14.511041,-15.552327,-17.290234,-17.383722,-17.796223,-17.827328,-18.370842,-18.66519,-18.680668,-18.974422,-19.144209,-19.252142,-19.252142,-19.298368,-19.313774,-19.32918,-19.34458,-19.390776,-19.48311]}]}