{"seen_tokens":["Hello","Hi","{","👋","Healthy","`","$\\","True","_","Template","Step","(","Type","Here","How","Halo"," sense","Ass","Hey","Phase"],"seen_logprobs":[{"tokens":[0,1,2,3,4,5,6,7,8,9,10,11,12,13,14,15,16,17,18,19],"logprobs":[-0.0000013113031,-14.245976,-15.289665,-17.118761,-17.305819,-17.500538,-17.555035,-18.231232,-18.370842,-18.618752,-18.85081,-19.082493,-19.113354,-19.159634,-19.159634,-19.252142,-19.252142,-19.298368,-19.32918,-19.421562]}]}