{"seen_tokens":["Hello","Hi"," Hi"," Hello","Hey","HI","_hi",">Hello","hi"," hi","Hola","Hallo","你好","hello","Bonjour","Welcome","Greetings","_hello"," hello","Good","\""],"seen_logprobs":[{"tokens":[0,1,2,3,4,5,6,7,8,9,10,11,12,13,14,15,16,17,18,19],"logprobs":[-0.12693088,-2.126931,-12.876931,-15.126931,-17.62693,-19.00193,-19.62693,-20.50193,-20.87693,-21.50193,-21.50193,-22.37693,-22.87693,-23.00193,-23.12693,-23.37693,-23.37693,-23.50193,-23.62693,-23.75193]},{"tokens":[0,1,2,3,4,5,6,7,8,9,10,11,12,13,14,16,15,20,19,18],"logprobs":[-0.20141762,-1.7014177,-12.451418,-14.826418,-17.201418,-18.576418,-19.201418,-20.201418,-20.326418,-21.076418,-21.076418,-22.076418,-22.451418,-22.701418,-22.701418,-23.076418,-23.201418,-23.326418,-23.326418,-23.326418]},{"tokens":[0,1,2,3,4,5,6,7,8,10,9,11,12,13,14,16,15,19,18,17],"logprobs":[-0.16022766,-1.9102277,-12.660228,-14.910228,-17.410227,-18.910227,-19.535227,-20.285227,-20.660227,-21.160227,-21.410227,-22.160227,-22.535227,-22.785227,-22.910227,-23.285227,-23.410227,-23.410227,-23.410227,-23.410227]}]}