{"seen_tokens":["token_id:22177","token_id:1065","token_id:1066","token_id:2757","token_id:1067","token_id:37133","token_id:69957","token_id:83704","token_id:46634","token_id:1068","token_id:29706","token_id:39379","token_id:7801","token_id:1073","token_id:117991","token_id:5162","token_id:1120","token_id:45383","token_id:1784","token_id:1071"],"seen_logprobs":[{"tokens":[0,1,2,3,4,5,6,7,8,9,10,11,12,13,14,15,16,17,18,19],"logprobs":[-0.7467646,-1.3717647,-1.4967647,-3.4967647,-4.9967647,-5.2467647,-6.4967647,-6.8717647,-7.8717647,-8.246764,-8.371764,-8.496764,-8.871764,-8.871764,-8.934264,-9.121764,-9.121764,-9.184264,-9.309264,-9.684264]}]}