{"seen_tokens":["It","Since","Depending","Please","You"," It","I","How"," it","**","Because","As","Whether","If","Assuming","Thinking","Did","Hello","Looking","Do"],"seen_logprobs":[{"tokens":[0,1,2,3,4,5,6,7,8,9,10,11,12,13,14,15,16,17,18,19],"logprobs":[-0.0028172347,-6.127817,-8.252817,-8.627817,-9.252817,-10.502817,-10.627817,-10.877817,-12.377817,-12.627817,-12.752817,-13.002817,-13.190317,-13.440317,-13.440317,-13.440317,-14.127817,-14.190317,-14.502817,-14.877817]},{"tokens":[0,1,2,3,4,5,6,7,8,9,10,11,12,13,15,14,16,17,18,19],"logprobs":[-0.0028708454,-6.127871,-8.127871,-8.752871,-9.002871,-10.377871,-10.502871,-10.627871,-12.252871,-12.627871,-12.690371,-12.752871,-13.252871,-13.565371,-13.565371,-13.627871,-14.065371,-14.315371,-14.627871,-14.690371]}]}