{"seen_tokens":["Hello","It","Hi","您好","你好","I","Hey","看起来","The","Could","它"," Hello","Sorry","こんにちは","hello","HI","x","Sure","Your","Thank","X"],"seen_logprobs":[{"tokens":[0,1,2,3,4,5,6,7,8,9,10,11,12,13,14,15,16,17,18,19],"logprobs":[-0.20197213,-1.7019721,-7.826972,-9.076972,-10.576972,-11.826972,-12.326972,-12.451972,-14.076972,-14.201972,-14.451972,-14.451972,-14.951972,-15.076972,-15.576972,-15.576972,-15.701972,-15.701972,-15.951972,-16.826973]},{"tokens":[0,1,2,3,5,4,6,7,8,9,16,12,18,10,17,11,13,14,15,20],"logprobs":[-0.474612,-0.974612,-7.724612,-9.974612,-10.599612,-11.849612,-12.349612,-12.724612,-13.099612,-13.349612,-14.349612,-14.599612,-15.099612,-15.099612,-15.224612,-15.349612,-15.599612,-15.849612,-15.849612,-16.099611]}]}