{"seen_tokens":["Hi","Hello","Hey","¡","H","He","Great","It","HI"," Hi","Welcome","hi"," Hey","Nice"," Hello","**","How","Hell","Happy",""],"seen_logprobs":[{"tokens":[0,1,2,3,4,5,6,7,8,9,10,11,12,13,14,15,16,17,18,19],"logprobs":[-0.6514418,-1.1514418,-1.9014418,-5.5264416,-5.9014416,-6.9014416,-7.0264416,-7.3389416,-7.4014416,-7.7139416,-8.338942,-8.526442,-8.776442,-8.901442,-8.963942,-9.026442,-9.213942,-9.213942,-9.401442,-9.526442]},{"tokens":[1,0,2,3,4,5,6,7,8,9,10,11,12,13,14,15,16,17,18,19],"logprobs":[-1.1514418,-0.6514418,-1.9014418,-5.5264416,-5.9014416,-6.9014416,-7.0264416,-7.3389416,-7.4014416,-7.7139416,-8.338942,-8.526442,-8.776442,-8.901442,-8.963942,-9.026442,-9.213942,-9.213942,-9.401442,-9.526442]}]}