{"seen_tokens":["Hello","Hi"," Hello","Hey","Good","Greetings","\n","hello","\n\n","How","Welcome"," \n\n"," \n"," ",",",".","​","-","!","  "],"seen_logprobs":[{"tokens":[0,1,2,3,4,5,6,7,8,9,10,11,12,13,14,15,16,17,18,19],"logprobs":[-0.0004125576,-8.209205,-9.163875,-10.884984,-12.334584,-12.625838,-12.706548,-13.313441,-13.813344,-14.220599,-14.596488,-15.007188,-15.235517,-15.443681,-15.67493,-15.783687,-15.863633,-15.98363,-16.023882,-16.20062]}]}