{"seen_tokens":["Hello","It","Hi","How","Hey"],"seen_logprobs":[{"tokens":[0,1,2,3,4],"logprobs":[-0.010511117,-5.260511,-5.510511,-7.260511,-8.260511]}]}