{"seen_tokens":["Hello","It","Hi","How","Hey"],"seen_logprobs":[{"tokens":[0,1,2,3,4],"logprobs":[-0.010511117,-5.260511,-5.510511,-7.260511,-8.260511]},{"tokens":[0,1,2,3,4],"logprobs":[-0.017495338,-4.517495,-5.267495,-7.267495,-8.267495]},{"tokens":[0,1,2,3,4],"logprobs":[-0.01514076,-4.5151405,-5.7651405,-7.5151405,-8.765141]}]}