{"seen_tokens":["It","Hello","Hi","您好","I","你好","Hey","看起来","The","Could","x","Sorry","它","Your"," Hello","こんにちは","HI","hello","Sure","X"],"seen_logprobs":[{"tokens":[0,1,2,3,4,5,6,7,8,9,10,11,12,13,14,15,16,17,18,19],"logprobs":[-0.9745683,-0.4745683,-7.9745684,-9.224568,-10.849568,-11.099568,-12.724568,-12.724568,-12.849568,-13.349568,-14.099568,-14.599568,-14.599568,-14.849568,-15.224568,-15.349568,-15.724568,-15.724568,-15.849568,-15.849568]},{"tokens":[1,0,2,3,4,5,6,7,8,9,10,11,12,13,14,15,16,17,18,19],"logprobs":[-0.4745683,-0.9745683,-7.9745684,-9.224568,-10.849568,-11.099568,-12.724568,-12.724568,-12.849568,-13.349568,-14.099568,-14.599568,-14.599568,-14.849568,-15.224568,-15.349568,-15.724568,-15.724568,-15.849568,-15.849568]}]}