{"seen_tokens":["Okay","You","The","Please","It","Is","That","Alright","\"","I","To","Under","This","Ah","Just","OK","▁Okay","Of","As","**"],"seen_logprobs":[{"tokens":[0,1,2,3,4,5,6,7,8,9,10,11,12,13,14,15,16,17,18,19],"logprobs":[-0.00013195598,-9.250132,-11.000132,-11.250132,-12.750132,-12.750132,-15.500132,-16.250132,-18.250132,-19.000132,-19.750132,-20.250132,-20.750132,-21.000132,-21.250132,-21.500132,-22.000132,-22.250132,-22.500132,-22.500132]},{"tokens":[0,1,2,3,4,5,6,7,8,9,10,12,11,14,13,15,16,17,18,19],"logprobs":[-0.000090475754,-9.750091,-11.000091,-11.500091,-12.750091,-13.000091,-15.750091,-16.50009,-18.25009,-19.25009,-19.75009,-20.50009,-20.50009,-21.25009,-21.25009,-22.00009,-22.25009,-22.50009,-22.50009,-22.75009]},{"tokens":[0,1,2,3,4,5,6,7,8,9,10,11,12,13,14,15,16,17,18,19],"logprobs":[-0.00008558861,-9.750086,-11.250086,-11.500086,-13.000086,-13.250086,-16.000086,-16.500086,-18.250086,-19.250086,-20.000086,-20.500086,-20.750086,-21.250086,-21.500086,-22.000086,-22.250086,-22.500086,-22.750086,-22.750086]}]}