{"seen_tokens":["Hello","你好","Hi","您好","嗨","Hey","哈","嘿","H","","**","欢迎","HI","こ","🌟","Welcome","*","喂","#"],"seen_logprobs":[{"tokens":[0,1,2,3,4,5,6,7,8,9,9,10,11,12,13,14,15,16,17,18],"logprobs":[-1.4569602,-0.95696014,-1.7069602,-2.2069602,-2.4569602,-6.58196,-6.70696,-7.20696,-7.20696,-7.58196,-8.33196,-8.58196,-8.83196,-10.08196,-10.33196,-10.33196,-10.45696,-10.45696,-10.58196,-10.58196]}]}