{"seen_tokens":["Hello","你好","Hi","您好","嗨","Hey","哈","嘿","H","","**","欢迎","HI","こ","🌟","Welcome","*","喂","#","哈哈","hello","How","很高兴","啊"],"seen_logprobs":[{"tokens":[0,1,2,3,4,5,6,7,8,9,9,10,11,12,13,14,15,16,17,18],"logprobs":[-1.4569602,-0.95696014,-1.7069602,-2.2069602,-2.4569602,-6.58196,-6.70696,-7.20696,-7.20696,-7.58196,-8.33196,-8.58196,-8.83196,-10.08196,-10.33196,-10.33196,-10.45696,-10.45696,-10.58196,-10.58196]},{"tokens":[1,0,4,2,3,6,5,7,8,9,9,11,10,19,13,17,20,21,22,23],"logprobs":[-0.40185818,-1.9018582,-2.651858,-2.651858,-3.401858,-5.4018583,-7.0268583,-7.5268583,-7.6518583,-8.151858,-9.276858,-9.526858,-10.026858,-10.651858,-10.901858,-11.026858,-11.026858,-11.151858,-11.151858,-11.276858]},{"tokens":[4,1,0,2,3,6,5,7,8,9,9,11,10,19,13,17,20,21,22,23],"logprobs":[-2.651858,-0.40185818,-1.9018582,-2.651858,-3.401858,-5.4018583,-7.0268583,-7.5268583,-7.6518583,-8.151858,-9.276858,-9.526858,-10.026858,-10.651858,-10.901858,-11.026858,-11.026858,-11.151858,-11.151858,-11.276858]},{"tokens":[1,0,2,3,4,5,6,7,8,9,9,10,11,12,13,14,15,16,17,18],"logprobs":[-0.95696014,-1.4569602,-1.7069602,-2.2069602,-2.4569602,-6.58196,-6.70696,-7.20696,-7.20696,-7.58196,-8.33196,-8.58196,-8.83196,-10.08196,-10.33196,-10.33196,-10.45696,-10.45696,-10.58196,-10.58196]}]}