{"seen_tokens":["▁Hello","▁Hi","▁How","▁Can","▁Hey","▁I","▁What","▁There","▁Welcome","▁Sure","▁Yes","▁Are","▁H","▁You","▁Could","▁Is","▁Please","▁!","▁Sorry","▁Do"],"seen_logprobs":[{"tokens":[0,1,2,3,4,5,6,7,8,9,10,11,12,13,14,15,16,17,18,19],"logprobs":[-0.14944178,-3.2744417,-3.5244417,-3.5244417,-3.7744417,-5.2119417,-5.6494417,-5.9619417,-7.3369417,-7.4619417,-7.7119417,-7.7744417,-7.7744417,-8.024442,-8.024442,-8.274442,-8.336942,-8.524442,-8.649442,-8.774442]}]}