{"seen_tokens":["▁Hello","▁Hi","▁How","▁Can","▁Hey","▁I","▁What","▁There","▁Welcome","▁Sure","▁Yes","▁Are","▁H","▁You","▁Could","▁Is","▁Please","▁!","▁Sorry","▁Do","▁Help"],"seen_logprobs":[{"tokens":[0,1,2,3,4,5,6,7,8,9,10,11,12,13,14,15,16,17,18,19],"logprobs":[-0.14944178,-3.2744417,-3.5244417,-3.5244417,-3.7744417,-5.2119417,-5.6494417,-5.9619417,-7.3369417,-7.4619417,-7.7119417,-7.7744417,-7.7744417,-8.024442,-8.024442,-8.274442,-8.336942,-8.524442,-8.649442,-8.774442]},{"tokens":[0,3,2,1,4,5,6,7,8,9,11,10,13,14,15,17,12,16,18,20],"logprobs":[-0.19782574,-3.0728257,-3.0728257,-3.3228257,-3.6978257,-4.885326,-5.197826,-5.760326,-7.010326,-7.197826,-7.510326,-7.572826,-7.572826,-7.760326,-7.822826,-7.947826,-7.947826,-8.072825,-8.260325,-8.447825]},{"tokens":[0,1,4,2,3,6,5,7,9,8,11,10,13,14,12,16,15,17,18,19],"logprobs":[-0.15320033,-3.1532004,-3.4032004,-3.6532004,-3.9032004,-5.4657,-5.5282,-5.6532,-6.6532,-7.5282,-7.7782,-7.8407,-8.0282,-8.2782,-8.4032,-8.4032,-8.4032,-8.4657,-8.4657,-8.6532]},{"tokens":[4,0,1,2,3,5,6,7,8,9,10,11,12,13,14,15,16,17,18,19],"logprobs":[-3.7744417,-0.14944178,-3.2744417,-3.5244417,-3.5244417,-5.2119417,-5.6494417,-5.9619417,-7.3369417,-7.4619417,-7.7119417,-7.7744417,-7.7744417,-8.024442,-8.024442,-8.274442,-8.336942,-8.524442,-8.649442,-8.774442]}]}