{"seen_tokens":["Hello","Hi","Hey","hi","你好"," Hello","hello"," Hi","How","HI","嗨","H","您好","","Hell","\"","I","Good","**","¡","_hi"],"seen_logprobs":[{"tokens":[0,1,2,3,4,5,6,7,8,9,10,11,12,13,14,15,16,17,18,19],"logprobs":[-0.28162947,-1.4066294,-7.6566296,-13.40663,-13.78163,-13.90663,-14.15663,-14.28163,-14.59413,-15.09413,-15.40663,-16.03163,-16.40663,-16.46913,-17.03163,-17.09413,-17.40663,-17.65663,-17.78163,-17.84413]},{"tokens":[0,1,2,5,4,7,3,6,9,10,11,8,12,13,14,15,18,19,20,16],"logprobs":[-0.25207117,-1.5020711,-8.877071,-14.252071,-14.502071,-14.627071,-15.002071,-15.502071,-15.752071,-16.877071,-17.314571,-17.439571,-17.564571,-18.002071,-18.752071,-18.939571,-19.127071,-19.502071,-19.689571,-19.814571]}]}