{"seen_tokens":["Hello","Hi","Hey","¡","H","He","Great","It","HI"," Hi","Welcome","hi"," Hey","Nice"," Hello","**","How","Hell","Happy",""],"seen_logprobs":[{"tokens":[0,1,2,3,4,5,6,7,8,9,10,11,12,13,14,15,16,17,18,19],"logprobs":[-1.1514885,-0.65148854,-1.9014885,-5.5889883,-5.8389883,-6.9014883,-7.0264883,-7.2139883,-7.4014883,-7.7139883,-8.338988,-8.588988,-8.776488,-8.838988,-8.963988,-9.088988,-9.151488,-9.213988,-9.401488,-9.588988]},{"tokens":[1,0,2,3,4,5,6,7,8,9,10,11,13,12,14,15,16,17,18,19],"logprobs":[-0.69415826,-1.0691583,-1.9441583,-5.506658,-5.819158,-6.819158,-6.881658,-7.131658,-7.319158,-7.694158,-8.319159,-8.506659,-8.756659,-8.756659,-8.944159,-9.069159,-9.131659,-9.194159,-9.319159,-9.444159]}]}