{"seen_tokens":["Hello","Hi","Hey","¡","H","He","Great","It","HI"," Hi","Welcome","hi"," Hey","Nice"," Hello","**","How","Hell","Happy",""],"seen_logprobs":[{"tokens":[0,1,2,3,4,5,6,7,8,9,10,11,12,13,14,15,16,17,18,19],"logprobs":[-1.1514885,-0.65148854,-1.9014885,-5.5889883,-5.8389883,-6.9014883,-7.0264883,-7.2139883,-7.4014883,-7.7139883,-8.338988,-8.588988,-8.776488,-8.838988,-8.963988,-9.088988,-9.151488,-9.213988,-9.401488,-9.588988]}]}