{"seen_tokens":["Hello","Hi","It"," Hello","你好","Could"],"seen_logprobs":[{"tokens":[0,1,2,3,4],"logprobs":[-0.0015034329,-6.5015035,-14.251503,-14.876503,-17.876503]},{"tokens":[0,1,2,3,4],"logprobs":[-0.0019313742,-6.251931,-13.001931,-15.001931,-16.876932]},{"tokens":[0,1,2,3,4],"logprobs":[-0.0019313742,-6.251931,-13.001931,-15.001931,-17.001932]},{"tokens":[0,1,2,3,5],"logprobs":[-0.0019313742,-6.251931,-13.001931,-15.126931,-17.001932]}]}