{"seen_tokens":["Hi","Hey","Hello","","**"," Hi","hi","嗨","hey","你好"," Hey","Yo","Welcome","H","嘿","—","How","HI","\""],"seen_logprobs":[{"tokens":[0,1,2,3,4,5,6,7,8,9,10,11,12,13,14,3,15,16,17,18],"logprobs":[-0.25567156,-1.5056715,-5.6306715,-9.6306715,-10.7556715,-11.7556715,-11.7556715,-11.8806715,-11.9431715,-12.0681715,-12.1306715,-12.1931715,-13.0056715,-13.1306715,-13.3806715,-13.3806715,-13.5056715,-13.6306715,-14.3181715,-14.3806715]}]}