{"seen_tokens":["Hi","Hey","Hello","","**"," Hi","hi","嗨","hey","你好"," Hey","Yo","Welcome","H","嘿","—","How","HI","\""],"seen_logprobs":[{"tokens":[0,1,2,3,4,5,6,7,8,9,10,11,12,13,14,3,15,16,17,18],"logprobs":[-0.25567156,-1.5056715,-5.6306715,-9.6306715,-10.7556715,-11.7556715,-11.7556715,-11.8806715,-11.9431715,-12.0681715,-12.1306715,-12.1931715,-13.0056715,-13.1306715,-13.3806715,-13.3806715,-13.5056715,-13.6306715,-14.3181715,-14.3806715]},{"tokens":[0,1,2,3,4,5,6,7,8,9,10,11,12,13,14,15,3,16,17,18],"logprobs":[-0.2852653,-1.4102653,-5.5352654,-9.535265,-10.722765,-11.660265,-11.722765,-11.785265,-11.910265,-11.910265,-12.035265,-12.222765,-12.910265,-13.035265,-13.222765,-13.410265,-13.410265,-13.535265,-14.222765,-14.347765]}]}