{"seen_tokens":["It","Hello","How","Hi","Welcome","I","hello","Hey"," Hello","What","Happy","Greetings",">Hello","You","_hello","它","HI","it"," Hi","When"],"seen_logprobs":[{"tokens":[0,1,2,3,4,5,6,7,8,9,10,11,12,13,14,15,16,17,18,19],"logprobs":[-0.84525573,-0.95463073,-2.1890059,-2.6108809,-9.735881,-11.298381,-11.532756,-11.923381,-12.548381,-12.689006,-14.196818,-14.501506,-14.657756,-14.673381,-14.962443,-15.064006,-15.064006,-15.196818,-15.259318,-15.345256]},{"tokens":[0,1,2,3,4,5,6,7,8,9,10,11,12,13,14,15,16,17,18,19],"logprobs":[-0.8340929,-0.9590929,-2.2247179,-2.5997179,-9.755968,-11.287218,-11.537218,-11.943468,-12.568468,-12.709093,-14.193468,-14.521593,-14.670031,-14.693468,-14.959093,-15.091906,-15.107531,-15.209093,-15.295031,-15.341906]}]}