{"seen_tokens":["It","Hello","How","Hi","Welcome","I","hello","Hey"," Hello","What","Happy","Greetings",">Hello","You","_hello","它","HI","it"," Hi","When"],"seen_logprobs":[{"tokens":[0,1,2,3,4,5,6,7,8,9,10,11,12,13,14,15,16,17,18,19],"logprobs":[-0.84525573,-0.95463073,-2.1890059,-2.6108809,-9.735881,-11.298381,-11.532756,-11.923381,-12.548381,-12.689006,-14.196818,-14.501506,-14.657756,-14.673381,-14.962443,-15.064006,-15.064006,-15.196818,-15.259318,-15.345256]}]}