{"seen_tokens":["Hi","Hello","token:25730","H","token:28927","\n\n","**","Hey","*","HI","hi","How","I","Be","Nice","token:80300","\n","hello","Great","您好"],"seen_logprobs":[{"tokens":[0,1,2,3,4,5,6,7,8,9,10,11,12,13,14,15,16,17,18,19],"logprobs":[-0.03881836,-3.28125,-8.0625,-8.5625,-9.3125,-10.0625,-11.0625,-11.1875,-11.3125,-11.3125,-11.3125,-11.4375,-11.9375,-12.0625,-12.0625,-12.6875,-12.9375,-13.0625,-13.1875,-13.1875]}]}