{"seen_tokens":["Hi","Hello","token:25730","H","token:28927","\n\n","**","Hey","*","HI","hi","How","I","Be","Nice","token:80300","\n","hello","Great","您好","<","##","{","token:23903","[","(","\\[","\r","#","¡"],"seen_logprobs":[{"tokens":[0,1,2,3,4,5,6,7,8,9,10,11,12,13,14,15,16,17,18,19],"logprobs":[-0.03881836,-3.28125,-8.0625,-8.5625,-9.3125,-10.0625,-11.0625,-11.1875,-11.3125,-11.3125,-11.3125,-11.4375,-11.9375,-12.0625,-12.0625,-12.6875,-12.9375,-13.0625,-13.1875,-13.1875]},{"tokens":[5,0,1,16,4,2,6,3,15,8,20,21,22,23,24,25,9,26,27,28],"logprobs":[-0.5078125,-1.0078125,-4.25,-4.5,-5.0,-6.625,-7.75,-8.75,-9.375,-9.5,-9.875,-10.0,-10.0,-10.0,-10.125,-10.125,-10.125,-10.25,-10.375,-11.125]},{"tokens":[0,1,5,16,4,2,3,6,9,8,11,10,13,15,20,29,26,14,12,25],"logprobs":[-0.03540039,-3.53125,-5.53125,-7.28125,-7.78125,-8.5625,-9.5625,-9.8125,-10.6875,-11.1875,-11.3125,-11.3125,-11.5625,-12.0625,-12.3125,-12.4375,-12.5625,-12.5625,-12.6875,-12.9375]}]}