{"seen_tokens":["‚ĖĀHello","‚ĖĀCan","‚ĖĀHow","‚ĖĀHi","‚ĖĀHey","‚ĖĀI","‚ĖĀWhat","‚ĖĀThere","‚ĖĀSure","‚ĖĀWelcome","‚ĖĀYou","‚ĖĀAre","‚ĖĀYes","‚ĖĀH","‚ĖĀPlease","‚ĖĀCould","‚ĖĀIs","‚ĖĀSorry","‚ĖĀ!","‚ĖĀMay","‚ĖĀDo"],"seen_logprobs":[{"tokens":[0,1,2,3,4,5,6,7,8,9,10,11,12,13,14,15,16,17,18,19],"logprobs":[-0.22007756,-2.9700775,-3.0950775,-3.2200775,-3.5950775,-4.5950775,-5.0950775,-5.3450775,-6.9700775,-7.0950775,-7.2825775,-7.3450775,-7.4075775,-7.5950775,-7.5950775,-7.5950775,-7.6575775,-7.9700775,-8.0325775,-8.0950775]},{"tokens":[0,3,4,2,1,6,5,7,8,9,11,12,10,15,13,14,16,18,17,20],"logprobs":[-0.15320033,-3.1532004,-3.4032004,-3.6532004,-3.9032004,-5.4657,-5.5282,-5.6532,-6.6532,-7.5282,-7.7782,-7.8407,-8.0282,-8.2782,-8.4032,-8.4032,-8.4032,-8.4657,-8.4657,-8.6532]}]}