{"seen_tokens":["‚ĖĀHello","‚ĖĀCan","‚ĖĀHow","‚ĖĀHi","‚ĖĀHey","‚ĖĀI","‚ĖĀWhat","‚ĖĀThere","‚ĖĀSure","‚ĖĀWelcome","‚ĖĀYou","‚ĖĀAre","‚ĖĀYes","‚ĖĀH","‚ĖĀPlease","‚ĖĀCould","‚ĖĀIs","‚ĖĀSorry","‚ĖĀ!","‚ĖĀMay"],"seen_logprobs":[{"tokens":[0,1,2,3,4,5,6,7,8,9,10,11,12,13,14,15,16,17,18,19],"logprobs":[-0.22007756,-2.9700775,-3.0950775,-3.2200775,-3.5950775,-4.5950775,-5.0950775,-5.3450775,-6.9700775,-7.0950775,-7.2825775,-7.3450775,-7.4075775,-7.5950775,-7.5950775,-7.5950775,-7.6575775,-7.9700775,-8.0325775,-8.0950775]}]}