{"seen_tokens":["Hello","Hi","Hey","H","He","¡"," Hello","Yo","hello","Hell","Y","Welcome","hi","Sal","Oh","HI","**","hey"," Hey",""],"seen_logprobs":[{"tokens":[0,1,2,3,4,5,6,7,8,9,10,11,12,13,14,15,16,17,18,19],"logprobs":[-0.2528045,-2.0028045,-2.5028045,-6.0028043,-7.5028043,-7.8153043,-7.8153043,-7.8778043,-8.002805,-8.815305,-9.377805,-9.377805,-9.502805,-9.565305,-9.690305,-9.815305,-9.877805,-9.877805,-9.940305,-9.940305]},{"tokens":[2,0,1,3,4,5,6,7,8,9,10,11,12,13,14,17,15,16,18,19],"logprobs":[-2.5022585,-0.25225848,-2.0022585,-6.1272583,-7.5647583,-7.8772583,-7.8772583,-7.9397583,-8.002258,-8.877258,-9.439758,-9.439758,-9.502258,-9.627258,-9.814758,-9.877258,-9.877258,-9.939758,-10.002258,-10.002258]}]}