{"seen_tokens":["Hi","It","Hey","Hello","Could","You","You've","I","Looks","Got","I'm","你好","hi","Thanks","**","X","Welcome","x","Just","You're","\""],"seen_logprobs":[{"tokens":[0,1,2,3,4,5,6,7,8,9,10,11,12,13,14,15,16,17,18,19],"logprobs":[-0.028241744,-4.1532416,-5.0282416,-5.9032416,-7.4032416,-7.8407416,-8.278242,-8.465742,-8.590742,-8.590742,-8.840742,-9.215742,-9.590742,-9.715742,-9.715742,-10.090742,-10.090742,-10.090742,-10.090742,-10.215742]},{"tokens":[0,1,2,3,4,5,6,8,9,7,10,12,11,18,17,13,14,15,19,20],"logprobs":[-0.031164842,-4.1561646,-4.6561646,-6.1561646,-7.2186646,-7.7811646,-8.031165,-8.093665,-8.156165,-8.656165,-9.093665,-9.218665,-9.406165,-9.406165,-9.531165,-9.656165,-9.656165,-9.906165,-9.968665,-10.031165]}]}