{"seen_tokens":["Hi","It","Hey","Hello","Could","You","You've","I","Looks","Got","I'm","你好","hi","Thanks","**","X","Welcome","x","Just","You're"],"seen_logprobs":[{"tokens":[0,1,2,3,4,5,6,7,8,9,10,11,12,13,14,15,16,17,18,19],"logprobs":[-0.028241744,-4.1532416,-5.0282416,-5.9032416,-7.4032416,-7.8407416,-8.278242,-8.465742,-8.590742,-8.590742,-8.840742,-9.215742,-9.590742,-9.715742,-9.715742,-10.090742,-10.090742,-10.090742,-10.090742,-10.215742]}]}