{"seen_tokens":["Hello","It","How","Could","Hi"],"seen_logprobs":[{"tokens":[0,1,2,3,4],"logprobs":[-0.6355751,-1.135575,-2.135575,-3.885575,-4.8855753]}]}