{"seen_tokens":["###","To","#","The","Here","I","Sure","**","Certainly","要","以下是","Alright","你好","##","在","It","根据","以下","1","You","Hello","```","Let","Understanding","Welcome"],"seen_logprobs":[{"tokens":[0,1,2,3,4,5,6,7,8,9,10,11,12,13,14,15,16,17,18,19],"logprobs":[-1.8467388,-2.221739,-2.4717388,-2.5967388,-2.8467388,-3.221739,-3.596739,-3.7217388,-3.971739,-4.096739,-4.346739,-4.346739,-4.596739,-4.721739,-4.721739,-4.721739,-4.721739,-4.721739,-4.971739,-4.971739]},{"tokens":[2,0,1,5,6,7,3,11,4,8,19,12,20,13,15,21,22,23,24,18],"logprobs":[-1.2208368,-1.5958369,-2.5958369,-3.0958369,-3.0958369,-3.5958369,-3.5958369,-3.5958369,-3.7208369,-3.9708369,-4.4708366,-4.4708366,-4.9708366,-5.0958366,-5.2208366,-5.345837,-5.595837,-5.595837,-5.7208366,-5.8458366]}]}