{"seen_tokens":["###","To","#","The","Here","I","Sure","**","Certainly","要","以下是","Alright","你好","##","在","It","根据","以下","1","You"],"seen_logprobs":[{"tokens":[0,1,2,3,4,5,6,7,8,9,10,11,12,13,14,15,16,17,18,19],"logprobs":[-1.8467388,-2.221739,-2.4717388,-2.5967388,-2.8467388,-3.221739,-3.596739,-3.7217388,-3.971739,-4.096739,-4.346739,-4.346739,-4.596739,-4.721739,-4.721739,-4.721739,-4.721739,-4.721739,-4.971739,-4.971739]}]}