{"seen_tokens":["Let","The","1","Hmm","Okay","收到","Hi","Checking","Looking","Hello","Alright","So","\n","Seeing","I","User","Here","This","Got","Reflect","Oh"],"seen_logprobs":[{"tokens":[0,1,2,3,4,5,6,7,8,9,10,11,12,13,14,15,16,17,18,19],"logprobs":[-0.17501765,-2.6281426,-3.4250176,-4.4172053,-5.112518,-5.2609553,-5.3547053,-5.3859553,-5.9484553,-6.159393,-6.237518,-6.378143,-6.4172053,-6.9797053,-7.034393,-7.0422053,-7.1828303,-7.268768,-7.362518,-7.362518]},{"tokens":[0,1,2,3,5,4,6,7,8,9,10,18,12,14,13,11,16,15,17,20],"logprobs":[-0.14465678,-2.8634067,-3.5977817,-4.3477817,-5.199344,-5.230594,-5.5821567,-5.6134067,-6.089969,-6.277469,-6.636844,-6.7852817,-6.839969,-7.043094,-7.105594,-7.1134067,-7.3165317,-7.324344,-7.402469,-7.6915317]}]}