{"seen_tokens":["Hello","It","Hi","Looks","Hey","Seems","Could"," It","hello"," Hello","I","How","Your","It's","I'm","it"," it","Greetings","Is","Hola","Can"],"seen_logprobs":[{"tokens":[0,1,2,3,4,5,6,7,8,9,10,11,12,13,14,15,16,17,18,19],"logprobs":[-0.20150475,-1.7015047,-9.326505,-13.326505,-15.826505,-15.826505,-15.951505,-16.326506,-16.451506,-16.826506,-16.951506,-17.326506,-17.576506,-17.576506,-17.826506,-18.076506,-18.076506,-18.076506,-18.326506,-18.701506]},{"tokens":[0,1,2,3,5,4,6,7,8,10,9,13,11,12,14,17,15,16,18,19],"logprobs":[-0.20151724,-1.7015172,-9.201517,-13.076517,-15.576517,-15.576517,-15.701517,-16.201517,-16.451517,-16.826517,-16.826517,-17.201517,-17.326517,-17.326517,-17.701517,-17.826517,-17.951517,-18.076517,-18.451517,-18.576517]},{"tokens":[0,1,2,3,4,6,5,8,7,10,9,11,12,13,14,15,18,17,16,20],"logprobs":[-0.1603084,-1.9103084,-9.410309,-13.410309,-15.785309,-15.910309,-15.910309,-16.285309,-16.535309,-16.910309,-16.910309,-17.285309,-17.660309,-17.660309,-17.660309,-18.035309,-18.160309,-18.160309,-18.160309,-18.660309]},{"tokens":[0,1,2,3,4,5,6,7,8,10,9,13,11,12,14,17,15,16,18,19],"logprobs":[-0.20151724,-1.7015172,-9.201517,-13.076517,-15.576517,-15.576517,-15.701517,-16.201517,-16.451517,-16.826517,-16.826517,-17.201517,-17.326517,-17.326517,-17.701517,-17.826517,-17.951517,-18.076517,-18.451517,-18.576517]}]}