{"seen_tokens":["Hello","It","Hi","Looks","Hey","Seems","Could"," It","hello"," Hello","I","How","Your","It's","I'm","it"," it","Greetings","Is","Hola"],"seen_logprobs":[{"tokens":[0,1,2,3,4,5,6,7,8,9,10,11,12,13,14,15,16,17,18,19],"logprobs":[-0.20150475,-1.7015047,-9.326505,-13.326505,-15.826505,-15.826505,-15.951505,-16.326506,-16.451506,-16.826506,-16.951506,-17.326506,-17.576506,-17.576506,-17.826506,-18.076506,-18.076506,-18.076506,-18.326506,-18.701506]}]}