{"seen_tokens":["It","If","You","\"","How","Is","Please","Since","To","**","'","X","`","I","Depending","The","In","What","As","Whether"],"seen_logprobs":[{"tokens":[0,1,2,3,4,5,6,7,8,9,10,11,12,13,14,15,16,17,18,19],"logprobs":[-0.000041008836,-11.445024,-11.758626,-11.916612,-12.39522,-13.153233,-13.482969,-13.538202,-13.815536,-14.150864,-14.263241,-14.488882,-14.602139,-14.658876,-14.658876,-14.8865385,-15.000791,-15.230126,-15.402842,-15.8081665]}]}