{"seen_tokens":["How","It","Hello","Hi","What","Welcome","I","hello","Hey","However"," Hello","You","To","If","HI","Unfortunately","High","When","Please","hi"],"seen_logprobs":[{"tokens":[0,1,2,3,4,5,6,7,8,9,10,11,12,13,14,15,16,17,18,19],"logprobs":[-0.9116461,-0.9116461,-1.9116461,-3.0366461,-8.286646,-9.536646,-9.786646,-11.224146,-11.911646,-11.974146,-12.286646,-12.411646,-13.474146,-13.724146,-13.849146,-13.911646,-14.099146,-14.224146,-14.224146,-14.349146]}]}