{"seen_tokens":["Hello","Hi","Hey","Hola","hello","HI","hi"," Hello","Bonjour"," Hi","Hallo","Greetings","你好","Good","HEL",">Hello","Nice","I","こんにちは","How","Dear"," hello"],"seen_logprobs":[{"tokens":[0,1,2,3,4,5,6,7,8,9,10,11,12,13,14,15,16,17,18,19],"logprobs":[-0.12693131,-2.1269312,-12.626931,-17.001932,-17.376932,-17.626932,-18.501932,-18.876932,-19.876932,-19.876932,-20.251932,-20.501932,-21.001932,-21.376932,-21.751932,-22.626932,-23.126932,-23.501932,-23.501932,-23.751932]},{"tokens":[0,1,2,3,4,5,7,6,9,10,8,11,12,13,14,15,16,18,20,21],"logprobs":[-0.0788914,-2.5788913,-13.328892,-17.453892,-18.453892,-18.578892,-18.578892,-19.703892,-19.953892,-20.328892,-20.578892,-21.578892,-21.953892,-22.078892,-22.328892,-22.828892,-24.078892,-24.328892,-24.453892,-24.703892]}]}