{"seen_tokens":["Hello","Hi","Hey","Hola","hello","HI","hi"," Hello","Bonjour"," Hi","Hallo","Greetings","你好","Good","HEL",">Hello","Nice","I","こんにちは","How"],"seen_logprobs":[{"tokens":[0,1,2,3,4,5,6,7,8,9,10,11,12,13,14,15,16,17,18,19],"logprobs":[-0.12693131,-2.1269312,-12.626931,-17.001932,-17.376932,-17.626932,-18.501932,-18.876932,-19.876932,-19.876932,-20.251932,-20.501932,-21.001932,-21.376932,-21.751932,-22.626932,-23.126932,-23.501932,-23.501932,-23.751932]}]}