{"seen_tokens":[" **"," \"","!",",","+","(",".","*","&","1","%","/","-","2","\"","0","'","$","#",")","I","Did","Could","You","Hi","\"x"],"seen_logprobs":[{"tokens":[0,1,2,3,4,5,6,7,8,9,10,11,12,13,14,15,16,17,18,19],"logprobs":[-0.53088224,-0.88694036,-9999.0,-9999.0,-9999.0,-9999.0,-9999.0,-9999.0,-9999.0,-9999.0,-9999.0,-9999.0,-9999.0,-9999.0,-9999.0,-9999.0,-9999.0,-9999.0,-9999.0,-9999.0]},{"tokens":[20,21,22,23,24,25,18,16,14,7,8,5,12,17,2,10,6,19,4,3],"logprobs":[-0.6214032,-1.9208913,-1.9634862,-2.3600411,-3.0844407,-3.3299928,-9999.0,-9999.0,-9999.0,-9999.0,-9999.0,-9999.0,-9999.0,-9999.0,-9999.0,-9999.0,-9999.0,-9999.0,-9999.0,-9999.0]}]}