{"seen_tokens":[" **"," \"","!",",","+","(",".","*","&","1","%","/","-","2","\"","0","'","$","#",")","I","Did","Could","You","Hi","\"x","It","•","3"],"seen_logprobs":[{"tokens":[0,1,2,3,4,5,6,7,8,9,10,11,12,13,14,15,16,17,18,19],"logprobs":[-0.53088224,-0.88694036,-9999.0,-9999.0,-9999.0,-9999.0,-9999.0,-9999.0,-9999.0,-9999.0,-9999.0,-9999.0,-9999.0,-9999.0,-9999.0,-9999.0,-9999.0,-9999.0,-9999.0,-9999.0]},{"tokens":[20,21,22,23,24,25,18,16,14,7,8,5,12,17,2,10,6,19,4,3],"logprobs":[-0.6214032,-1.9208913,-1.9634862,-2.3600411,-3.0844407,-3.3299928,-9999.0,-9999.0,-9999.0,-9999.0,-9999.0,-9999.0,-9999.0,-9999.0,-9999.0,-9999.0,-9999.0,-9999.0,-9999.0,-9999.0]},{"tokens":[26,24,21,3,10,18,9,2,15,7,12,19,5,14,6,11,16,17,4,8],"logprobs":[-0.3200484,-1.6014738,-2.6271124,-9999.0,-9999.0,-9999.0,-9999.0,-9999.0,-9999.0,-9999.0,-9999.0,-9999.0,-9999.0,-9999.0,-9999.0,-9999.0,-9999.0,-9999.0,-9999.0,-9999.0]},{"tokens":[12,27,7,19,8,2,13,9,11,18,3,5,14,28,4,6,16,10,17,15],"logprobs":[-0.17451888,-2.0983279,-3.284012,-9999.0,-9999.0,-9999.0,-9999.0,-9999.0,-9999.0,-9999.0,-9999.0,-9999.0,-9999.0,-9999.0,-9999.0,-9999.0,-9999.0,-9999.0,-9999.0,-9999.0]}]}