{"seen_tokens":["It","Hello","I","您好","您","Could","The","看起来","你好","Sorry","您的","x","我","Your","好的","Please","你","You","What","**","我不","Hi"],"seen_logprobs":[{"tokens":[0,1,2,3,4,5,6,7,8,9,10,11,12,13,14,15,16,17,18,19],"logprobs":[-0.49182138,-1.9501553,-1.9501553,-2.9918213,-4.2418213,-4.6584873,-4.7626553,-5.2834873,-6.0126553,-6.2209873,-6.4293213,-6.6376553,-6.7418213,-6.8459873,-7.1584873,-7.5751553,-7.5751553,-7.9918213,-8.304321,-8.408487]},{"tokens":[0,1,2,3,4,5,7,6,11,8,10,9,12,13,14,15,16,20,21,17],"logprobs":[-0.57488805,-1.6165541,-1.8248881,-3.491554,-4.637388,-4.7415543,-4.8457203,-5.262388,-5.7832203,-6.3040543,-6.7207203,-6.7207203,-6.7207203,-7.2415543,-7.2415543,-7.3457203,-7.6582203,-8.179054,-8.387388,-8.387388]},{"tokens":[0,1,2,3,4,7,5,6,8,9,11,10,12,14,13,16,15,17,21,18],"logprobs":[-0.7442867,-1.4734546,-1.6817868,-3.1401207,-3.8692868,-4.598453,-4.7026205,-5.0151205,-5.7442865,-6.0567865,-6.2651205,-6.473453,-6.473453,-6.7859526,-7.0984526,-7.3067865,-7.515121,-7.8276205,-8.035953,-8.035953]}]}