{"seen_tokens":["It","Hello","I","您好","您","Could","The","看起来","你好","Sorry","您的","x","我","Your","好的","Please","你","You","What","**"],"seen_logprobs":[{"tokens":[0,1,2,3,4,5,6,7,8,9,10,11,12,13,14,15,16,17,18,19],"logprobs":[-0.49182138,-1.9501553,-1.9501553,-2.9918213,-4.2418213,-4.6584873,-4.7626553,-5.2834873,-6.0126553,-6.2209873,-6.4293213,-6.6376553,-6.7418213,-6.8459873,-7.1584873,-7.5751553,-7.5751553,-7.9918213,-8.304321,-8.408487]}]}