{"seen_tokens":["Hi",">","\"","Hello","I","H","*","You","The","-","J","S","A","M","He","Mark","It","**","G","In"],"seen_logprobs":[{"tokens":[0,1,2,3,4,5,6,7,8,9,10,11,12,13,14,15,16,17,18,19],"logprobs":[-1.2686952,-1.3311952,-2.9561954,-3.0811954,-3.1436954,-3.2061954,-3.7061954,-3.8311954,-4.3936954,-4.6436954,-4.7061954,-4.8936954,-4.9561954,-5.0186954,-5.2061954,-5.2686954,-5.3936954,-5.3936954,-5.5186954,-5.5186954]}]}