{"seen_tokens":["The","It","Hello","用户","This","I","Hi","You","\"","I'm","User","You've","How","Just","\"x","Looks","In","X","你好","A"],"seen_logprobs":[{"tokens":[0,1,2,3,4,5,6,7,8,9,10,11,12,13,14,15,16,17,18,19],"logprobs":[-0.0064860783,-5.256486,-7.943986,-8.193986,-8.381486,-8.943986,-10.256486,-10.318986,-10.506486,-11.131486,-11.193986,-11.318986,-11.443986,-11.506486,-11.693986,-12.131486,-12.193986,-12.318986,-12.443986,-12.568986]},{"tokens":[0,1,2,3,4,5,6,8,7,9,10,14,11,13,12,15,16,18,17,19],"logprobs":[-0.007200363,-5.1322002,-8.0072,-8.1322,-8.1947,-9.2572,-10.2572,-10.3197,-10.3822,-11.0072,-11.0697,-11.1947,-11.4447,-11.6322,-11.8197,-11.8822,-12.0072,-12.3197,-12.5072,-12.5072]}]}