{"seen_tokens":["Hello","Hi","It"," Hello","こんにちは","你好"],"seen_logprobs":[{"tokens":[0,1,2,3,4],"logprobs":[-0.0011722483,-6.751172,-13.251172,-15.126172,-17.876173]},{"tokens":[0,1,2,3,5],"logprobs":[-0.0019313742,-6.251931,-13.001931,-15.001931,-16.876932]}]}