{"seen_tokens":["Hello","Hi","It"," Hello","こんにちは"],"seen_logprobs":[{"tokens":[0,1,2,3,4],"logprobs":[-0.0011722483,-6.751172,-13.251172,-15.126172,-17.876173]}]}