{"seen_tokens":["<think>","\n\n\n","Hello","</think>","[e~[","#","\n"],"seen_logprobs":[{"tokens":[0,1,2,3,4],"logprobs":[-0.00062863,-7.8756285,-10.250628,-10.750628,-10.750628]},{"tokens":[0,1,4,2,3],"logprobs":[-0.00107945,-7.1260796,-10.37608,-10.37608,-10.87608]},{"tokens":[0,1,2,5,6],"logprobs":[-0.00064674,-7.8756466,-9.625647,-10.625647,-10.625647]}]}