{"seen_tokens":["Hello","Hi"," Hello","Hey",">Hello"],"seen_logprobs":[{"tokens":[0,1,2,3,4],"logprobs":[-0.000016762922,-11.000017,-17.750017,-22.250017,-24.125017]}]}