{"seen_tokens":["``","好的","x","I","我","What","1","Hello","是","Your","The","X","Please","题目","You","Yes","根据","这里","请","这个问题"],"seen_logprobs":[{"tokens":[0,1,2,3,4,5,6,7,8,9,10,11,12,13,14,15,16,17,18,19],"logprobs":[-4.972459,-2.0349586,-2.2224586,-2.7224586,-3.4724586,-3.6599586,-3.9099586,-3.9099586,-4.097459,-4.097459,-4.159959,-4.222459,-4.347459,-4.472459,-4.472459,-4.659959,-4.722459,-4.722459,-4.722459,-4.784959]}]}