{"seen_tokens":["Ċ","</think>","ĊĊ","1","Ġ","čĊ","Ex","I","Plan","The",".Ċ","ĠĊ",":Ċ","<think>","x","**Ċ","Ġin","Ġ\"","um","ĠPlan"],"seen_logprobs":[{"tokens":[0,1,2,3,4,5,6,7,8,9,10,11,12,13,14,15,16,17,18,19],"logprobs":[-0.00000381469,-12.546879,-15.515629,-17.507816,-19.664066,-19.703129,-20.156254,-20.273441,-20.351566,-20.500004,-20.648441,-20.734379,-20.757816,-20.804691,-20.820316,-20.867191,-20.898441,-20.898441,-20.929691,-21.007816]}]}