{"seen_tokens":["Hi","Hello","Hey"," Hi","H"," Hello","你好","hi",">Hello","Hola","Hallo","hello","How","Bonjour","I","HI","**","您好","Good","Hel"],"seen_logprobs":[{"tokens":[0,1,2,3,4,5,6,7,8,9,10,11,12,13,14,15,16,17,18,19],"logprobs":[-0.12693319,-2.126933,-12.501933,-15.376933,-15.376933,-15.501933,-16.126934,-16.251934,-16.251934,-16.376934,-16.626934,-16.626934,-16.626934,-17.126934,-17.251934,-17.251934,-18.001934,-18.126934,-18.189434,-18.626934]}]}