{"seen_tokens":["Hi","Hello","Hey"," Hi","H"," Hello","你好","hi",">Hello","Hola","Hallo","hello","How","Bonjour","I","HI","**","您好","Good","Hel","Hell","1","*","This"],"seen_logprobs":[{"tokens":[0,1,2,3,4,5,6,7,8,9,10,11,12,13,14,15,16,17,18,19],"logprobs":[-0.12693319,-2.126933,-12.501933,-15.376933,-15.376933,-15.501933,-16.126934,-16.251934,-16.251934,-16.376934,-16.626934,-16.626934,-16.626934,-17.126934,-17.251934,-17.251934,-18.001934,-18.126934,-18.189434,-18.626934]},{"tokens":[0,1,2,4,12,9,15,3,5,11,7,14,13,10,6,8,19,18,20,21],"logprobs":[-0.126948,-2.1269479,-11.001948,-13.751948,-14.876948,-15.001948,-15.251948,-15.501948,-15.501948,-15.626948,-15.626948,-15.876948,-16.376947,-16.501947,-16.626947,-16.876947,-17.376947,-17.626947,-17.626947,-18.314447]},{"tokens":[0,1,2,3,12,4,6,5,15,14,7,13,9,8,11,16,17,22,10,23],"logprobs":[-0.026304163,-3.6513042,-13.276304,-13.526304,-15.526304,-15.526304,-15.901304,-16.276304,-16.526304,-16.651304,-16.776304,-17.026304,-17.151304,-17.401304,-17.713804,-18.026304,-18.088804,-18.151304,-18.401304,-18.526304]}]}