{"seen_tokens":["<think>","</think>","<|im_start|>","Okay","<tool_response>","<tool_call>","<|im_end|>","_iface","$$","_ok","å¤§èĦĳ","okay","æĢĿèĢĥ","brain","à¹Ģà¸¨à¸£à¸©","åĹ¯","th","ĠPoison","à¸Ńà¸³à¸Ļà¸§à¸¢à¸Ħà¸§à¸²à¸¡","èĦĳ","大脑","嗯"," Poison","思考","เศรษ","อำนวยความ","脑"],"seen_logprobs":[{"tokens":[0,1,2,3,4,5,6,7,8,9,10,11,12,13,14,15,16,17,18,19],"logprobs":[-4.7683704e-7,-15.125,-16.75,-16.8125,-18.0,-18.4375,-18.625,-19.25,-19.25,-19.75,-19.875,-19.9375,-20.125,-20.125,-20.25,-20.25,-20.3125,-20.375,-20.375,-20.4375]},{"tokens":[0,1,2,3,4,5,6,7,8,9,10,11,13,15,12,14,16,19,18,17],"logprobs":[-4.7683704e-7,-15.125,-16.6875,-16.8125,-18.0625,-18.4375,-18.625,-19.1875,-19.3125,-19.625,-19.8125,-19.9375,-20.0,-20.125,-20.1875,-20.25,-20.25,-20.375,-20.375,-20.4375]},{"tokens":[0,1,2,3,4,5,6,8,7,9,11,20,13,21,16,22,23,24,25,26],"logprobs":[-4.7683704e-7,-15.125,-16.6875,-16.8125,-18.0625,-18.5,-18.625,-19.1875,-19.3125,-19.625,-19.875,-19.875,-20.0625,-20.125,-20.25,-20.25,-20.25,-20.25,-20.3125,-20.3125]}]}