{"seen_tokens":["Hello","Hi"," Hello","Hey","Good","Greetings","How","\n","hello","\n\n","Welcome",",","!"," \n\n","."," \n"," ","​","-","  "],"seen_logprobs":[{"tokens":[0,1,2,3,4,5,6,7,8,9,10,11,12,13,14,15,16,17,18,19],"logprobs":[-0.00066168414,-7.736948,-8.857679,-9.8609085,-11.70237,-12.015686,-12.478069,-12.693291,-12.875069,-13.624657,-13.759529,-14.363766,-14.550167,-14.872322,-14.937691,-15.050558,-15.1105385,-15.30443,-15.501631,-15.710676]}]}