{"seen_tokens":["Hello","How","It","Hi","Could","Hey","Is","What","Can","Looks","Seems","\n","Greetings","Would","Yes"," Hello","I'm","Good","\"","What's","Sure","Certainly"],"seen_logprobs":[{"tokens":[0,1,2,3,4,5,6,7,8,9,10,11,12,13,14,15,16,17,18,19],"logprobs":[-0.049601924,-3.799602,-4.049602,-4.799602,-8.549602,-9.799602,-9.799602,-10.549602,-11.799602,-12.299602,-13.049602,-14.299602,-14.299602,-14.674602,-14.674602,-14.924602,-14.924602,-14.924602,-15.549602,-15.674602]},{"tokens":[0,1,3,2,4,5,7,6,8,9,10,12,20,13,14,17,16,21,15,18],"logprobs":[-0.09293766,-3.0929377,-3.8429377,-3.8429377,-8.092937,-9.342937,-9.592937,-10.342937,-11.342937,-12.092937,-12.967937,-13.717937,-14.092937,-14.342937,-14.592937,-14.717937,-14.967937,-15.092937,-15.217937,-15.217937]}]}