{"seen_tokens":["Hi","Hello","你好","","嗨","您好","好的","Hey","How","H"," Hello","大家好","hello","打招呼","Hell","What"," Hi","!","He","你","哈","嘿","こ","喂","I","Ol","X"],"seen_logprobs":[{"tokens":[0,1,2,3,4,5,6,7,8,9,10,11,12,13,14,15,16,17,18,19],"logprobs":[-2.8349023,-0.5849023,-0.9599023,-8.459902,-8.584902,-8.959902,-8.959902,-9.209902,-9.584902,-9.709902,-10.584902,-10.584902,-10.834902,-10.834902,-11.084902,-11.459902,-11.459902,-11.709902,-11.709902,-11.834902]},{"tokens":[2,1,0,4,3,6,7,13,8,9,5,12,20,10,21,11,22,23,24,17],"logprobs":[-1.1622609,-0.4122609,-3.787261,-7.287261,-7.537261,-8.662261,-8.787261,-8.912261,-9.037261,-9.412261,-9.662261,-10.162261,-10.537261,-10.537261,-10.787261,-10.912261,-10.912261,-11.037261,-11.037261,-11.162261]},{"tokens":[1,2,0,3,5,8,9,7,6,4,14,11,12,10,18,25,13,26,15,24],"logprobs":[-0.20847164,-1.9584717,-3.0834715,-7.958472,-8.708471,-8.708471,-9.458471,-9.458471,-9.458471,-10.083471,-10.333471,-10.458471,-10.833471,-10.958471,-11.083471,-11.083471,-11.208471,-11.208471,-11.583471,-11.583471]}]}