{"seen_tokens":["Hi","Hello","你好","","嗨","您好","好的","Hey","How","H"," Hello","大家好","hello","打招呼","Hell","What"," Hi","!","He","你"],"seen_logprobs":[{"tokens":[0,1,2,3,4,5,6,7,8,9,10,11,12,13,14,15,16,17,18,19],"logprobs":[-2.8349023,-0.5849023,-0.9599023,-8.459902,-8.584902,-8.959902,-8.959902,-9.209902,-9.584902,-9.709902,-10.584902,-10.584902,-10.834902,-10.834902,-11.084902,-11.459902,-11.459902,-11.709902,-11.709902,-11.834902]}]}