{"seen_tokens":["It","x","You","I'm","X","y","<|python_start|>","The","A","I","You're","I'd","##","Your","To","There","That's","(x","No","24","Let's","You've"],"seen_logprobs":[{"tokens":[0,1,2,3,4,5,6,7,8,9,10,11,12,13,14,15,16,17,18,19],"logprobs":[-0.06635602,-3.816356,-4.816356,-5.191356,-5.566356,-5.691356,-5.816356,-5.941356,-5.941356,-6.191356,-6.441356,-6.691356,-6.691356,-7.316356,-7.441356,-7.691356,-7.691356,-7.816356,-8.066356,-8.066356]},{"tokens":[0,1,2,3,6,8,5,9,4,7,11,10,12,15,13,16,18,14,17,20],"logprobs":[-0.03941483,-4.539415,-5.414415,-5.539415,-5.789415,-5.914415,-6.289415,-6.289415,-6.289415,-6.414415,-6.914415,-7.289415,-7.789415,-7.914415,-7.914415,-8.164414,-8.164414,-8.289414,-8.289414,-8.414414]},{"tokens":[0,1,2,3,6,5,8,4,9,7,10,11,12,15,13,14,18,17,16,21],"logprobs":[-0.05847992,-4.05848,-4.93348,-5.30848,-5.55848,-5.68348,-5.68348,-5.80848,-6.05848,-6.05848,-6.80848,-6.80848,-7.43348,-7.55848,-7.55848,-7.80848,-7.80848,-7.93348,-7.93348,-8.05848]},{"tokens":[0,1,2,3,4,6,8,5,7,9,10,11,12,13,14,15,16,17,18,20],"logprobs":[-0.050007924,-4.175008,-5.050008,-5.425008,-5.800008,-5.925008,-6.050008,-6.050008,-6.175008,-6.425008,-6.800008,-6.800008,-7.050008,-7.675008,-7.800008,-7.925008,-7.925008,-8.050008,-8.300008,-8.300008]}]}