{"seen_tokens":["It","x","You","I'm","X","y","<|python_start|>","The","A","I","You're","I'd","##","Your","To","There","That's","(x","No","24","Let's"],"seen_logprobs":[{"tokens":[0,1,2,3,4,5,6,7,8,9,10,11,12,13,14,15,16,17,18,19],"logprobs":[-0.06635602,-3.816356,-4.816356,-5.191356,-5.566356,-5.691356,-5.816356,-5.941356,-5.941356,-6.191356,-6.441356,-6.691356,-6.691356,-7.316356,-7.441356,-7.691356,-7.691356,-7.816356,-8.066356,-8.066356]},{"tokens":[0,1,2,3,6,8,5,9,4,7,11,10,12,15,13,16,18,14,17,20],"logprobs":[-0.03941483,-4.539415,-5.414415,-5.539415,-5.789415,-5.914415,-6.289415,-6.289415,-6.289415,-6.414415,-6.914415,-7.289415,-7.789415,-7.914415,-7.914415,-8.164414,-8.164414,-8.289414,-8.289414,-8.414414]}]}