{"seen_tokens":["It","You","I","That","X","Your","The","x","Unfortunately","What","Just","A","However","To","Hello","it","Hi","This","How","a"],"seen_logprobs":[{"tokens":[0,1,2,3,4,5,6,7,8,9,10,11,12,13,14,15,16,17,18,19],"logprobs":[-0.050324585,-4.1532774,-4.323739,-4.9038687,-5.7160463,-6.195491,-6.6343355,-6.663165,-6.971669,-7.4706564,-7.5705175,-7.9913836,-8.1535635,-8.362245,-8.618172,-8.855893,-9.197627,-9.207365,-9.53835,-9.754397]}]}