{"seen_tokens":["It","x","You","I'm","X","<|python_start|>","y","A","The","I","You're","I'd","##","Your","To","There","That's","(x","Let's","No"],"seen_logprobs":[{"tokens":[0,1,2,3,4,5,6,7,8,9,10,11,12,13,14,15,16,17,18,19],"logprobs":[-0.050007924,-4.175008,-5.050008,-5.425008,-5.800008,-5.925008,-6.050008,-6.050008,-6.175008,-6.425008,-6.800008,-6.800008,-7.050008,-7.675008,-7.800008,-7.925008,-7.925008,-8.050008,-8.300008,-8.300008]}]}