{"seen_tokens":["Hello","Hi","Hey","你好","hello","Him","Hallo","He"],"seen_logprobs":[{"tokens":[0,1,2,3,4,5,6,7],"logprobs":[-0.02658651,-3.6515863,-8.651587,-11.964087,-12.214087,-12.214087,-12.276587,-12.276587]}]}