{"seen_tokens":["Hello","Hi","Hey","你好","hello","Him","Hallo","He","About","H","High","Full","<"],"seen_logprobs":[{"tokens":[0,1,2,3,4,5,6,7],"logprobs":[-0.02658651,-3.6515863,-8.651587,-11.964087,-12.214087,-12.214087,-12.276587,-12.276587]},{"tokens":[1,0,2,8,9,5,6,3],"logprobs":[-0.08976322,-2.4647632,-7.339763,-10.527263,-10.902263,-11.089763,-11.839763,-12.027263]},{"tokens":[1,0,2,5,10,9,11,12],"logprobs":[-0.04887527,-3.048875,-8.423875,-11.673875,-12.236375,-12.673875,-12.798875,-12.798875]}]}