{"seen_tokens":["Hi","Hello","It","I","H","Nice","hi","**","Welcome","","How","Hey","HI","Please","hello","你好","#","Got","Great"],"seen_logprobs":[{"tokens":[0,1,2,3,4,5,6,7,8,9,10,11,12,13,14,9,15,16,17,18],"logprobs":[-0.38999397,-1.1399939,-8.139994,-8.139994,-8.139994,-8.389994,-8.389994,-8.389994,-8.514994,-8.639994,-8.764994,-9.139994,-9.514994,-9.764994,-10.014994,-10.014994,-10.014994,-10.139994,-10.139994,-10.514994]}]}