{"seen_tokens":["<think>","</think>","<|im_start|>","Okay","<tool_response>","<tool_call>","<|im_end|>","$$","æĢĿèĢĥ","_iface","èĦĳ","å¤§èĦĳ","_ok","brain","_marshaled","åĹ¯","thought","okay","à¹Ģà¸¨à¸£à¸©","à¹ģà¸ªà¸Ķ"],"seen_logprobs":[{"tokens":[0,1,2,3,4,5,6,7,8,9,10,11,12,13,14,15,16,17,18,19],"logprobs":[-7.152555e-7,-15.000001,-16.4375,-17.125,-17.75,-18.0625,-18.3125,-18.5,-18.9375,-19.25,-19.3125,-19.375,-19.4375,-19.75,-19.875,-20.125,-20.125,-20.3125,-20.3125,-20.4375]}]}