{"seen_tokens":["I","Hello","*","The","x","It","X","Hi","You","Here","To","What","Hmm","*I","*x","In","Okay","Yes","Thank","If"],"seen_logprobs":[{"tokens":[0,1,2,3,4,5,6,7,8,9,10,11,12,13,14,15,16,17,18,19],"logprobs":[-0.03465533,-3.6909053,-5.753405,-5.95653,-7.284655,-7.347155,-7.565905,-8.065906,-8.550281,-8.659656,-9.003406,-9.097156,-9.425281,-9.534656,-9.597156,-9.675281,-9.894031,-10.159656,-10.237781,-10.964343]},{"tokens":[0,1,2,3,4,5,7,6,9,11,10,8,13,14,15,12,16,18,17,19],"logprobs":[-0.022908092,-3.9916582,-6.569783,-6.960408,-7.538533,-8.366658,-8.429158,-8.679158,-9.194783,-9.366658,-9.444783,-9.507283,-9.929158,-10.054158,-10.101033,-10.413533,-10.413533,-10.749471,-10.843221,-11.335408]}]}