{"seen_tokens":["Ċ","</think>","ĊĊ","1","Ġ","čĊ","Ex","I","Plan","The",".Ċ","ĠĊ",":Ċ","<think>","x","**Ċ","Ġ\"","Ġin","um","ĠPlan"],"seen_logprobs":[{"tokens":[0,1,2,3,4,5,6,7,8,9,10,11,12,13,14,15,16,17,18,19],"logprobs":[-0.00000381469,-12.546879,-15.507816,-17.507816,-19.664066,-19.703129,-20.156254,-20.265629,-20.343754,-20.492191,-20.640629,-20.726566,-20.757816,-20.796879,-20.820316,-20.859379,-20.890629,-20.898441,-20.929691,-21.007816]},{"tokens":[0,1,2,3,4,5,6,7,8,9,10,11,13,12,14,17,16,15,18,19],"logprobs":[-0.0000040531077,-12.484379,-15.484379,-17.468754,-19.625004,-19.695316,-20.132816,-20.242191,-20.328129,-20.476566,-20.648441,-20.718754,-20.757816,-20.765629,-20.796879,-20.859379,-20.859379,-20.875004,-20.914066,-20.992191]},{"tokens":[0,1,2,3,4,5,6,7,8,9,10,11,13,12,14,17,16,15,18,19],"logprobs":[-0.0000040531077,-12.484379,-15.476566,-17.476566,-19.617191,-19.687504,-20.132816,-20.250004,-20.320316,-20.476566,-20.640629,-20.710941,-20.757816,-20.757816,-20.804691,-20.851566,-20.859379,-20.867191,-20.914066,-20.976566]}]}