{"seen_tokens":["Ċ","</think>","ĊĊ","1","Ġ","čĊ","Ex","I","Plan","The",".Ċ","ĠĊ",":Ċ","<think>","x","**Ċ","Ġ\"","Ġin","um","ĠPlan"],"seen_logprobs":[{"tokens":[0,1,2,3,4,5,6,7,8,9,10,11,12,13,14,15,16,17,18,19],"logprobs":[-0.00000381469,-12.546879,-15.507816,-17.507816,-19.664066,-19.703129,-20.156254,-20.265629,-20.343754,-20.492191,-20.640629,-20.726566,-20.757816,-20.796879,-20.820316,-20.859379,-20.890629,-20.898441,-20.929691,-21.007816]}]}