{"seen_tokens":["Hello","Hi","Hey"," Hello","Good","**","\n","hello","Hell","Greetings"," Hi","Howdy","Hola","Well",">Hello","​","﻿","How","\n\n","-"],"seen_logprobs":[{"tokens":[0,1,2,3,4,5,6,7,8,9,10,11,12,13,14,15,16,17,18,19],"logprobs":[-0.0063138735,-5.068814,-12.443814,-15.803189,-17.865688,-18.990688,-19.506313,-19.787563,-20.037563,-20.334438,-20.740688,-20.850063,-21.428188,-21.928188,-22.209438,-22.521938,-22.771938,-22.850063,-22.943813,-23.146938]}]}