{"seen_tokens":["Hello","Hi","Hey"," Hello","Good","**","\n","hello","Hell","Greetings"," Hi","Howdy","Hola","Well",">Hello","​","﻿","How","\n\n","-","Hallo"],"seen_logprobs":[{"tokens":[0,1,2,3,4,5,6,7,8,9,10,11,12,13,14,15,16,17,18,19],"logprobs":[-0.0063138735,-5.068814,-12.443814,-15.803189,-17.865688,-18.990688,-19.506313,-19.787563,-20.037563,-20.334438,-20.740688,-20.850063,-21.428188,-21.928188,-22.209438,-22.521938,-22.771938,-22.850063,-22.943813,-23.146938]},{"tokens":[0,1,2,3,4,5,7,6,8,9,11,10,12,14,13,18,15,20,17,16],"logprobs":[-0.0052384986,-5.2552385,-12.317739,-15.864614,-16.630238,-19.380238,-19.614613,-19.614613,-19.833363,-20.270863,-20.364613,-20.989613,-21.052113,-21.973988,-22.208363,-22.364613,-22.442738,-22.708363,-22.739613,-22.848988]}]}