{"seen_tokens":["Hello","Hi","Hey","How","你好","hello","您好",">Hello","H"," Hello","hi","Yo","HI","A","**","<tool_call>","Hola","Hel","That","The"],"seen_logprobs":[{"tokens":[0,1,2,3,4,5,6,7,8,9,10,11,12,13,14,15,16,17,18,19],"logprobs":[-0.20291653,-1.7029165,-7.2029166,-8.327916,-8.827916,-9.890416,-11.077916,-11.077916,-11.202916,-11.265416,-11.327916,-11.640416,-11.765416,-11.952916,-11.952916,-12.015416,-12.015416,-12.015416,-12.077916,-12.077916]},{"tokens":[1,0,2,3,4,5,6,7,8,9,10,11,12,13,14,15,16,17,18,19],"logprobs":[-1.7029165,-0.20291653,-7.2029166,-8.327916,-8.827916,-9.890416,-11.077916,-11.077916,-11.202916,-11.265416,-11.327916,-11.640416,-11.765416,-11.952916,-11.952916,-12.015416,-12.015416,-12.015416,-12.077916,-12.077916]}]}