{"seen_tokens":["Hello","Hi","Hey","How","你好","hello","您好",">Hello","H"," Hello","hi","Yo","HI","A","**","<tool_call>","Hola","Hel","That","The","Greetings"],"seen_logprobs":[{"tokens":[0,1,2,3,4,5,6,7,8,9,10,11,12,13,14,15,16,17,18,19],"logprobs":[-0.20291653,-1.7029165,-7.2029166,-8.327916,-8.827916,-9.890416,-11.077916,-11.077916,-11.202916,-11.265416,-11.327916,-11.640416,-11.765416,-11.952916,-11.952916,-12.015416,-12.015416,-12.015416,-12.077916,-12.077916]},{"tokens":[1,0,2,3,4,5,6,7,8,9,10,11,12,13,14,15,16,17,18,19],"logprobs":[-1.7029165,-0.20291653,-7.2029166,-8.327916,-8.827916,-9.890416,-11.077916,-11.077916,-11.202916,-11.265416,-11.327916,-11.640416,-11.765416,-11.952916,-11.952916,-12.015416,-12.015416,-12.015416,-12.077916,-12.077916]},{"tokens":[1,0,2,3,4,5,6,7,8,9,10,11,12,14,13,16,15,20,19,17],"logprobs":[-1.7028234,-0.2028234,-7.3278236,-8.327824,-8.827824,-9.890324,-11.077824,-11.140324,-11.265324,-11.265324,-11.327824,-11.640324,-11.765324,-11.952824,-11.952824,-12.015324,-12.077824,-12.077824,-12.077824,-12.077824]}]}