{"seen_tokens":["It","Hello","The","To","I"],"seen_logprobs":[{"tokens":[0,1,2,3,4],"logprobs":[-0.24322727,-1.9932272,-3.8682272,-4.2432275,-4.4932275]}]}