{"seen_tokens":["It","You","I","That","X","Your","x","The","Unfortunately","What","To","However","A","How","This","Just","Hello","Hi","Since","it"],"seen_logprobs":[{"tokens":[0,1,2,3,4,5,6,7,8,9,10,11,12,13,14,15,16,17,18,19],"logprobs":[-0.028048305,-4.5280485,-4.6530485,-6.6530485,-6.7780485,-6.7780485,-7.0280485,-7.0280485,-7.4030485,-8.2780485,-8.7780485,-8.9030485,-9.5905485,-9.7780485,-9.9030485,-9.9030485,-10.1530485,-10.3405485,-10.4030485,-10.6530485]},{"tokens":[0,2,1,3,4,5,6,7,8,9,10,11,12,13,14,15,16,17,18,19],"logprobs":[-0.028049117,-4.528049,-4.653049,-6.653049,-6.778049,-6.778049,-7.028049,-7.028049,-7.403049,-8.278049,-8.778049,-8.903049,-9.590549,-9.778049,-9.903049,-9.903049,-10.153049,-10.340549,-10.403049,-10.590549]}]}