{"seen_tokens":["Hello","ĠHello","Hi","Bon","Hey","Ċ","ĠHi","Â¡","How","ð","hello","ĠHey","ĠBon","Ġhello","What","I","ĊĊ","Sal","Good","G"],"seen_logprobs":[{"tokens":[0,1,2,3,4,5,6,7,8,9,10,11,12,13,14,15,16,17,18,19],"logprobs":[-0.030513844,-4.218014,-5.405514,-6.030514,-6.155514,-7.093014,-7.218014,-7.593014,-7.655514,-7.968014,-8.343014,-8.405514,-8.405514,-8.468014,-8.593014,-8.655514,-8.905514,-8.905514,-9.405514,-9.655514]}]}