{"seen_tokens":["Hello","It","Hi","How","Hey"],"seen_logprobs":[{"tokens":[0,1,2,3,4],"logprobs":[-0.01514076,-4.5151405,-5.7651405,-7.5151405,-8.765141]},{"tokens":[0,2,1,3,4],"logprobs":[-0.011677084,-5.0116773,-5.7616773,-6.7616773,-8.011677]}]}