{"seen_tokens":["Hello","It","Hi","How","Hey"],"seen_logprobs":[{"tokens":[0,1,2,3,4],"logprobs":[-0.01514076,-4.5151405,-5.7651405,-7.5151405,-8.765141]}]}