{"seen_tokens":["It","I","That","You","Your","The","x","To","X","Unfortunately","However","If","What","This","Hello","A","Please","Hi","Just","There"],"seen_logprobs":[{"tokens":[0,1,2,3,4,5,6,7,8,9,10,11,12,13,14,15,16,17,18,19],"logprobs":[-0.6100418,-1.7350419,-2.6100419,-3.2350419,-3.7975419,-4.1100416,-4.5475416,-4.6725416,-4.8600416,-4.9850416,-5.1100416,-5.2350416,-5.2350416,-5.5475416,-5.7975416,-5.7975416,-5.9225416,-6.2350416,-6.2975416,-6.3600416]},{"tokens":[0,1,2,3,4,5,6,7,8,9,10,12,11,13,15,14,16,17,18,19],"logprobs":[-0.63250226,-1.7575023,-2.5075023,-3.1325023,-3.7575023,-4.070002,-4.445002,-4.632502,-4.882502,-4.945002,-5.132502,-5.195002,-5.257502,-5.570002,-5.757502,-5.820002,-5.882502,-6.070002,-6.320002,-6.382502]}]}