{"seen_tokens":["It","I","That","This","Unfortunately","You","There","Not","Could","Your","A","However","Is","To","Nothing","Too","More","But"," It","Can"],"seen_logprobs":[{"tokens":[0,1,2,3,4,5,6,7,8,9,10,11,12,13,14,15,16,17,18,19],"logprobs":[-0.032886922,-4.189137,-5.423512,-5.673512,-6.298512,-6.361012,-6.407887,-6.579762,-7.345387,-7.673512,-7.861012,-8.368824,-8.618824,-8.650074,-9.0953865,-9.3453865,-9.5641365,-10.1735115,-10.2828865,-10.2828865]},{"tokens":[0,1,3,2,6,4,7,5,8,9,10,12,11,14,15,13,18,16,19,17],"logprobs":[-0.024006173,-4.4927564,-5.7115064,-5.9615064,-6.4927564,-6.5708814,-6.6958814,-7.0240064,-7.8833814,-8.336506,-8.531818,-9.055256,-9.055256,-9.367756,-9.399006,-9.547443,-10.078693,-10.195881,-10.578693,-10.586506]},{"tokens":[0,1,3,2,6,4,7,5,8,9,10,11,12,15,13,14,16,18,17,19],"logprobs":[-0.031512707,-4.1721377,-5.4690127,-5.9221377,-6.1096377,-6.2971377,-6.5002627,-6.7502627,-7.8440127,-8.094012,-8.320575,-8.750262,-8.844012,-9.031512,-9.039325,-9.258075,-9.672137,-10.140887,-10.24245,-10.500262]}]}