{"seen_tokens":["It","I","That","This","Unfortunately","You","There","Not","Could","Your","A","However","Is","To","Nothing","Too","More","But"," It","Can"],"seen_logprobs":[{"tokens":[0,1,2,3,4,5,6,7,8,9,10,11,12,13,14,15,16,17,18,19],"logprobs":[-0.032886922,-4.189137,-5.423512,-5.673512,-6.298512,-6.361012,-6.407887,-6.579762,-7.345387,-7.673512,-7.861012,-8.368824,-8.618824,-8.650074,-9.0953865,-9.3453865,-9.5641365,-10.1735115,-10.2828865,-10.2828865]}]}