{"seen_tokens":["Hello","Hi"," Hello","Hey","Good","\n","Greetings","hello","\n\n","Welcome",",","How"," \n\n","!","."," \n"," ","​","-","  "],"seen_logprobs":[{"tokens":[0,1,2,3,4,5,6,7,8,9,10,11,12,13,14,15,16,17,18,19],"logprobs":[-0.0006242762,-7.8844457,-8.519904,-10.677939,-11.6281805,-12.5305605,-12.552911,-13.091264,-13.267314,-14.367152,-14.436957,-14.469922,-14.588735,-14.79639,-14.93562,-14.968411,-15.281079,-15.420621,-15.535342,-15.851911]}]}