{"seen_tokens":["Hello","Hi"," Hello","Hey","Good","\n","Greetings","hello","\n\n","Welcome",",","How"," \n\n","!","."," \n"," ","​","-","  "],"seen_logprobs":[{"tokens":[0,1,2,3,4,5,6,7,8,9,10,11,12,13,14,15,16,17,18,19],"logprobs":[-0.0006242762,-7.8844457,-8.519904,-10.677939,-11.6281805,-12.5305605,-12.552911,-13.091264,-13.267314,-14.367152,-14.436957,-14.469922,-14.588735,-14.79639,-14.93562,-14.968411,-15.281079,-15.420621,-15.535342,-15.851911]},{"tokens":[0,1,2,3,4,6,5,7,11,8,9,10,13,12,16,17,14,18,15,19],"logprobs":[-0.0006595385,-7.736551,-8.735302,-10.071754,-12.113379,-12.445955,-13.024328,-13.044804,-13.704058,-14.014885,-14.652117,-14.809967,-15.132601,-15.208357,-15.295765,-15.363436,-15.368519,-15.426462,-15.4308605,-15.861399]},{"tokens":[0,1,2,3,4,6,11,5,7,8,9,10,13,12,14,15,16,17,18,19],"logprobs":[-0.00066168414,-7.736948,-8.857679,-9.8609085,-11.70237,-12.015686,-12.478069,-12.693291,-12.875069,-13.624657,-13.759529,-14.363766,-14.550167,-14.872322,-14.937691,-15.050558,-15.1105385,-15.30443,-15.501631,-15.710676]},{"tokens":[0,1,2,3,4,6,5,7,11,8,9,10,12,13,16,18,15,14,17,19],"logprobs":[-0.000614386,-7.7670307,-9.020411,-9.958319,-11.78928,-12.522417,-12.70822,-13.088619,-13.390215,-13.952702,-14.360498,-14.692755,-15.15028,-15.179007,-15.369968,-15.451433,-15.54262,-15.650881,-15.675888,-16.028337]}]}