{"seen_tokens":["Hello","It","Hi","Hey","You","How","您好","你好","hello","I","Hallo","x","Could","The","What","Please"," Hello","Sure","こんにちは","Hola"],"seen_logprobs":[{"tokens":[0,1,2,3,4,5,6,7,8,9,10,11,12,13,14,15,16,17,18,19],"logprobs":[-0.04558746,-3.1705875,-6.3112125,-8.733088,-8.795588,-9.217463,-9.529963,-9.811213,-9.858088,-10.217463,-10.701838,-10.779963,-11.045588,-11.311213,-11.498713,-11.795588,-12.092463,-12.092463,-12.186213,-12.311213]}]}