{"seen_tokens":["Hello","It","Hi","您好","I","你好","Hey","The","看起来","Could","x","Sure"," Hello","Sorry","它","Your","HI","こんにちは","hello","Thank","X"],"seen_logprobs":[{"tokens":[0,1,2,3,4,5,6,7,8,9,10,11,12,13,14,15,16,17,18,19],"logprobs":[-0.25235465,-1.5023546,-7.8773546,-10.627355,-11.377355,-12.627355,-12.752355,-13.877355,-14.252355,-14.252355,-14.877355,-15.002355,-15.127355,-15.252355,-15.502355,-16.127356,-16.377354,-16.502356,-16.752356,-17.002356]},{"tokens":[0,1,2,3,4,5,6,7,9,10,8,12,11,13,14,16,15,18,17,20],"logprobs":[-0.10058828,-2.3505883,-7.9755883,-10.725589,-11.850589,-12.475588,-13.225588,-14.350588,-14.725589,-14.850588,-14.850588,-14.975588,-15.100588,-15.600588,-15.850588,-16.350588,-16.475588,-16.475588,-16.600588,-17.350588]}]}