{"seen_tokens":[" I"," Hello"," It"," Hey"," Hi"," You"," What"," He"," Q"," How"," "," C"," Are"," hello"," X"," !"," Is","Hi"," Based"," H"],"seen_logprobs":[{"tokens":[0,1,2,3,4,5,6,7,8,9,10,11,12,13,14,15,16,17,18,19],"logprobs":[-1.1931025,-0.44310248,-3.9431024,-4.3181024,-4.3181024,-6.1931024,-6.5056024,-6.6931024,-7.1306024,-8.005603,-8.255603,-8.443103,-8.568103,-8.630603,-9.068103,-9.130603,-9.505603,-9.568103,-9.630603,-9.630603]}]}