{"seen_tokens":["The","Let","Okay","Alright","1","Considering"],"seen_logprobs":[{"tokens":[0,1,2,3,4],"logprobs":[-0.6611395,-1.4111395,-1.6611395,-4.1611395,-4.9736395]},{"tokens":[1,0,2,5,4],"logprobs":[-0.6932601,-1.3182601,-2.4432602,-2.5682602,-3.7557602]},{"tokens":[2,1,0,5,3],"logprobs":[-0.7317399,-1.2317399,-1.9817399,-3.23174,-3.23174]}]}