{"seen_tokens":["The","Let","Okay","Alright","1"],"seen_logprobs":[{"tokens":[0,1,2,3,4],"logprobs":[-0.6611395,-1.4111395,-1.6611395,-4.1611395,-4.9736395]}]}