{"seen_tokens":["The","A","Just","用户","This"],"seen_logprobs":[{"tokens":[0,1,2,3,4],"logprobs":[-0.00955662,-5.259557,-6.384557,-7.259557,-7.884557]}]}