{"seen_tokens":["The","A","Just","用户","This","Hello"],"seen_logprobs":[{"tokens":[0,1,2,3,4],"logprobs":[-0.00955662,-5.259557,-6.384557,-7.259557,-7.884557]},{"tokens":[0,2,1,5,4],"logprobs":[-0.00605226,-6.2560525,-6.2560525,-7.5060525,-8.006052]}]}