{"seen_tokens":["Hello","Hi","Hey","\n"," Hello","Good","Greetings","How","hello","Hell","Howdy","**",">Hello","Hola","Hallo","Welcome","\n\n"," ","Well","﻿"],"seen_logprobs":[{"tokens":[0,1,2,3,4,5,6,7,8,9,10,11,12,13,14,15,16,17,18,19],"logprobs":[-0.00022845028,-8.500229,-11.125229,-12.500229,-12.750229,-13.250229,-14.375229,-14.500229,-15.500229,-16.250229,-16.250229,-16.750229,-17.125229,-17.250229,-17.250229,-17.375229,-17.875229,-18.125229,-18.250229,-18.500229]},{"tokens":[0,1,2,3,4,5,6,7,8,9,10,11,12,13,14,15,16,17,18,19],"logprobs":[-0.00022845028,-8.500229,-11.125229,-12.500229,-12.750229,-13.250229,-14.375229,-14.500229,-15.500229,-16.250229,-16.250229,-16.750229,-17.125229,-17.250229,-17.250229,-17.375229,-17.875229,-18.000229,-18.250229,-18.500229]}]}