{"seen_tokens":["Hi","It","Hey","Hello","You","Could","Got","You've","Looks","I","Just","I'm","hi","**","x","Thanks","\"","你好","X",""],"seen_logprobs":[{"tokens":[0,1,2,3,4,5,6,7,8,9,10,11,12,13,14,15,16,17,18,19],"logprobs":[-0.044679407,-3.9196794,-4.1696796,-5.6696796,-7.2946796,-7.4196796,-7.4821796,-7.6071796,-7.6696796,-8.16968,-8.48218,-8.79468,-9.04468,-9.04468,-9.10718,-9.23218,-9.35718,-9.41968,-9.73218,-9.79468]}]}