{"seen_tokens":["Hello","It","Hi","How","Hey"],"seen_logprobs":[{"tokens":[0,1,2,3,4],"logprobs":[-0.25313815,-2.003138,-2.503138,-5.628138,-6.378138]},{"tokens":[0,1,2,3,4],"logprobs":[-0.21917063,-1.9691706,-2.9691706,-5.8441706,-6.4691706]}]}