{"seen_tokens":[" there","!",",","there","！","那里","!\n\n"," There"," ther"," هناك"," I"," THERE","."," "," how","!I"," !","ya","!\n"," here","</think>"," The","1"," \n\n"," A","<tool_call>"," \n"," Let"," Since","</arg_value>"," This","2","The","```","用户","0","👋"," greeting"],"seen_logprobs":[{"tokens":[0,1,2,3,4,5,6,7,8,9,10,11,12,13,14,15,16,17,18,19],"logprobs":[-0.005235414,-5.255235,-14.505236,-14.755236,-15.130236,-16.567736,-16.630236,-16.692736,-17.255236,-17.505236,-17.630236,-17.755236,-17.880236,-18.005236,-18.067736,-18.317736,-18.317736,-18.317736,-18.380236,-18.755236]},{"tokens":[20,21,13,10,22,23,24,25,26,27,28,29,30,31,32,33,34,35,36,37],"logprobs":[-0.060592864,-3.310593,-4.0605927,-6.0605927,-6.6855927,-8.685593,-8.748093,-9.310593,-9.310593,-9.560593,-9.685593,-9.935593,-10.123093,-10.435593,-10.498093,-10.623093,-10.685593,-10.873093,-11.060593,-11.185593]}]}