{"seen_tokens":[" there","!",",","there","！","那里","!\n\n"," There"," ther"," هناك"," I"," THERE","."," "," how","!I"," !","ya","!\n"," here"],"seen_logprobs":[{"tokens":[0,1,2,3,4,5,6,7,8,9,10,11,12,13,14,15,16,17,18,19],"logprobs":[-0.005235414,-5.255235,-14.505236,-14.755236,-15.130236,-16.567736,-16.630236,-16.692736,-17.255236,-17.505236,-17.630236,-17.755236,-17.880236,-18.005236,-18.067736,-18.317736,-18.317736,-18.317736,-18.380236,-18.755236]}]}