{"seen_tokens":["It","Hello","Your","Hi","Could","I","You","The","你好","it","If","hello","Is","x"," It","Hmm","Sure","Let","Hey","Looks"],"seen_logprobs":[{"tokens":[0,1,2,3,4,5,6,7,8,9,10,11,12,13,14,15,16,17,18,19],"logprobs":[-0.011402439,-4.6364026,-7.8239026,-7.8864026,-8.073902,-9.073902,-9.136402,-9.323902,-10.136402,-10.198902,-11.323902,-11.511402,-11.636402,-11.761402,-11.886402,-11.948902,-11.948902,-12.011402,-12.011402,-12.136402]}]}