{"seen_tokens":["It","Hi","I","Hello","Could","你好","I'm","Got","You","Looks","Hey","Thanks","“","You've","x","X","O","How","Hmm","The"],"seen_logprobs":[{"tokens":[0,1,2,3,4,5,6,7,8,9,10,11,12,13,14,15,16,17,18,19],"logprobs":[-0.3290774,-1.4540774,-4.3290772,-4.5790772,-5.4540772,-6.2665772,-6.3290772,-6.3290772,-6.3290772,-6.5165772,-6.5165772,-7.3290772,-7.9540772,-7.9540772,-7.9540772,-7.9540772,-8.016578,-8.141578,-8.204078,-8.266578]}]}