{"seen_tokens":["Hello","Did","It","Are","Is"," Hello","Greetings","Looks","X","Just","Hey","\"","x","Welcome","...","That","Got","Hmm","Hi","What"],"seen_logprobs":[{"tokens":[0,1,2,3,4,5,6,7,8,9,10,11,12,13,14,15,16,17,18,19],"logprobs":[-0.022890149,-4.39789,-5.14789,-5.64789,-7.89789,-8.27289,-8.89789,-10.27289,-10.52289,-11.08539,-11.27289,-11.46039,-11.46039,-11.58539,-11.71039,-11.89789,-11.96039,-11.96039,-12.02289,-12.02289]}]}