{"seen_tokens":["<think>","</think>","<|im_start|>","Okay","<|im_end|>","<tool_call>","<tool_response>","okay","滨江","think","brain","-navbar","thinking","思考","$$","Brain","是怎样","others","here","bara"],"seen_logprobs":[{"tokens":[0,1,2,3,4,5,6,7,8,9,10,11,12,13,14,15,16,17,18,19],"logprobs":[-1.1920928e-7,-15.703125,-18.445312,-18.53125,-18.75,-19.039062,-19.148438,-19.257812,-19.367188,-19.507812,-19.640625,-19.742188,-19.851562,-20.039062,-20.25,-20.265625,-20.539062,-20.570312,-20.671875,-20.898438]},{"tokens":[0,1,2,3,4,5,6,7,8,9,10,11,12,13,14,15,17,16,18,19],"logprobs":[-1.1920928e-7,-15.6875,-18.414062,-18.492188,-18.742188,-19.015625,-19.125,-19.226562,-19.335938,-19.492188,-19.632812,-19.710938,-19.851562,-20.03125,-20.226562,-20.25,-20.515625,-20.539062,-20.65625,-20.867188]}]}