{"seen_tokens":["The","1","Ċ","Hmm","Let","I","This","It","Okay","User","To","If","Here","çĶ¨æĪ·","What","Sorry","çĶ¨æĪ·æıĲä¾Ľ","Analy","You","Looking"],"seen_logprobs":[{"tokens":[0,1,2,3,4,5,6,7,8,9,10,11,12,13,14,15,16,17,18,19],"logprobs":[-0.24503934,-2.1200395,-3.6200395,-4.2450395,-4.6825395,-4.9950395,-5.2450395,-5.6200395,-5.8075395,-6.3700395,-6.4325395,-6.4950395,-6.9325395,-6.9950395,-7.2450395,-7.3075395,-7.4325395,-7.4325395,-7.4325395,-7.4325395]}]}