{"seen_tokens":["The","1","Ċ","Hmm","Let","I","This","It","Okay","User","To","If","Here","çĶ¨æĪ·","What","Sorry","çĶ¨æĪ·æıĲä¾Ľ","Analy","You","Looking","Is"],"seen_logprobs":[{"tokens":[0,1,2,3,4,5,6,7,8,9,10,11,12,13,14,15,16,17,18,19],"logprobs":[-0.24503934,-2.1200395,-3.6200395,-4.2450395,-4.6825395,-4.9950395,-5.2450395,-5.6200395,-5.8075395,-6.3700395,-6.4325395,-6.4950395,-6.9325395,-6.9950395,-7.2450395,-7.3075395,-7.4325395,-7.4325395,-7.4325395,-7.4325395]},{"tokens":[0,1,2,4,3,5,6,7,8,11,10,9,15,12,18,13,14,19,17,20],"logprobs":[-0.22579934,-2.2257993,-4.0382996,-4.0382996,-4.4757996,-4.8507996,-5.1632996,-5.7257996,-5.8507996,-6.6007996,-6.6007996,-6.6632996,-7.2257996,-7.2257996,-7.2257996,-7.2882996,-7.2882996,-7.4757996,-7.5382996,-7.5382996]}]}