{"seen_tokens":["Hello","Hi","Hey","Good"," Hello","hello","\\xf0\\x9f\\x91","\n","Well",">Hello","Sure","Hola","​","Howdy","Greetings","How","Hallo","\\xf0\\x9f\\x8c","Welcome","HI"],"seen_logprobs":[{"tokens":[0,1,2,3,4,5,6,7,8,9,10,11,12,13,14,15,16,17,18,19],"logprobs":[-0.0032051618,-5.7532053,-10.503205,-17.128204,-17.253204,-19.503204,-20.128204,-20.378204,-20.878204,-20.878204,-21.378204,-21.628204,-21.878204,-22.003204,-22.503204,-22.878204,-22.878204,-23.003204,-23.003204,-23.128204]}]}