{"seen_tokens":["The","Hello","This","Hmm","We"],"seen_logprobs":[{"tokens":[0,1,2,3,4],"logprobs":[-0.00747159,-6.1324716,-6.5074716,-6.7574716,-7.8824716]}]}