{"seen_tokens":["I","\"x","You","Did","%","#",")","+","$","(","-","/",",","*",".","!","0","\"","'","&"],"seen_logprobs":[{"tokens":[0,1,2,3,4,5,6,7,8,9,10,11,12,13,14,15,16,17,18,19],"logprobs":[-0.47426626,-1.7315295,-1.8297064,-3.2142794,-9999.0,-9999.0,-9999.0,-9999.0,-9999.0,-9999.0,-9999.0,-9999.0,-9999.0,-9999.0,-9999.0,-9999.0,-9999.0,-9999.0,-9999.0,-9999.0]}]}