{"seen_tokens":["I","\"x","You","Did","%","#",")","+","$","(","-","/",",","*",".","!","0","\"","'","&","2","1"," see","3"],"seen_logprobs":[{"tokens":[0,1,2,3,4,5,6,7,8,9,10,11,12,13,14,15,16,17,18,19],"logprobs":[-0.47426626,-1.7315295,-1.8297064,-3.2142794,-9999.0,-9999.0,-9999.0,-9999.0,-9999.0,-9999.0,-9999.0,-9999.0,-9999.0,-9999.0,-9999.0,-9999.0,-9999.0,-9999.0,-9999.0,-9999.0]},{"tokens":[0,3,11,7,18,9,14,8,13,17,16,12,10,19,4,20,21,15,5,6],"logprobs":[-0.062186416,-2.808551,-9999.0,-9999.0,-9999.0,-9999.0,-9999.0,-9999.0,-9999.0,-9999.0,-9999.0,-9999.0,-9999.0,-9999.0,-9999.0,-9999.0,-9999.0,-9999.0,-9999.0,-9999.0]},{"tokens":[1,0,17,2,18,5,16,11,8,19,10,21,13,12,7,15,6,9,4,14],"logprobs":[-0.836757,-1.3169396,-1.8648579,-1.9378388,-9999.0,-9999.0,-9999.0,-9999.0,-9999.0,-9999.0,-9999.0,-9999.0,-9999.0,-9999.0,-9999.0,-9999.0,-9999.0,-9999.0,-9999.0,-9999.0]},{"tokens":[22,12,7,17,15,10,18,8,19,23,16,20,5,13,6,14,21,9,11,4],"logprobs":[0.0,-9999.0,-9999.0,-9999.0,-9999.0,-9999.0,-9999.0,-9999.0,-9999.0,-9999.0,-9999.0,-9999.0,-9999.0,-9999.0,-9999.0,-9999.0,-9999.0,-9999.0,-9999.0,-9999.0]}]}