{"seen_tokens":["Let","The","1","Hmm","Ċ","æĶ¶åĪ°","Hi","Okay","I","Looking","Hello","Checking","Reflect","This","User","Seeing","è®©æĪĳ","So","Upon","Alright"],"seen_logprobs":[{"tokens":[0,1,2,3,4,5,6,7,8,9,10,11,12,13,14,15,16,17,18,19],"logprobs":[-0.32180676,-1.9468068,-3.0483692,-4.3296194,-4.368682,-4.5171194,-5.4077444,-5.7046194,-5.7827444,-5.9233694,-6.024932,-6.3296194,-6.493682,-6.649932,-6.665557,-6.7202444,-6.774932,-6.821807,-7.0014944,-7.0327444]},{"tokens":[0,1,2,3,4,5,6,7,8,9,10,11,12,13,14,15,16,17,18,19],"logprobs":[-0.32706764,-1.9364426,-3.006755,-4.311443,-4.4130054,-4.5223804,-5.420818,-5.6786304,-5.7255054,-5.889568,-6.0067554,-6.3505054,-6.514568,-6.623943,-6.639568,-6.7255054,-6.7723804,-6.780193,-6.9911304,-7.0067554]},{"tokens":[2,0,1,3,4,5,6,7,8,9,10,11,12,13,14,16,15,17,18,19],"logprobs":[-3.0125933,-0.32509324,-1.9500933,-4.2782183,-4.348531,-4.5438433,-5.3875933,-5.692281,-5.786031,-5.926656,-6.004781,-6.332906,-6.489156,-6.6219683,-6.6219683,-6.770406,-6.770406,-6.848531,-6.989156,-7.036031]},{"tokens":[0,1,2,3,4,5,6,7,8,9,10,11,12,13,14,15,16,17,18,19],"logprobs":[-0.31843603,-1.959061,-3.0528111,-4.334061,-4.380936,-4.537186,-5.4199986,-5.709061,-5.771561,-5.9199986,-6.037186,-6.318436,-6.505936,-6.6543736,-6.6699986,-6.724686,-6.771561,-6.8262486,-7.0137486,-7.037186]}]}