{"seen_tokens":["Let","The","1","Hmm","Ċ","æĶ¶åĪ°","Hi","Okay","I","Looking","Hello","Checking","Reflect","This","User","Seeing","è®©æĪĳ","So","Upon","Alright"],"seen_logprobs":[{"tokens":[0,1,2,3,4,5,6,7,8,9,10,11,12,13,14,15,16,17,18,19],"logprobs":[-0.32180676,-1.9468068,-3.0483692,-4.3296194,-4.368682,-4.5171194,-5.4077444,-5.7046194,-5.7827444,-5.9233694,-6.024932,-6.3296194,-6.493682,-6.649932,-6.665557,-6.7202444,-6.774932,-6.821807,-7.0014944,-7.0327444]}]}