{"seen_tokens":["Let","The","1","Hmm","Ċ","æĶ¶åĪ°","Hi","Okay","I","Looking","Hello","Checking","Reflect","This","User","Seeing","è®©æĪĳ","So","Upon","Alright"],"seen_logprobs":[{"tokens":[0,1,2,3,4,5,6,7,8,9,10,11,12,13,14,15,16,17,18,19],"logprobs":[-0.32180676,-1.9468068,-3.0483692,-4.3296194,-4.368682,-4.5171194,-5.4077444,-5.7046194,-5.7827444,-5.9233694,-6.024932,-6.3296194,-6.493682,-6.649932,-6.665557,-6.7202444,-6.774932,-6.821807,-7.0014944,-7.0327444]},{"tokens":[0,1,2,3,4,5,6,7,8,9,10,11,12,13,14,15,16,17,18,19],"logprobs":[-0.32706764,-1.9364426,-3.006755,-4.311443,-4.4130054,-4.5223804,-5.420818,-5.6786304,-5.7255054,-5.889568,-6.0067554,-6.3505054,-6.514568,-6.623943,-6.639568,-6.7255054,-6.7723804,-6.780193,-6.9911304,-7.0067554]}]}