{"seen_tokens":["你好","您好","Hello","Hi","嗨","哈","看起来","H","欢迎","I","При","好的","你","X","嘿","看来","Hey","Of","哦","¡"],"seen_logprobs":[{"tokens":[0,1,2,3,4,5,6,7,8,9,10,11,12,13,14,15,16,17,18,19],"logprobs":[-0.22541796,-2.1004179,-3.4754179,-4.225418,-4.350418,-4.725418,-6.225418,-6.475418,-6.600418,-7.475418,-7.600418,-7.975418,-8.100418,-8.225418,-8.225418,-8.350418,-8.350418,-8.600418,-8.600418,-8.600418]}]}