{"seen_tokens":["<think>","</think>","<｜place▁holder▁no▁2｜>","<｜place▁holder▁no▁797｜>","<｜place▁holder▁no▁795｜>","<｜place▁holder▁no▁791｜>","<｜place▁holder▁no▁4｜>","<｜place▁holder▁no▁1｜>","<｜place▁holder▁no▁8｜>","<｜place▁holder▁no▁5｜>","<｜place▁holder▁no▁3｜>","<｜place▁holder▁no▁794｜>","<｜place▁holder▁no▁0｜>","<｜place▁holder▁no▁796｜>","board","<｜place▁holder▁no▁793｜>",".githubusercontent","<｜place▁holder▁no▁7｜>","<｜place▁holder▁no▁792｜>","<｜place▁holder▁no▁6｜>"],"seen_logprobs":[{"tokens":[0,1,2,3,4,5,6,7,8,9,10,11,12,13,14,15,16,17,18,19],"logprobs":[-0.0015442368,-7.564045,-8.814045,-9.814044,-9.939045,-10.001544,-10.064045,-10.189045,-10.251544,-10.314045,-10.376544,-10.689045,-10.751545,-11.126545,-11.189045,-11.189045,-11.626546,-11.626546,-12.001545,-12.064045]}]}