{"seen_tokens":["<think>","</think>","<｜place▁holder▁no▁2｜>","<｜place▁holder▁no▁797｜>","<｜place▁holder▁no▁795｜>","<｜place▁holder▁no▁791｜>","<｜place▁holder▁no▁4｜>","<｜place▁holder▁no▁1｜>","<｜place▁holder▁no▁8｜>","<｜place▁holder▁no▁5｜>","<｜place▁holder▁no▁3｜>","<｜place▁holder▁no▁794｜>","<｜place▁holder▁no▁0｜>","<｜place▁holder▁no▁796｜>","board","<｜place▁holder▁no▁793｜>",".githubusercontent","<｜place▁holder▁no▁7｜>","<｜place▁holder▁no▁792｜>","<｜place▁holder▁no▁6｜>","<｜place▁holder▁no▁39｜>","<｜place▁holder▁no▁185｜>"],"seen_logprobs":[{"tokens":[0,1,2,3,4,5,6,7,8,9,10,11,12,13,14,15,16,17,18,19],"logprobs":[-0.0015442368,-7.564045,-8.814045,-9.814044,-9.939045,-10.001544,-10.064045,-10.189045,-10.251544,-10.314045,-10.376544,-10.689045,-10.751545,-11.126545,-11.189045,-11.189045,-11.626546,-11.626546,-12.001545,-12.064045]},{"tokens":[0,1,2,5,6,3,7,8,4,10,11,12,9,18,14,15,13,19,17,20],"logprobs":[-0.0005123736,-8.688013,-10.188013,-10.250512,-10.375512,-10.813012,-10.938012,-11.125513,-11.125513,-11.375513,-11.438012,-11.438012,-11.500514,-11.813013,-12.000512,-12.000512,-12.063013,-12.125513,-12.625513,-13.313013]},{"tokens":[0,1,2,8,5,6,10,3,4,9,7,12,11,13,19,14,17,15,18,21],"logprobs":[-0.0015979055,-7.6890984,-9.189098,-9.751598,-9.876598,-9.939098,-10.064098,-10.126598,-10.189098,-10.251598,-10.314098,-10.689098,-10.751598,-11.001598,-11.064098,-11.376598,-11.501599,-11.501599,-12.001599,-12.001599]}]}