{"seen_tokens":["Hello","It","Hi","Looks","Hey"],"seen_logprobs":[{"tokens":[0,1,2,3,4],"logprobs":[-0.20149414,-1.7014941,-9.451494,-13.451494,-15.951494]}]}