{"seen_tokens":["H","е“Ҳ","зңӢиө·жқҘ","Hello","Hi","дҪ еҘҪ","жӮЁеҘҪ","е—Ё","<пҪңendв–Ғofв–ҒsentenceпҪң>","!","\"","#","'","(","*","+","-","0","1","5","I","X","дҪ ","It","You","Of","ж¬ўиҝҺ","еҳҝ","РҹСҖРё","Hey","Looks","Got"],"seen_logprobs":[{"tokens":[0,1,2,3,4,5,6,7,8,9,10,11,12,13,14,15,16,17,18,19],"logprobs":[-16.883013,-16.467806,-17.031755,-4.621272,-11.265285,-0.010378793,-7.660777,-13.886149,-9999.0,-9999.0,-9999.0,-9999.0,-9999.0,-9999.0,-9999.0,-9999.0,-9999.0,-9999.0,-9999.0,-9999.0]},{"tokens":[0,20,21,22,23,24,1,25,26,2,3,27,4,28,29,5,6,7,30,31],"logprobs":[-16.883013,-19.11941,-22.703455,-25.086512,-19.79046,-25.294184,-16.467806,-25.812181,-22.28142,-17.031755,-4.621272,-25.534517,-11.265285,-24.916727,-22.733347,-0.010378793,-7.660777,-13.886149,-22.920366,-26.037973]}]}