{"seen_tokens":["How","It","Hello","Hi","What","hello","Welcome","I","it"," Hello","Hey","You","High","how","Talk",">Hello","Why","hi","它","Who"],"seen_logprobs":[{"tokens":[0,1,2,3,4,5,6,7,8,9,10,11,12,13,14,15,16,17,18,19],"logprobs":[-0.108737335,-3.1087372,-3.3587372,-4.1087375,-4.9837375,-9.046237,-11.421237,-11.546237,-11.733737,-11.733737,-12.233737,-12.421237,-12.671237,-12.733737,-12.983737,-12.983737,-13.046237,-13.296237,-13.421237,-13.421237]}]}