{"seen_tokens":["Hello","Hi","I","It"," Hello"],"seen_logprobs":[{"tokens":[0,1,2,3,4],"logprobs":[-0.00006318,-9.750063,-12.250063,-15.750063,-18.375063]}]}