{"seen_tokens":["Hello","Hi","I","It"," Hello"],"seen_logprobs":[{"tokens":[0,1,2,3,4],"logprobs":[-0.00006318,-9.750063,-12.250063,-15.750063,-18.375063]},{"tokens":[0,1,2,3,4],"logprobs":[-0.00017165,-8.750172,-11.250172,-15.500172,-17.750172]},{"tokens":[0,1,2,3,4],"logprobs":[-0.00016891,-8.750169,-11.500169,-15.000169,-17.62517]},{"tokens":[0,1,2,3,4],"logprobs":[-0.00027152,-8.250272,-11.500272,-16.12527,-17.75027]}]}