{"seen_tokens":["Hello","Hi","Greetings","Hey","Welcome","How","I","Yes","X"," Hello","x","Good","\n","Can","Is","hello","What","It","Sorry","\n\n"],"seen_logprobs":[{"tokens":[0,1,2,3,4,5,6,7,8,9,10,11,12,13,14,15,16,17,18,19],"logprobs":[-0.0060692215,-5.327486,-7.499563,-8.107407,-9.188402,-9.423943,-10.346802,-10.675432,-10.888451,-11.050812,-11.19401,-11.678543,-12.10714,-12.409714,-12.456257,-12.552444,-12.566355,-12.786396,-12.901884,-13.373201]},{"tokens":[0,1,2,3,4,5,6,7,8,9,10,11,12,13,14,15,16,17,18,19],"logprobs":[-0.006091016,-5.322339,-7.5047903,-8.106111,-9.191442,-9.425736,-10.348025,-10.674426,-10.891793,-11.061093,-11.198455,-11.681861,-12.107299,-12.415219,-12.460832,-12.560576,-12.569133,-12.787719,-12.9059,-13.378736]}]}