{"seen_tokens":["Hello","Hi","Greetings","Hey","Welcome","How","I","Yes","X"," Hello","x","Good","\n","Can","Is","hello","What","It","Sorry","\n\n","You"],"seen_logprobs":[{"tokens":[0,1,2,3,4,5,6,7,8,9,10,11,12,13,14,15,16,17,18,19],"logprobs":[-0.0060692215,-5.327486,-7.499563,-8.107407,-9.188402,-9.423943,-10.346802,-10.675432,-10.888451,-11.050812,-11.19401,-11.678543,-12.10714,-12.409714,-12.456257,-12.552444,-12.566355,-12.786396,-12.901884,-13.373201]},{"tokens":[0,1,2,3,4,5,6,7,8,9,10,11,12,13,14,15,16,17,18,19],"logprobs":[-0.006091016,-5.322339,-7.5047903,-8.106111,-9.191442,-9.425736,-10.348025,-10.674426,-10.891793,-11.061093,-11.198455,-11.681861,-12.107299,-12.415219,-12.460832,-12.560576,-12.569133,-12.787719,-12.9059,-13.378736]},{"tokens":[0,1,2,3,5,4,7,6,9,8,11,10,14,15,13,16,12,18,17,20],"logprobs":[-0.0049311933,-5.5212407,-7.725411,-8.395858,-9.427943,-9.703628,-10.697667,-10.773557,-11.22792,-11.730916,-11.788787,-11.8571005,-12.4229,-12.5722,-12.591168,-12.902173,-13.160344,-13.339965,-13.360621,-13.812928]},{"tokens":[0,1,2,3,4,5,9,6,8,7,10,11,12,15,16,13,14,19,17,18],"logprobs":[-0.0056051076,-5.349355,-7.9160705,-8.122155,-9.814849,-10.529048,-10.959891,-11.052426,-11.471444,-11.579869,-11.595717,-11.906507,-12.344979,-12.664371,-13.401011,-13.431754,-13.443856,-13.514512,-13.546628,-13.830281]}]}