{"seen_tokens":["Hello","It","Hi","你好","您好","x","您","Hey","I","Could","hello","You","The"," Hello","Hmm","你","看起来","Is","Your","What"],"seen_logprobs":[{"tokens":[0,1,2,3,4,5,6,7,8,9,10,11,12,13,14,15,16,17,18,19],"logprobs":[-0.019328814,-4.6443286,-5.1443286,-6.0193286,-7.3943286,-8.519329,-9.269329,-9.394329,-9.769329,-10.019329,-10.269329,-10.519329,-10.894329,-11.144329,-11.394329,-11.394329,-11.644329,-11.769329,-12.144329,-12.269329]},{"tokens":[0,1,2,3,4,5,7,9,8,6,12,10,11,13,16,14,19,15,17,18],"logprobs":[-0.01988243,-4.644882,-5.019882,-6.144882,-7.394882,-8.894882,-9.019882,-9.269882,-9.394882,-9.519882,-10.019882,-10.144882,-10.519882,-11.269882,-11.519882,-11.519882,-11.769882,-11.769882,-11.894882,-12.144882]}]}