{"seen_tokens":["Hello","It","Hi","你好","您好","x","您","Hey","I","Could","hello","You","The"," Hello","Hmm","你","看起来","Is","Your","What"],"seen_logprobs":[{"tokens":[0,1,2,3,4,5,6,7,8,9,10,11,12,13,14,15,16,17,18,19],"logprobs":[-0.019328814,-4.6443286,-5.1443286,-6.0193286,-7.3943286,-8.519329,-9.269329,-9.394329,-9.769329,-10.019329,-10.269329,-10.519329,-10.894329,-11.144329,-11.394329,-11.394329,-11.644329,-11.769329,-12.144329,-12.269329]}]}