{"seen_tokens":["Hello","It","I","Could","Hi","The","Your","x","What","You","Can","My","Hey","That","Bon","X","This","Of","Is","\""],"seen_logprobs":[{"tokens":[0,1,2,3,4,5,6,7,8,9,10,11,12,13,14,15,16,17,18,19],"logprobs":[-1.3111728,-0.81117284,-2.623673,-2.686173,-3.436173,-3.623673,-4.123673,-4.373673,-4.748673,-4.936173,-5.436173,-5.873673,-5.936173,-5.936173,-6.561173,-6.623673,-6.748673,-6.748673,-7.061173,-7.061173]}]}