{"seen_tokens":["Hello","It","I","Could","Hi","The","Your","x","What","You","Can","My","Hey","That","Bon","X","This","Of","Is","\""],"seen_logprobs":[{"tokens":[0,1,2,3,4,5,6,7,8,9,10,11,12,13,14,15,16,17,18,19],"logprobs":[-1.3111728,-0.81117284,-2.623673,-2.686173,-3.436173,-3.623673,-4.123673,-4.373673,-4.748673,-4.936173,-5.436173,-5.873673,-5.936173,-5.936173,-6.561173,-6.623673,-6.748673,-6.748673,-7.061173,-7.061173]},{"tokens":[7,1,0,2,3,4,5,6,8,9,10,11,12,13,14,15,16,17,18,19],"logprobs":[-4.373673,-0.81117284,-1.3111728,-2.623673,-2.686173,-3.436173,-3.623673,-4.123673,-4.748673,-4.936173,-5.436173,-5.873673,-5.936173,-5.936173,-6.561173,-6.623673,-6.748673,-6.748673,-7.061173,-7.061173]},{"tokens":[3,1,0,2,4,5,6,7,8,9,10,11,12,13,14,15,16,17,18,19],"logprobs":[-2.6860125,-0.81101257,-1.3110125,-2.6235125,-3.4360125,-3.6235125,-4.1235127,-4.3735127,-4.7485127,-4.9360127,-5.4985127,-5.8735127,-5.9360127,-5.9360127,-6.4985127,-6.6235127,-6.7485127,-6.7485127,-7.0610127,-7.0610127]}]}