{"seen_tokens":["As","x","I","D","It","The","Thank","Hello","In","Cont","X","\"","You","A","S","Y","y","Wh","H","Hi"],"seen_logprobs":[{"tokens":[0,1,2,3,4,5,6,7,8,9,10,11,12,13,14,15,16,17,18,19],"logprobs":[-2.8702626,-1.8077627,-1.9327627,-2.2452626,-2.8077626,-3.1827626,-3.3077626,-3.3077626,-3.6827626,-4.1202626,-4.2452626,-4.3077626,-4.3077626,-4.3077626,-4.5577626,-4.6827626,-4.6827626,-4.8702626,-4.8702626,-4.9327626]}]}