{"seen_tokens":["As","x","I","D","It","The","Thank","Hello","In","Cont","X","\"","You","A","S","Y","y","Wh","H","Hi"],"seen_logprobs":[{"tokens":[0,1,2,3,4,5,6,7,8,9,10,11,12,13,14,15,16,17,18,19],"logprobs":[-2.8702626,-1.8077627,-1.9327627,-2.2452626,-2.8077626,-3.1827626,-3.3077626,-3.3077626,-3.6827626,-4.1202626,-4.2452626,-4.3077626,-4.3077626,-4.3077626,-4.5577626,-4.6827626,-4.6827626,-4.8702626,-4.8702626,-4.9327626]},{"tokens":[13,2,1,3,4,0,5,6,7,8,9,10,12,11,16,15,14,17,18,19],"logprobs":[-4.317237,-1.9422369,-1.9422369,-2.192237,-2.754737,-2.879737,-3.129737,-3.192237,-3.192237,-3.629737,-4.067237,-4.379737,-4.379737,-4.379737,-4.442237,-4.629737,-4.629737,-4.817237,-4.879737,-4.879737]},{"tokens":[2,1,3,4,0,5,6,7,8,9,13,10,12,11,16,15,14,17,18,19],"logprobs":[-1.9422369,-1.9422369,-2.192237,-2.754737,-2.879737,-3.129737,-3.192237,-3.192237,-3.629737,-4.067237,-4.317237,-4.379737,-4.379737,-4.379737,-4.442237,-4.629737,-4.629737,-4.817237,-4.879737,-4.879737]},{"tokens":[3,2,1,4,0,5,6,7,8,9,13,10,12,11,16,15,14,17,18,19],"logprobs":[-2.192237,-1.9422369,-1.9422369,-2.754737,-2.879737,-3.129737,-3.192237,-3.192237,-3.629737,-4.067237,-4.317237,-4.379737,-4.379737,-4.379737,-4.442237,-4.629737,-4.629737,-4.817237,-4.879737,-4.879737]}]}