{"seen_tokens":["I","Could","You","Did","\"x","You've","\"","(","#",".","!",",","*","'",")","&","%","$","+","-","2","/","0","1"," typed"," just"],"seen_logprobs":[{"tokens":[0,1,2,3,4,5,6,7,8,9,10,11,12,13,14,15,16,17,18,19],"logprobs":[-0.75005174,-1.4992125,-2.2806056,-2.6490672,-2.7366946,-3.3100893,-3.5027144,-9999.0,-9999.0,-9999.0,-9999.0,-9999.0,-9999.0,-9999.0,-9999.0,-9999.0,-9999.0,-9999.0,-9999.0,-9999.0]},{"tokens":[0,3,20,21,10,6,22,14,15,16,13,9,18,17,12,23,11,19,8,7],"logprobs":[-0.1234403,-2.1530824,-9999.0,-9999.0,-9999.0,-9999.0,-9999.0,-9999.0,-9999.0,-9999.0,-9999.0,-9999.0,-9999.0,-9999.0,-9999.0,-9999.0,-9999.0,-9999.0,-9999.0,-9999.0]},{"tokens":[0,3,12,22,17,14,11,6,19,8,20,13,18,16,21,23,10,7,9,15],"logprobs":[-0.08993483,-2.4533,-9999.0,-9999.0,-9999.0,-9999.0,-9999.0,-9999.0,-9999.0,-9999.0,-9999.0,-9999.0,-9999.0,-9999.0,-9999.0,-9999.0,-9999.0,-9999.0,-9999.0,-9999.0]},{"tokens":[24,25,6,22,13,8,12,15,20,23,10,19,7,9,17,14,21,11,18,16],"logprobs":[-0.3457474,-1.2299447,-9999.0,-9999.0,-9999.0,-9999.0,-9999.0,-9999.0,-9999.0,-9999.0,-9999.0,-9999.0,-9999.0,-9999.0,-9999.0,-9999.0,-9999.0,-9999.0,-9999.0,-9999.0]}]}