{"seen_tokens":["I","Could","You","Did","\"x","You've","\"","(","#",".","!",",","*","'",")","&","%","$","+","-"],"seen_logprobs":[{"tokens":[0,1,2,3,4,5,6,7,8,9,10,11,12,13,14,15,16,17,18,19],"logprobs":[-0.75005174,-1.4992125,-2.2806056,-2.6490672,-2.7366946,-3.3100893,-3.5027144,-9999.0,-9999.0,-9999.0,-9999.0,-9999.0,-9999.0,-9999.0,-9999.0,-9999.0,-9999.0,-9999.0,-9999.0,-9999.0]}]}