{"seen_tokens":["Hello","Hi","Greetings","Hey","Welcome","How","I","Yes"," Hello","X","x","Good","\n","Can","hello","Is","What","It","Sorry","You","\n\n"],"seen_logprobs":[{"tokens":[0,1,2,3,4,5,6,7,8,9,10,11,12,13,14,15,16,17,18,19],"logprobs":[-0.005808156,-5.3468595,-7.668631,-8.25028,-9.256538,-9.560663,-10.648243,-10.715265,-11.017736,-11.055544,-11.411268,-11.782629,-12.26162,-12.576267,-12.641623,-12.674978,-12.75845,-12.99888,-13.29517,-13.539921]},{"tokens":[0,1,2,3,4,5,8,6,9,7,10,11,12,14,16,13,15,20,17,18],"logprobs":[-0.0056051076,-5.349355,-7.9160705,-8.122155,-9.814849,-10.529048,-10.959891,-11.052426,-11.471444,-11.579869,-11.595717,-11.906507,-12.344979,-12.664371,-13.401011,-13.431754,-13.443856,-13.514512,-13.546628,-13.830281]}]}