{"seen_tokens":["I","It","Hello","X","x","Under","You","Thank","Hi","The","*","Sure","Okay","Please","What","Hey","Is","*x","Here","Could","Are"],"seen_logprobs":[{"tokens":[0,1,2,3,4,5,6,7,8,9,10,11,12,13,14,15,16,17,18,19],"logprobs":[-0.05662613,-3.994126,-4.3691263,-5.3535013,-5.6660013,-5.7597513,-6.0097513,-6.1660013,-6.1816263,-6.5566263,-6.9785013,-7.2128763,-7.6503763,-8.306626,-8.517564,-8.541001,-8.564439,-8.736314,-8.798814,-8.970689]},{"tokens":[0,1,2,5,4,3,6,7,8,10,9,11,12,14,17,15,16,13,18,20],"logprobs":[-0.052120272,-4.23962,-4.286495,-5.55212,-5.598995,-5.80212,-5.86462,-6.14587,-6.36462,-6.723995,-6.973995,-7.52087,-7.692745,-8.42712,-8.528683,-8.661495,-8.70837,-8.83337,-9.059933,-9.153683]}]}