{"seen_tokens":["It","Hello","If","To","The","I","How","Hi","Could","\"","Certainly","Welcome","Your","Sure","What","Based","You","Of","When","Unfortunately"],"seen_logprobs":[{"tokens":[0,1,2,3,4,5,6,7,8,9,10,11,12,13,14,15,16,17,18,19],"logprobs":[-0.3838296,-1.8213296,-3.1807046,-3.3994546,-3.5400796,-3.6963296,-5.0557046,-5.0713296,-5.6182046,-5.9463296,-6.4932046,-6.6494546,-7.0244546,-7.1025796,-7.7275796,-7.7900796,-7.8682046,-7.9619546,-8.321329,-8.383829]},{"tokens":[3,0,1,2,4,5,6,7,8,9,10,11,12,13,14,15,16,17,18,19],"logprobs":[-3.3994546,-0.3838296,-1.8213296,-3.1807046,-3.5400796,-3.6963296,-5.0557046,-5.0713296,-5.6182046,-5.9463296,-6.4932046,-6.6494546,-7.0244546,-7.1025796,-7.7275796,-7.7900796,-7.8682046,-7.9619546,-8.321329,-8.383829]},{"tokens":[19,0,1,2,3,4,5,6,7,8,9,10,11,12,13,14,15,16,17,18],"logprobs":[-8.383805,-0.38380545,-1.8213055,-3.1806805,-3.3994305,-3.5400555,-3.6963055,-5.0556803,-5.0713053,-5.6181803,-5.9463053,-6.4931803,-6.6650553,-7.0244303,-7.1025553,-7.7275553,-7.7900553,-7.8681803,-7.9619303,-8.321305]},{"tokens":[0,1,2,3,4,5,6,7,8,9,10,11,12,13,14,15,16,17,18,19],"logprobs":[-0.38380545,-1.8213055,-3.1806805,-3.3994305,-3.5400555,-3.6963055,-5.0556803,-5.0713053,-5.6181803,-5.9463053,-6.4931803,-6.6650553,-7.0244303,-7.1025553,-7.7275553,-7.7900553,-7.8681803,-7.9619303,-8.321305,-8.383805]}]}