{"seen_tokens":["Hello","Hi","Hey","hello","Hmm","H","Hola","How","Hallo","He","Oh","Good","Well","hi","Welcome","Greetings","你好"," Hello","HI","Okay"],"seen_logprobs":[{"tokens":[0,1,2,3,4,5,6,7,8,9,10,11,12,13,14,15,16,17,18,19],"logprobs":[-0.055829965,-2.915205,-9.39958,-12.196455,-12.74333,-12.852705,-13.008955,-13.46208,-13.52458,-13.852705,-13.946455,-14.02458,-14.21208,-14.49333,-14.571455,-14.633955,-14.758955,-14.77458,-14.80583,-14.89958]}]}