{"seen_tokens":["Hello","Hi","Hey","hello","Hmm","H","Hola","How","Hallo","He","Oh","Good","Well","hi","Welcome","Greetings","你好"," Hello","HI","Okay"],"seen_logprobs":[{"tokens":[0,1,2,3,4,5,6,7,8,9,10,11,12,13,14,15,16,17,18,19],"logprobs":[-0.055829965,-2.915205,-9.39958,-12.196455,-12.74333,-12.852705,-13.008955,-13.46208,-13.52458,-13.852705,-13.946455,-14.02458,-14.21208,-14.49333,-14.571455,-14.633955,-14.758955,-14.77458,-14.80583,-14.89958]},{"tokens":[0,1,2,3,4,5,6,7,8,9,10,11,12,13,14,15,16,17,18,19],"logprobs":[-0.054987695,-2.9299877,-9.414363,-12.195613,-12.758113,-12.883113,-13.039363,-13.476863,-13.523738,-13.883113,-13.976863,-14.039363,-14.211238,-14.508113,-14.601863,-14.664363,-14.773738,-14.789363,-14.836238,-14.914363]}]}