{"seen_tokens":["\n","</think>","\n\n","1"," ","\r\n","\n\n\n"," \n"," (",".\n"," \"","I","<think>","**\n","The",":\n","um"," aut","x","Plan"],"seen_logprobs":[{"tokens":[0,1,2,3,4,5,6,7,8,9,10,11,12,13,14,15,16,17,18,19],"logprobs":[-0.0000050067774,-12.281255,-14.929692,-17.554693,-18.79688,-19.968756,-20.335943,-20.39063,-20.42188,-20.45313,-20.570318,-20.656256,-20.76563,-20.76563,-20.804693,-20.812506,-20.820318,-21.007818,-21.023443,-21.023443]},{"tokens":[0,1,2,3,4,5,6,7,9,8,10,11,12,13,15,14,16,17,18,19],"logprobs":[-0.0000050067774,-12.281255,-14.937505,-17.570318,-18.804693,-19.98438,-20.343756,-20.414068,-20.445318,-20.445318,-20.570318,-20.664068,-20.757818,-20.773443,-20.79688,-20.812506,-20.851568,-21.000006,-21.039068,-21.039068]},{"tokens":[0,1,2,3,4,5,6,7,9,8,10,11,12,13,14,15,16,17,19,18],"logprobs":[-0.0000051259863,-12.26563,-14.929692,-17.570318,-18.804693,-19.992193,-20.343756,-20.414068,-20.445318,-20.445318,-20.570318,-20.656256,-20.757818,-20.773443,-20.79688,-20.79688,-20.843756,-21.01563,-21.031256,-21.039068]},{"tokens":[0,1,2,3,4,5,7,8,9,6,10,11,12,15,13,14,16,17,18,19],"logprobs":[-0.0000051259863,-12.26563,-14.992192,-17.562506,-18.804693,-19.945318,-20.335943,-20.398443,-20.414068,-20.429693,-20.476568,-20.625006,-20.789068,-20.789068,-20.79688,-20.79688,-20.875006,-20.914068,-20.968756,-21.039068]}]}