{"seen_tokens":["\n","</think>","\n\n","1"," ","\r\n","\n\n\n"," \n"," (",".\n"," \"","I","<think>","**\n","The",":\n","um"," aut","x","Plan"],"seen_logprobs":[{"tokens":[0,1,2,3,4,5,6,7,8,9,10,11,12,13,14,15,16,17,18,19],"logprobs":[-0.0000050067774,-12.281255,-14.929692,-17.554693,-18.79688,-19.968756,-20.335943,-20.39063,-20.42188,-20.45313,-20.570318,-20.656256,-20.76563,-20.76563,-20.804693,-20.812506,-20.820318,-21.007818,-21.023443,-21.023443]}]}