{"seen_tokens":["Hi","Hello","H","Hey","How"],"seen_logprobs":[{"tokens":[0,1,2,3,4],"logprobs":[-0.475132,-0.975132,-7.475132,-8.225132,-10.225132]}]}