{"seen_tokens":["Hi","Hey","Hello","","**","hi","嗨"," Hi","你好","hey","Yo"," Hey","Welcome","H","嘿","—","How","HI","*","\""],"seen_logprobs":[{"tokens":[0,1,2,3,4,5,6,7,8,9,10,11,12,13,14,3,15,16,17,18],"logprobs":[-0.22972281,-1.6047229,-5.479723,-9.729723,-10.917223,-11.729723,-11.854723,-12.104723,-12.167223,-12.292223,-12.604723,-12.667223,-12.729723,-13.292223,-13.354723,-13.417223,-13.792223,-13.917223,-14.229723,-14.354723]},{"tokens":[0,1,2,3,4,5,6,7,8,9,10,11,12,13,14,3,15,16,17,19],"logprobs":[-0.22972623,-1.6047262,-5.4797263,-9.604726,-11.042226,-11.792226,-11.979726,-12.104726,-12.167226,-12.167226,-12.542226,-12.729726,-12.979726,-13.417226,-13.479726,-13.479726,-13.729726,-14.104726,-14.354726,-14.479726]},{"tokens":[0,1,2,3,4,6,5,8,7,9,10,11,12,13,14,3,15,16,17,19],"logprobs":[-0.20583108,-1.705831,-5.455831,-9.580832,-11.080832,-11.830832,-11.893332,-12.018332,-12.080832,-12.143332,-12.518332,-12.768332,-12.893332,-13.268332,-13.455832,-13.518332,-13.705832,-14.018332,-14.330832,-14.518332]}]}