{"seen_tokens":["Hi","Hey","Hello","","**","hi","嗨"," Hi","你好","hey","Yo"," Hey","Welcome","H","嘿","—","How","HI","*"],"seen_logprobs":[{"tokens":[0,1,2,3,4,5,6,7,8,9,10,11,12,13,14,3,15,16,17,18],"logprobs":[-0.22972281,-1.6047229,-5.479723,-9.729723,-10.917223,-11.729723,-11.854723,-12.104723,-12.167223,-12.292223,-12.604723,-12.667223,-12.729723,-13.292223,-13.354723,-13.417223,-13.792223,-13.917223,-14.229723,-14.354723]}]}