{"seen_tokens":["Hello","你好","Hi","How","","Hey","嗨","H","好的","Hell","您好","hello","He","I","X","!"," Hello","What","大家好","你"],"seen_logprobs":[{"tokens":[0,1,2,3,4,5,6,7,8,9,10,11,12,13,14,15,16,17,18,19],"logprobs":[-0.21016005,-1.96016,-3.08516,-7.7101603,-7.8351603,-7.9601603,-8.08516,-8.33516,-8.58516,-9.33516,-9.58516,-9.83516,-9.96016,-10.21016,-10.21016,-10.21016,-10.21016,-10.33516,-10.46016,-10.46016]}]}