{"seen_tokens":["Hello","你好","Hi","How","","Hey","嗨","H","好的","Hell","您好","hello","He","I","X","!"," Hello","What","大家好","你","Ol","打招呼","Gre","こ","K","哈","Bon","Chapter","Can"],"seen_logprobs":[{"tokens":[0,1,2,3,4,5,6,7,8,9,10,11,12,13,14,15,16,17,18,19],"logprobs":[-0.21016005,-1.96016,-3.08516,-7.7101603,-7.8351603,-7.9601603,-8.08516,-8.33516,-8.58516,-9.33516,-9.58516,-9.83516,-9.96016,-10.21016,-10.21016,-10.21016,-10.21016,-10.33516,-10.46016,-10.46016]},{"tokens":[1,0,2,4,10,3,7,8,5,6,16,20,11,21,12,9,22,23,24,15],"logprobs":[-1.6255724,-0.25057238,-3.7505724,-7.625572,-9.000572,-9.250572,-9.375572,-9.375572,-9.750572,-10.500572,-10.500572,-10.750572,-10.750572,-10.875572,-10.875572,-11.000572,-11.250572,-11.250572,-11.250572,-11.375572]},{"tokens":[1,0,2,4,6,3,8,5,10,21,7,16,11,18,19,15,13,17,25,12],"logprobs":[-0.51481706,-1.014817,-3.264817,-7.764817,-8.264817,-8.389817,-9.014817,-9.139817,-9.764817,-9.764817,-9.764817,-10.514817,-10.639817,-10.764817,-10.889817,-10.889817,-11.014817,-11.014817,-11.139817,-11.264817]},{"tokens":[1,0,2,4,3,5,7,6,8,12,10,9,21,18,17,15,26,25,27,28],"logprobs":[-1.0263844,-0.52638435,-3.0263844,-7.5263844,-7.5263844,-7.9013844,-8.526384,-8.651384,-9.401384,-10.026384,-10.401384,-10.401384,-10.526384,-10.651384,-10.901384,-10.901384,-11.026384,-11.026384,-11.151384,-11.151384]}]}