{"seen_tokens":["Hello","Hi","How","Hey","###","你好","I","**","#","You","*","Sure","!","It","hello","H","Yes","Hell","Thank","how"],"seen_logprobs":[{"tokens":[0,1,2,3,4,5,6,7,8,9,10,11,12,13,14,15,16,17,18,19],"logprobs":[-0.16078794,-2.285788,-4.785788,-4.910788,-5.285788,-5.285788,-5.785788,-5.910788,-6.2857876,-6.2857876,-7.1607885,-7.285789,-7.4107876,-7.660788,-7.7857885,-8.035788,-8.160789,-8.160789,-8.285789,-8.410788]}]}