{"seen_tokens":["‚ĖĀHello","‚ĖĀHi","‚ĖĀHey","‚ĖĀCan","‚ĖĀHow","‚ĖĀThere","‚ĖĀI","‚ĖĀWhat","‚ĖĀAre","‚ĖĀWelcome","‚ĖĀH","‚ĖĀSure","‚ĖĀYes","‚ĖĀCould","‚ĖĀYou","‚ĖĀIs","‚ĖĀPlease","‚ĖĀ!","‚ĖĀSorry","‚ĖĀDo"],"seen_logprobs":[{"tokens":[0,1,2,3,4,5,6,7,8,9,10,11,12,13,14,15,16,17,18,19],"logprobs":[-0.12949513,-3.2544951,-3.5044951,-4.004495,-4.129495,-5.004495,-5.754495,-5.941995,-7.941995,-8.004495,-8.004495,-8.066995,-8.066995,-8.129495,-8.441995,-8.629495,-8.754495,-8.816995,-8.879495,-8.941995]},{"tokens":[2,0,1,3,4,5,6,7,8,9,10,11,12,13,14,15,16,17,18,19],"logprobs":[-3.5044951,-0.12949513,-3.2544951,-4.004495,-4.129495,-5.004495,-5.754495,-5.941995,-7.941995,-8.004495,-8.004495,-8.066995,-8.066995,-8.129495,-8.441995,-8.629495,-8.754495,-8.816995,-8.879495,-8.941995]},{"tokens":[1,0,2,3,4,5,6,7,8,9,10,11,12,13,14,15,16,17,18,19],"logprobs":[-3.2544951,-0.12949513,-3.5044951,-4.004495,-4.129495,-5.004495,-5.754495,-5.941995,-7.941995,-8.004495,-8.004495,-8.066995,-8.066995,-8.129495,-8.441995,-8.629495,-8.754495,-8.816995,-8.879495,-8.941995]},{"tokens":[3,0,1,2,4,5,6,7,8,9,10,11,12,13,14,15,16,17,18,19],"logprobs":[-4.004495,-0.12949513,-3.2544951,-3.5044951,-4.129495,-5.004495,-5.754495,-5.941995,-7.941995,-8.004495,-8.004495,-8.066995,-8.066995,-8.129495,-8.441995,-8.629495,-8.754495,-8.816995,-8.879495,-8.941995]}]}