{"seen_tokens":["It","I","Hello","**","Could","\"x","To","X","x","The","$x","it","*","Certainly","What","*x","\"","If","Under","Is"],"seen_logprobs":[{"tokens":[0,1,2,3,4,5,6,7,8,9,10,11,12,13,14,15,16,17,18,19],"logprobs":[-0.013580551,-4.3885803,-7.3885803,-8.88858,-9.26358,-9.76358,-9.76358,-10.26358,-10.63858,-10.88858,-12.51358,-12.76358,-13.01358,-13.01358,-13.13858,-13.13858,-13.51358,-13.88858,-14.01358,-14.01358]}]}