{"seen_tokens":["Hello","Hi","Hey","hello","Hmm","How","Hola","H","Oh","HI","Hallo","hi","Greetings","Good","He","Hell","Well","Welcome","Okay","Great"," Hello"],"seen_logprobs":[{"tokens":[0,1,2,3,4,5,6,7,8,9,10,11,12,13,14,15,16,17,18,19],"logprobs":[-0.14299689,-2.0179968,-8.392997,-10.892997,-11.517997,-11.642997,-11.642997,-12.267997,-12.392997,-12.392997,-12.392997,-12.517997,-13.017997,-13.142997,-13.267997,-13.267997,-13.392997,-13.392997,-13.767997,-13.892997]},{"tokens":[0,1,2,3,4,6,5,7,10,8,13,12,14,11,16,9,17,15,20,18],"logprobs":[-0.07914156,-2.5791416,-8.579142,-11.454142,-11.829142,-11.954142,-12.204142,-12.704142,-12.704142,-12.829142,-13.204142,-13.329142,-13.454142,-13.454142,-13.454142,-13.454142,-13.704142,-13.704142,-13.829142,-13.954142]},{"tokens":[0,1,2,4,3,6,5,7,10,12,8,13,14,16,17,9,11,18,15,19],"logprobs":[-0.08932656,-2.4643266,-8.089327,-11.339327,-11.464327,-11.839327,-12.089327,-12.339327,-12.589327,-12.589327,-12.714327,-12.839327,-12.964327,-12.964327,-13.089327,-13.464327,-13.589327,-13.589327,-13.589327,-13.839327]},{"tokens":[0,1,2,3,4,5,6,7,10,8,9,13,11,12,14,16,15,17,18,19],"logprobs":[-0.1272918,-2.1272917,-8.252292,-11.127292,-11.252292,-11.502292,-11.502292,-12.127292,-12.127292,-12.252292,-12.627292,-12.752292,-12.877292,-12.877292,-13.127292,-13.252292,-13.252292,-13.377292,-13.377292,-13.752292]}]}