{"seen_tokens":["Hello","Hi","Hey","hello","Hmm","How","Hola","H","Oh","HI","Hallo","hi","Greetings","Good","He","Hell","Well","Welcome","Okay","Great"," Hello"],"seen_logprobs":[{"tokens":[0,1,2,3,4,5,6,7,8,9,10,11,12,13,14,15,16,17,18,19],"logprobs":[-0.14299689,-2.0179968,-8.392997,-10.892997,-11.517997,-11.642997,-11.642997,-12.267997,-12.392997,-12.392997,-12.392997,-12.517997,-13.017997,-13.142997,-13.267997,-13.267997,-13.392997,-13.392997,-13.767997,-13.892997]},{"tokens":[0,1,2,3,4,6,5,7,10,8,13,12,14,11,16,9,17,15,20,18],"logprobs":[-0.07914156,-2.5791416,-8.579142,-11.454142,-11.829142,-11.954142,-12.204142,-12.704142,-12.704142,-12.829142,-13.204142,-13.329142,-13.454142,-13.454142,-13.454142,-13.454142,-13.704142,-13.704142,-13.829142,-13.954142]}]}