{"seen_tokens":["Hello","Hi","Hey","hello","Hmm","How","Hola","H","Oh","HI","Hallo","hi","Greetings","Good","He","Hell","Well","Welcome","Okay","Great"],"seen_logprobs":[{"tokens":[0,1,2,3,4,5,6,7,8,9,10,11,12,13,14,15,16,17,18,19],"logprobs":[-0.14299689,-2.0179968,-8.392997,-10.892997,-11.517997,-11.642997,-11.642997,-12.267997,-12.392997,-12.392997,-12.392997,-12.517997,-13.017997,-13.142997,-13.267997,-13.267997,-13.392997,-13.392997,-13.767997,-13.892997]}]}