{"seen_tokens":["I","Hello","x","Sorry","Yes","Okay","You","What","y","It","Here","Hi","As","The","This","Let","Under","Hey","Sure","To"],"seen_logprobs":[{"tokens":[0,1,2,3,4,5,6,7,8,9,10,11,12,13,14,15,16,17,18,19],"logprobs":[-1.4334831,-1.6209831,-2.6834831,-3.6834831,-3.7459831,-3.7459831,-3.7459831,-3.7459831,-3.8084831,-3.8084831,-4.058483,-4.183483,-4.308483,-4.370983,-4.433483,-4.495983,-4.683483,-4.683483,-4.683483,-4.995983]},{"tokens":[0,1,2,3,6,5,4,9,7,8,10,11,12,13,15,14,16,17,18,19],"logprobs":[-1.4072772,-1.6572772,-2.719777,-3.657277,-3.719777,-3.719777,-3.782277,-3.782277,-3.782277,-3.844777,-4.032277,-4.219777,-4.219777,-4.407277,-4.469777,-4.469777,-4.657277,-4.719777,-4.719777,-4.938527]}]}