{"seen_tokens":["Did","I","Hi","\"x","How","Hello","x","\"","Hey","It","Could","You","X","“","You've","**","Got","The","That","Is"],"seen_logprobs":[{"tokens":[0,1,2,3,4,5,6,7,8,9,10,11,12,13,14,15,16,17,18,19],"logprobs":[-0.44827813,-2.0732782,-2.8232782,-3.3232782,-3.3232782,-3.6982782,-3.8232782,-3.9482782,-4.448278,-5.198278,-5.198278,-5.323278,-5.573278,-6.073278,-6.573278,-7.323278,-7.698278,-8.198278,-8.323278,-8.323278]}]}