{"seen_tokens":["Did","I","Hi","\"x","How","Hello","x","\"","Hey","It","Could","You","X","“","You've","**","Got","The","That","Is","I'd","Do","I'm","What","That's"],"seen_logprobs":[{"tokens":[0,1,2,3,4,5,6,7,8,9,10,11,12,13,14,15,16,17,18,19],"logprobs":[-0.44827813,-2.0732782,-2.8232782,-3.3232782,-3.3232782,-3.6982782,-3.8232782,-3.9482782,-4.448278,-5.198278,-5.198278,-5.323278,-5.573278,-6.073278,-6.573278,-7.323278,-7.698278,-8.198278,-8.323278,-8.323278]},{"tokens":[10,1,0,11,7,3,2,9,18,5,20,13,21,8,4,22,23,14,24,6],"logprobs":[-3.0745811,-0.4495811,-1.3245811,-3.8245811,-4.824581,-4.949581,-5.574581,-5.949581,-6.324581,-6.574581,-7.199581,-7.324581,-7.449581,-8.074581,-8.449581,-8.699581,-8.824581,-9.074581,-9.199581,-9.324581]}]}