{"seen_tokens":["你好","Hello","您好","嗨","看起来","Hi","哈","H","I","Hey","X","#","你","看来","Looks","嘿","欢迎","我","好的","看到","При","¡","こ","哈哈","哦"],"seen_logprobs":[{"tokens":[0,1,2,3,4,5,6,7,8,9,10,11,12,13,14,15,16,17,18,19],"logprobs":[-0.5232966,-1.7732966,-2.1482966,-3.7732966,-3.7732966,-3.7732966,-4.2732964,-4.8982964,-5.773297,-6.1482964,-6.2732964,-6.5232964,-6.6482964,-6.6482964,-6.8982964,-6.8982964,-7.023297,-7.148297,-7.148297,-7.148297]},{"tokens":[0,1,2,5,6,3,4,7,16,15,8,9,20,10,12,21,22,23,24,18],"logprobs":[-0.43312067,-1.4331207,-3.0581207,-3.8081207,-3.9331207,-4.5581207,-5.8081207,-6.0581207,-6.6831207,-7.0581207,-7.1831207,-7.5581207,-8.058121,-8.308121,-8.558121,-8.558121,-8.683121,-8.808121,-8.808121,-8.933121]}]}