{"seen_tokens":["<think>","The",".The","1"," The","<|tool_call_begin|>","</think>","<|im_end|>","-The",".\n",">The",".","\n","\"The","ng",",","o","iong","|The","Hi","Hello","-g",":","用户"],"seen_logprobs":[{"tokens":[0,1,2,3,4,5,6,7,8,9,10,11,12,13,14,15,16,17,18,19],"logprobs":[0.0,-20.75,-24.875,-25.1875,-25.3125,-25.375,-25.75,-26.0,-26.8125,-26.875,-27.03125,-27.03125,-27.0625,-27.09375,-27.125,-27.375,-27.71875,-27.84375,-27.84375,-27.875]},{"tokens":[0,1,5,7,2,3,6,4,19,11,12,15,20,9,13,21,8,10,22,23],"logprobs":[0.0,-22.0625,-26.375,-26.875,-26.875,-26.875,-27.25,-27.5,-28.375,-28.53125,-28.5625,-28.71875,-28.84375,-29.15625,-29.28125,-29.34375,-29.5,-29.5625,-29.6875,-29.71875]},{"tokens":[0,1,5,3,2,7,6,4,11,12,9,15,19,10,13,23,17,8,20,21],"logprobs":[0.0,-22.5,-25.625,-26.125,-26.4375,-26.6875,-27.0,-27.125,-27.875,-28.375,-28.5,-28.5625,-28.59375,-29.125,-29.28125,-29.3125,-29.3125,-29.3125,-29.3125,-29.5]}]}