{"seen_tokens":["<think>","The",".The","1"," The","<|tool_call_begin|>","</think>","<|im_end|>","-The",".\n",">The",".","\n","\"The","ng",",","o","iong","|The","Hi"],"seen_logprobs":[{"tokens":[0,1,2,3,4,5,6,7,8,9,10,11,12,13,14,15,16,17,18,19],"logprobs":[0.0,-20.75,-24.875,-25.1875,-25.3125,-25.375,-25.75,-26.0,-26.8125,-26.875,-27.03125,-27.03125,-27.0625,-27.09375,-27.125,-27.375,-27.71875,-27.84375,-27.84375,-27.875]}]}