{"seen_tokens":["This","The","Hmm","I","We","Okay","用户","I've","Let","Alright","I'm","User","嗯","It","What","Got","Well","So","You","\""],"seen_logprobs":[{"tokens":[0,1,2,3,4,5,6,7,8,9,10,11,12,13,14,15,16,17,18,19],"logprobs":[-4.23761,-0.11260966,-3.3626096,-3.8626096,-4.36261,-4.98761,-5.86261,-5.98761,-6.48761,-6.61261,-7.11261,-7.36261,-7.36261,-7.73761,-7.73761,-7.86261,-7.86261,-7.98761,-7.98761,-8.23761]}]}