{"seen_tokens":["This","The","Hmm","I","We","Okay","用户","I've","Let","Alright","I'm","User","嗯","It","What","Got","Well","So","You","\"","Hello","我"],"seen_logprobs":[{"tokens":[0,1,2,3,4,5,6,7,8,9,10,11,12,13,14,15,16,17,18,19],"logprobs":[-4.23761,-0.11260966,-3.3626096,-3.8626096,-4.36261,-4.98761,-5.86261,-5.98761,-6.48761,-6.61261,-7.11261,-7.36261,-7.36261,-7.73761,-7.73761,-7.86261,-7.86261,-7.98761,-7.98761,-8.23761]},{"tokens":[1,2,0,4,3,6,5,11,8,7,12,18,14,9,15,20,10,19,21,17],"logprobs":[-0.07703382,-3.4520338,-4.577034,-4.702034,-5.077034,-5.202034,-6.452034,-6.827034,-6.952034,-7.327034,-7.577034,-7.577034,-7.702034,-7.827034,-7.952034,-8.077034,-8.202034,-8.202034,-8.202034,-8.327034]},{"tokens":[2,1,0,4,3,6,5,11,8,7,12,18,14,9,15,20,10,19,21,17],"logprobs":[-3.4520338,-0.07703382,-4.577034,-4.702034,-5.077034,-5.202034,-6.452034,-6.827034,-6.952034,-7.327034,-7.577034,-7.577034,-7.702034,-7.827034,-7.952034,-8.077034,-8.202034,-8.202034,-8.202034,-8.327034]}]}