{"seen_tokens":["It","I","You","That","X"],"seen_logprobs":[{"tokens":[0,1,2,3,4],"logprobs":[-0.02855819,-4.9191833,-4.9504333,-5.1848083,-5.9660583]},{"tokens":[0,2,3,1,4],"logprobs":[-0.03432411,-4.768699,-4.784324,-4.924949,-6.081199]},{"tokens":[0,3,1,2,4],"logprobs":[-0.04997391,-4.409349,-4.424974,-4.565599,-5.534349]}]}