{"seen_tokens":["It","I","You","That","X"],"seen_logprobs":[{"tokens":[0,1,2,3,4],"logprobs":[-0.02855819,-4.9191833,-4.9504333,-5.1848083,-5.9660583]}]}