{"seen_tokens":["Hello","It","Hi","Looks","Seems"],"seen_logprobs":[{"tokens":[0,1,2,3,4],"logprobs":[-0.31339946,-1.3133994,-8.938399,-12.188399,-14.938399]},{"tokens":[0,1,2,3,4],"logprobs":[-0.38701475,-1.1370147,-8.887014,-12.387014,-15.012014]},{"tokens":[0,1,2,3,4],"logprobs":[-0.38701627,-1.1370163,-8.887016,-12.137016,-14.762016]}]}