{"seen_tokens":["How","It","Hello","Hi","What","hello","Welcome","I","it"," Hello","Hey","You","High","how","Talk",">Hello","Why","hi","它","Who","Its"],"seen_logprobs":[{"tokens":[0,1,2,3,4,5,6,7,8,9,10,11,12,13,14,15,16,17,18,19],"logprobs":[-0.108737335,-3.1087372,-3.3587372,-4.1087375,-4.9837375,-9.046237,-11.421237,-11.546237,-11.733737,-11.733737,-12.233737,-12.421237,-12.671237,-12.733737,-12.983737,-12.983737,-13.046237,-13.296237,-13.421237,-13.421237]},{"tokens":[0,1,2,3,4,5,6,8,7,9,10,11,13,12,16,15,14,17,19,20],"logprobs":[-0.09877114,-3.098771,-3.473771,-4.348771,-5.348771,-9.161271,-11.723771,-11.848771,-11.848771,-11.911271,-12.223771,-12.786271,-12.786271,-12.848771,-13.098771,-13.223771,-13.348771,-13.536271,-13.536271,-13.598771]},{"tokens":[2,0,1,3,4,5,6,7,8,9,10,11,12,13,14,15,16,17,18,19],"logprobs":[-3.3587372,-0.108737335,-3.1087372,-4.1087375,-4.9837375,-9.046237,-11.421237,-11.546237,-11.733737,-11.733737,-12.233737,-12.421237,-12.671237,-12.733737,-12.983737,-12.983737,-13.046237,-13.296237,-13.421237,-13.421237]},{"tokens":[2,0,1,3,4,5,6,8,7,9,10,11,13,12,16,15,14,17,19,20],"logprobs":[-3.473771,-0.09877114,-3.098771,-4.348771,-5.348771,-9.161271,-11.723771,-11.848771,-11.848771,-11.911271,-12.223771,-12.786271,-12.786271,-12.848771,-13.098771,-13.223771,-13.348771,-13.536271,-13.536271,-13.598771]}]}