{"seen_tokens":["Hello","Hi","I","It"," Hello"],"seen_logprobs":[{"tokens":[0,1,2,3,4],"logprobs":[-0.0001664,-8.750166,-11.750166,-16.500166,-18.125166]},{"tokens":[0,1,2,3,4],"logprobs":[-0.00006449,-9.750065,-12.000065,-16.250065,-17.625065]},{"tokens":[0,1,2,3,4],"logprobs":[-0.00010085,-9.250101,-12.250101,-17.000101,-18.000101]},{"tokens":[0,1,2,3,4],"logprobs":[-0.00007868,-9.500078,-12.500078,-16.250078,-17.750078]}]}