{"seen_tokens":["Hello","Hi","I","It"," Hello"],"seen_logprobs":[{"tokens":[0,1,2,3,4],"logprobs":[-0.0001664,-8.750166,-11.750166,-16.500166,-18.125166]}]}