{"seen_tokens":["It","You","I","That","x","X","The","What","Your","Unfortunately","Just","A","However","To","Hello","How","it","This","Hi","\""],"seen_logprobs":[{"tokens":[0,1,2,3,4,5,6,7,8,9,10,11,12,13,14,15,16,17,18,19],"logprobs":[-0.060066175,-3.9350662,-4.278816,-4.513191,-5.888191,-5.997566,-6.747566,-6.825691,-6.997566,-7.106941,-7.138191,-7.8803787,-8.013191,-8.161629,-8.239754,-8.606941,-8.833504,-8.974129,-9.060066,-9.231941]}]}