{"seen_tokens":["你好","Hello","您好","有什么","欢迎","你是"],"seen_logprobs":[{"tokens":[0,1,2,3,4],"logprobs":[-0.00195515,-6.876955,-7.126955,-10.501955,-11.251955]},{"tokens":[0,2,1,3,5],"logprobs":[-0.00068379,-7.875684,-8.250684,-11.375684,-11.875684]}]}