{"seen_tokens":["Hello","Hi","{","👋","Healthy","$\\","`","True","_","Template","Step","("," sense","Type","Ass","Hey","Here","Halo","How","Phase"],"seen_logprobs":[{"tokens":[0,1,2,3,4,5,6,7,8,9,10,11,12,13,14,15,16,17,18,19],"logprobs":[-0.0000014305105,-14.031251,-15.306642,-17.039064,-17.171877,-17.500002,-17.500002,-18.156252,-18.234377,-18.453127,-18.843752,-18.906252,-19.015627,-19.031252,-19.078127,-19.109377,-19.140627,-19.187502,-19.234377,-19.296877]},{"tokens":[0,1,2,3,4,6,5,7,8,9,10,11,13,17,16,15,12,14,18,19],"logprobs":[-0.0000011920922,-14.367188,-15.435548,-17.070314,-17.27344,-17.55469,-17.77344,-18.328127,-18.453127,-18.546877,-18.937502,-19.000002,-19.046877,-19.156252,-19.156252,-19.171877,-19.187502,-19.281252,-19.281252,-19.359377]}]}