{"seen_tokens":["Hello","Hi","Good"," Hello","Hey","How","hello","Greetings","Hell",">Hello","Well","\n","Howdy","\\","﻿","​​","**","What","Hola","-"],"seen_logprobs":[{"tokens":[0,1,2,3,4,5,6,7,8,9,10,11,12,13,14,15,16,17,18,19],"logprobs":[-0.000013306016,-11.250013,-16.250013,-17.250013,-17.250013,-21.000013,-21.000013,-21.250013,-21.625013,-22.750013,-23.000013,-23.250013,-24.125013,-24.875013,-25.000013,-25.000013,-25.000013,-25.000013,-25.125013,-25.250013]},{"tokens":[0,1,2,4,3,6,5,7,8,9,10,11,12,15,16,13,14,17,18,19],"logprobs":[-0.000013306016,-11.250013,-16.250013,-17.000013,-17.250013,-20.875013,-21.000013,-21.250013,-21.500013,-22.750013,-23.000013,-23.250013,-24.125013,-24.875013,-24.875013,-24.875013,-24.875013,-25.000013,-25.125013,-25.250013]}]}