{"seen_tokens":["It","How","Hello","Welcome"," How","Hi","Is"," It","What","Its","Can"," Hello","You"," Welcome","它","how","welcome"," welcome","(It","_it"],"seen_logprobs":[{"tokens":[0,1,2,3,4,5,6,7,8,9,10,11,12,13,14,15,16,17,18,19],"logprobs":[-0.39227268,-1.1422726,-5.8922725,-6.3922725,-8.392273,-8.392273,-8.517273,-8.767273,-10.017273,-11.267273,-11.267273,-11.392273,-12.017273,-12.079773,-12.142273,-12.267273,-12.329773,-12.329773,-12.642273,-12.704773]}]}