{"seen_tokens":["It","Hello","Could","To","How","I","Hi","Your","Thank"," Hello","Is","What","The","x","Here","Are","You","If","Please","Can"],"seen_logprobs":[{"tokens":[0,1,2,3,4,5,6,7,8,9,10,11,12,13,14,15,16,17,18,19],"logprobs":[-0.8091606,-0.6841606,-3.8091607,-4.5591607,-4.9341607,-5.6841607,-6.3091607,-6.5591607,-7.7466607,-7.8091607,-8.18416,-8.43416,-8.49666,-8.49666,-8.74666,-9.05916,-9.05916,-9.12166,-9.18416,-9.37166]}]}