{"seen_tokens":["Hello","It","Hi","Hey","You","hello","您好","你好","How","I","x","Hallo","The","What","Please","Could","Sure","Your"," Hello","こんにちは","您"],"seen_logprobs":[{"tokens":[0,1,2,3,4,5,6,7,8,9,10,11,12,13,14,15,16,17,18,19],"logprobs":[-0.080293275,-2.5802934,-7.205293,-9.080294,-9.205294,-9.330294,-9.455294,-9.705294,-9.955294,-10.330294,-10.830294,-11.080294,-11.205294,-11.580294,-11.705294,-11.705294,-11.830294,-12.080294,-12.330294,-12.455294]},{"tokens":[0,1,2,6,4,7,8,3,5,9,11,10,13,12,20,14,19,18,15,17],"logprobs":[-0.09016983,-2.46517,-7.84017,-8.71517,-8.84017,-9.09017,-9.34017,-9.34017,-9.34017,-10.34017,-10.84017,-11.46517,-11.59017,-11.71517,-11.96517,-11.96517,-12.09017,-12.09017,-12.21517,-12.46517]}]}