{"seen_tokens":["</think>"," \""," Or"," Alternatively"," Wait"," Let"," Since"," \n"," Actually"," ("," Also"," Another"," \"..."," It"," Ask"," Keep"," Options"," Even"," Option"," Asking"],"seen_logprobs":[{"tokens":[0,1,2,3,4,5,6,7,8,9,10,11,12,13,14,15,16,17,18,19],"logprobs":[-0.47761893,-0.97761893,-6.477619,-7.352619,-7.477619,-8.227619,-9.102619,-9.352619,-9.727619,-10.352619,-10.477619,-11.477619,-11.540119,-11.540119,-11.977619,-12.040119,-12.165119,-12.165119,-12.165119,-12.415119]}]}