{"seen_tokens":["</think>"," \""," Or"," Alternatively"," Wait"," Let"," Since"," \n"," Actually"," ("," Also"," Another"," \"..."," It"," Ask"," Keep"," Options"," Even"," Option"," Asking","!"," there","！",",","?","."," How"," it","!)","!!"," !"," and","!?","!\n"," how","!\n\n","!).","o","!\\","!]"," ->"," Just"," Better"," Maybe"," Simple"," Simply"," Short"," =>"," Try"," A"],"seen_logprobs":[{"tokens":[0,1,2,3,4,5,6,7,8,9,10,11,12,13,14,15,16,17,18,19],"logprobs":[-0.47761893,-0.97761893,-6.477619,-7.352619,-7.477619,-8.227619,-9.102619,-9.352619,-9.727619,-10.352619,-10.477619,-11.477619,-11.540119,-11.540119,-11.977619,-12.040119,-12.165119,-12.165119,-12.165119,-12.415119]},{"tokens":[20,21,22,23,24,25,26,27,28,29,30,31,32,33,34,35,36,37,38,39],"logprobs":[-0.000002861019,-12.750003,-17.375002,-18.000002,-18.375002,-18.625002,-19.875002,-20.125002,-20.437502,-20.750002,-20.812502,-21.000002,-21.125002,-21.312502,-21.625002,-21.625002,-21.750002,-21.750002,-21.812502,-21.875002]},{"tokens":[0,1,5,2,8,40,41,3,42,43,44,45,46,7,26,4,17,47,48,49],"logprobs":[-0.30474678,-1.6797467,-2.6797469,-6.0547466,-6.5547466,-6.6797466,-7.1797466,-7.3047466,-7.6797466,-9.304747,-9.429747,-9.429747,-9.554747,-9.804747,-9.929747,-10.054747,-10.679747,-11.179747,-11.242247,-11.304747]}]}