{"seen_tokens":["Hello","Hi","Hey","**"," Hello","\"Hello"," Hi","H","hi","Here's"],"seen_logprobs":[{"tokens":[0,1,2,3,4,5,6,7],"logprobs":[-0.07900525,-2.5790052,-9.079005,-13.454005,-17.079006,-17.704006,-18.079006,-18.454006]},{"tokens":[1,0,2,3,6,7,8,9],"logprobs":[-0.000060258477,-10.25006,-10.75006,-12.62506,-16.375061,-17.875061,-18.500061,-20.875061]}]}