{"seen_tokens":["Hello","Hi","Hey","**"," Hello","\"Hello"," Hi","H"],"seen_logprobs":[{"tokens":[0,1,2,3,4,5,6,7],"logprobs":[-0.07900525,-2.5790052,-9.079005,-13.454005,-17.079006,-17.704006,-18.079006,-18.454006]}]}