{"seen_tokens":["Hello","Hi","Hey","**"," Hello","\"Hello"," Hi","H","hi","Here's"," Hey","hey","\"Hey"],"seen_logprobs":[{"tokens":[0,1,2,3,4,5,6,7],"logprobs":[-0.07900525,-2.5790052,-9.079005,-13.454005,-17.079006,-17.704006,-18.079006,-18.454006]},{"tokens":[1,0,2,3,6,7,8,9],"logprobs":[-0.000060258477,-10.25006,-10.75006,-12.62506,-16.375061,-17.875061,-18.500061,-20.875061]},{"tokens":[2,0,1,3,10,7,11,12],"logprobs":[-0.16984768,-2.1698477,-3.1698477,-13.4198475,-15.9198475,-16.919847,-17.919847,-18.669847]},{"tokens":[2,0,1,3,10,7,11,5],"logprobs":[-0.32656288,-1.3265629,-4.326563,-15.701563,-16.451563,-18.201563,-18.826563,-19.076563]}]}