{"seen_tokens":["I","Hello","It","Sorry",",","\n\n","\n","Could","As","Did","The","Hi","Ap","Can","You","To","What","If","There","P","Exc"],"seen_logprobs":[{"tokens":[0,1,2,3,4,5,6,7,8,9,10,11,12,13,14,15,16,17,18,19],"logprobs":[-0.5528766,-1.5528766,-1.8028766,-4.9278765,-4.9278765,-5.1778765,-5.5528765,-5.9278765,-6.5528765,-6.6153765,-6.6778765,-6.6778765,-6.6778765,-6.9903765,-7.1153765,-7.3653765,-7.3653765,-7.4278765,-7.5528765,-7.5528765]},{"tokens":[2,0,1,3,4,5,6,7,9,12,10,8,11,13,14,16,20,15,19,17],"logprobs":[-1.8073144,-0.43231443,-1.9323144,-4.9323144,-5.1823144,-5.5573144,-5.9948144,-5.9948144,-6.3698144,-6.4948144,-6.7448144,-6.7448144,-6.9323144,-7.1198144,-7.1198144,-7.2448144,-7.4948144,-7.5573144,-7.5573144,-7.8073144]}]}