{"seen_tokens":["Hello","Hi","Hey","hello","Hmm","Hola","How","H","Good","He","Well","Hallo","Oh","Greetings","HI","hi","Okay","Welcome","👋","I","Hell","你好"," Hello"],"seen_logprobs":[{"tokens":[0,1,2,3,4,5,6,7,8,9,10,11,12,13,14,15,16,17,18,19],"logprobs":[-0.08919747,-2.4641974,-8.589197,-11.089197,-11.839197,-12.089197,-12.214197,-12.339197,-12.839197,-13.089197,-13.089197,-13.089197,-13.339197,-13.339197,-13.464197,-13.589197,-13.589197,-13.589197,-13.839197,-13.964197]},{"tokens":[0,1,2,3,4,6,7,5,12,9,11,8,10,13,15,14,17,20,16,19],"logprobs":[-0.07013907,-2.6951392,-8.820139,-11.320139,-12.070139,-12.320139,-12.445139,-12.570139,-13.195139,-13.195139,-13.195139,-13.320139,-13.570139,-13.820139,-13.820139,-13.820139,-14.070139,-14.070139,-14.195139,-14.195139]},{"tokens":[0,1,2,3,4,7,5,6,11,10,8,9,12,14,13,15,17,21,22,19],"logprobs":[-0.07913032,-2.5791304,-8.57913,-11.45413,-12.07913,-12.45413,-12.45413,-12.57913,-13.07913,-13.20413,-13.20413,-13.20413,-13.45413,-13.70413,-13.95413,-14.07913,-14.07913,-14.20413,-14.32913,-14.32913]}]}