{"seen_tokens":["Hello","Hi","Hey","hello","Hmm","Hola","How","H","Good","He","Well","Hallo","Oh","Greetings","HI","hi","Okay","Welcome","👋","I"],"seen_logprobs":[{"tokens":[0,1,2,3,4,5,6,7,8,9,10,11,12,13,14,15,16,17,18,19],"logprobs":[-0.08919747,-2.4641974,-8.589197,-11.089197,-11.839197,-12.089197,-12.214197,-12.339197,-12.839197,-13.089197,-13.089197,-13.089197,-13.339197,-13.339197,-13.464197,-13.589197,-13.589197,-13.589197,-13.839197,-13.964197]}]}