{"seen_tokens":["Hello","Hi"," Hello","Hey","hello"],"seen_logprobs":[{"tokens":[0,1,2,3,4],"logprobs":[-0.00020466,-8.500205,-13.750205,-16.250204,-17.250204]}]}