{"seen_tokens":["Hello","Hi"," Hello","Hey","hello"],"seen_logprobs":[{"tokens":[0,1,2,3,4],"logprobs":[-0.00020466,-8.500205,-13.750205,-16.250204,-17.250204]},{"tokens":[0,1,2,3,4],"logprobs":[-0.00015997,-8.75016,-13.50016,-16.87516,-17.87516]},{"tokens":[0,1,2,3,4],"logprobs":[-0.0002043,-8.500204,-14.125204,-16.375204,-17.625204]}]}