{"seen_tokens":["Hello","I","Hi"," Hello","It","你好","X","hello"," Hi",">Hello","The","You"," hello","Looking","Here","您好","_hello","This","Hey","x"],"seen_logprobs":[{"tokens":[0,1,2,3,4,5,6,7,8,9,10,11,12,13,14,15,16,17,18,19],"logprobs":[-0.0003716255,-8.500372,-8.750372,-11.750372,-14.000372,-14.625372,-15.375372,-15.625372,-16.125372,-17.000372,-18.500372,-18.500372,-19.250372,-19.500372,-19.625372,-19.625372,-19.750372,-19.875372,-19.875372,-20.000372]}]}