{"seen_tokens":["It","Since","You","Depending","I","How","Please"," It"," it","Hello","As","Thinking","Because","If","Your","Whether","Did","**","Assuming","Looking","Could","Do"],"seen_logprobs":[{"tokens":[0,1,2,3,4,5,6,7,8,9,10,11,12,13,14,15,16,17,18,19],"logprobs":[-0.0038334199,-6.1735415,-7.351852,-7.8697314,-8.097607,-8.564089,-8.64323,-10.751923,-12.23195,-12.61754,-12.763717,-13.157693,-13.356939,-13.457123,-13.759892,-13.810677,-14.168715,-14.271825,-14.271825,-14.427162]},{"tokens":[0,1,3,2,6,5,7,4,8,12,11,15,13,16,18,9,10,17,20,19],"logprobs":[-0.0021986677,-6.555923,-8.479987,-8.479987,-8.711437,-9.185096,-9.922599,-10.78011,-11.769436,-13.293131,-13.391624,-13.63951,-13.689369,-13.990473,-14.142274,-14.243933,-14.243933,-14.345958,-14.448346,-14.551095]},{"tokens":[0,1,2,3,6,5,7,4,8,13,12,11,10,15,9,16,19,17,18,21],"logprobs":[-0.0023381605,-6.752451,-7.7417355,-8.113615,-8.4182415,-9.126942,-10.0371475,-10.122299,-12.190692,-13.501013,-13.550871,-13.701006,-13.801559,-13.801559,-13.902483,-13.953083,-14.156402,-14.156402,-14.309848,-14.515708]}]}