{"seen_tokens":["Okay","好的","Alright","嗯","Hmm","The","Well","好","用户","This","Hello","Sure","看起来","Oh","Good","Wow","Hey","Oops","Wait","很"],"seen_logprobs":[{"tokens":[0,1,2,3,4,5,6,7,8,9,10,11,12,13,14,15,16,17,18,19],"logprobs":[-0.24420105,-2.212951,-2.931701,-3.275451,-5.681701,-5.916076,-6.744201,-6.791076,-7.431701,-7.791076,-7.869201,-8.041076,-8.228576,-8.322326,-8.337951,-8.759826,-8.806701,-8.869201,-8.916076,-8.931701]},{"tokens":[0,1,2,3,4,5,6,7,8,9,10,11,12,13,14,15,16,17,18,19],"logprobs":[-0.24984644,-2.1873465,-2.9217215,-3.2498465,-5.6717215,-5.9217215,-6.7498465,-6.7810965,-7.4373465,-7.7810965,-7.8592215,-8.046721,-8.234221,-8.312346,-8.343596,-8.734221,-8.796721,-8.859221,-8.906096,-8.937346]}]}