{"seen_tokens":["Okay","好的","Alright","嗯","Hmm","The","Well","好","用户","This","Hello","Sure","看起来","Oh","Good","Wow","Hey","Oops","Wait","很"],"seen_logprobs":[{"tokens":[0,1,2,3,4,5,6,7,8,9,10,11,12,13,14,15,16,17,18,19],"logprobs":[-0.24420105,-2.212951,-2.931701,-3.275451,-5.681701,-5.916076,-6.744201,-6.791076,-7.431701,-7.791076,-7.869201,-8.041076,-8.228576,-8.322326,-8.337951,-8.759826,-8.806701,-8.869201,-8.916076,-8.931701]}]}