{"seen_tokens":["Hello","Hi","Hey","Good"," Hello","hello","Hell","How","Greetings","\n",">Hello","Howdy","What","﻿","​​","Well","Hola","\\","​","-"],"seen_logprobs":[{"tokens":[0,1,2,3,4,5,6,7,8,9,10,11,12,13,14,15,16,17,18,19],"logprobs":[-0.00002188868,-10.750022,-15.250022,-16.250021,-16.750021,-20.625021,-20.875021,-21.000021,-21.625021,-22.250021,-22.625021,-23.375021,-23.750021,-24.125021,-24.250021,-24.250021,-24.625021,-24.750021,-24.875021,-25.250021]}]}