{"seen_tokens":["Hello","Hi","Hey","Good"," Hello","hello","Hell","How","Greetings","\n",">Hello","Howdy","What","﻿","​​","Well","Hola","\\","​","-","**"],"seen_logprobs":[{"tokens":[0,1,2,3,4,5,6,7,8,9,10,11,12,13,14,15,16,17,18,19],"logprobs":[-0.00002188868,-10.750022,-15.250022,-16.250021,-16.750021,-20.625021,-20.875021,-21.000021,-21.625021,-22.250021,-22.625021,-23.375021,-23.750021,-24.125021,-24.250021,-24.250021,-24.625021,-24.750021,-24.875021,-25.250021]},{"tokens":[0,1,3,2,4,5,7,6,8,10,15,9,11,12,20,14,17,16,18,13],"logprobs":[-0.000010445127,-11.5000105,-15.7500105,-16.25001,-18.00001,-21.00001,-21.37501,-22.00001,-22.62501,-23.75001,-23.87501,-24.12501,-24.12501,-24.75001,-25.50001,-25.50001,-25.62501,-25.75001,-25.87501,-26.00001]}]}