{"seen_tokens":["It","Hello","Could","Hi","Sure","The"],"seen_logprobs":[{"tokens":[0,1,2,3,4],"logprobs":[-0.14937407,-2.7743726,-3.3993711,-4.3993664,-4.649364]},{"tokens":[0,1,2,4,3],"logprobs":[-0.1416337,-3.0166318,-3.5166304,-4.391626,-4.766622]},{"tokens":[0,1,2,4,3],"logprobs":[-0.13967581,-3.1396737,-3.2646732,-4.6396656,-4.6396656]},{"tokens":[0,2,1,4,5],"logprobs":[-0.11482798,-3.114826,-3.6148243,-5.1148114,-5.3648067]}]}