{"seen_tokens":["It","I","Hello","x","Could","If","Hi","Can","Please","Sure","Your","Based","How","Unfortunately","\"x","What","You","The","Are","As","Is","Under","X","Thank","*","Okay","*x","Hey","Here"],"seen_logprobs":[{"tokens":[0,1,2,3,4,5,6,7,8,9,10,11,12,13,14,15,16,17,18,19],"logprobs":[-0.4947687,-2.0885186,-2.1666436,-3.1666436,-3.6353936,-4.4166436,-4.4478936,-5.033831,-5.0572686,-5.346331,-5.5260186,-5.752581,-5.8072686,-5.893206,-6.143206,-6.1978936,-6.346331,-6.3541436,-6.5416436,-6.6197686]},{"tokens":[0,2,1,3,4,6,5,8,7,12,9,10,13,15,11,19,16,14,17,20],"logprobs":[-0.4647733,-2.0585232,-2.2147732,-3.3241482,-3.8553982,-4.371023,-4.402273,-5.121023,-5.3944607,-5.402273,-5.589773,-5.636648,-6.089773,-6.0975857,-6.214773,-6.3475857,-6.4725857,-6.5038357,-6.6132107,-6.6444607]},{"tokens":[1,0,2,21,3,22,16,23,6,24,17,9,25,15,26,27,20,8,28,18],"logprobs":[-0.052120272,-4.23962,-4.286495,-5.55212,-5.598995,-5.80212,-5.86462,-6.14587,-6.36462,-6.723995,-6.973995,-7.52087,-7.692745,-8.42712,-8.528683,-8.661495,-8.70837,-8.83337,-9.059933,-9.153683]},{"tokens":[1,0,2,16,22,3,23,21,6,24,9,17,25,27,15,26,20,8,28,18],"logprobs":[-0.057924774,-3.9485497,-4.1985497,-5.7610497,-5.7766747,-5.8547997,-5.9485497,-6.0579247,-6.1829247,-6.6047997,-7.0110497,-7.2922997,-7.5891747,-8.378238,-8.503238,-8.503238,-8.550113,-8.557925,-9.175113,-9.19855]}]}