{"seen_tokens":["Hello","Hi","Hey","Good","I","hello","Bon","Nice","What","How","Welcome","Oh","H"," Hello","He","You","It","HI","Great","hi","My"],"seen_logprobs":[{"tokens":[0,1,2,3,4,5,6,7,8,9,10,11,12,13,14,15,16,17,18,19],"logprobs":[-0.08535922,-2.5853593,-5.460359,-7.960359,-8.21036,-8.33536,-8.46036,-8.83536,-9.08536,-9.21036,-9.71036,-9.83536,-9.83536,-10.21036,-10.33536,-10.33536,-10.46036,-10.58536,-10.96036,-10.96036]},{"tokens":[0,1,2,3,5,4,6,7,9,8,12,10,11,13,14,15,16,17,18,19],"logprobs":[-0.08537892,-2.585379,-5.460379,-7.960379,-8.210379,-8.335379,-8.460379,-8.835379,-9.085379,-9.085379,-9.710379,-9.835379,-9.960379,-10.210379,-10.335379,-10.335379,-10.460379,-10.585379,-10.835379,-10.835379]},{"tokens":[0,1,2,3,4,5,6,7,8,9,10,12,11,13,15,14,16,17,18,20],"logprobs":[-0.07574761,-2.7007475,-5.5757475,-8.0757475,-8.3257475,-8.3257475,-8.5757475,-8.9507475,-9.2007475,-9.2007475,-9.8257475,-9.9507475,-10.0757475,-10.3257475,-10.4507475,-10.4507475,-10.5757475,-10.7007475,-10.9507475,-11.0757475]},{"tokens":[0,1,2,3,4,5,6,7,9,8,10,11,12,13,14,15,16,17,18,19],"logprobs":[-0.08543124,-2.5854313,-5.460431,-7.960431,-8.210431,-8.210431,-8.460431,-8.835431,-9.085431,-9.085431,-9.710431,-9.835431,-9.835431,-10.210431,-10.335431,-10.335431,-10.460431,-10.460431,-10.835431,-10.835431]}]}