{"seen_tokens":["Hello","ĠHello","Hi","Bon","Hey","Ċ","ĠHi","Â¡","How","ð","hello","ĠHey","Ġhello","ĠBon","What","I","Sal","ĊĊ","Good","G"],"seen_logprobs":[{"tokens":[0,1,2,3,4,5,6,7,8,9,10,11,12,13,14,15,16,17,18,19],"logprobs":[-0.03047453,-4.2179747,-5.4054747,-6.0304747,-6.1554747,-7.0929747,-7.2179747,-7.5929747,-7.6554747,-8.030475,-8.342975,-8.405475,-8.467975,-8.467975,-8.592975,-8.655475,-8.905475,-8.967975,-9.405475,-9.655475]}]}