{"seen_tokens":["Hello","It","Hi","Looks","Hey"],"seen_logprobs":[{"tokens":[0,1,2,3,4],"logprobs":[-0.25201654,-1.5020165,-9.377016,-13.252016,-15.752016]}]}