{"seen_tokens":["It","I","This","That","Unfortunately","You","There","Not","To","Could","A","Is","However","Your","Too","Nothing","More"," It","Can","Since"],"seen_logprobs":[{"tokens":[0,1,2,3,4,5,6,7,8,9,10,11,12,13,14,15,16,17,18,19],"logprobs":[-0.0345343,-4.1126595,-5.3939095,-5.5501595,-6.3939095,-6.6126595,-6.6439095,-6.8314095,-7.0189095,-7.1595345,-7.3782845,-8.034534,-8.276722,-8.378284,-9.206409,-9.307972,-9.573597,-10.018909,-10.159534,-10.253284]}]}