{"seen_tokens":["It","I","This","That","Unfortunately","You","There","Not","To","Could","A","Is","However","Your","Too","Nothing","More"," It","Can","Since"],"seen_logprobs":[{"tokens":[0,1,2,3,4,5,6,7,8,9,10,11,12,13,14,15,16,17,18,19],"logprobs":[-0.0345343,-4.1126595,-5.3939095,-5.5501595,-6.3939095,-6.6126595,-6.6439095,-6.8314095,-7.0189095,-7.1595345,-7.3782845,-8.034534,-8.276722,-8.378284,-9.206409,-9.307972,-9.573597,-10.018909,-10.159534,-10.253284]},{"tokens":[0,1,2,3,4,5,6,7,8,9,10,11,12,13,14,15,16,17,18,19],"logprobs":[-0.039395235,-3.9768953,-5.2268953,-5.4300203,-6.3518953,-6.4456453,-6.5393953,-6.5706453,-7.1018953,-7.1487703,-7.3050203,-7.828458,-8.133145,-8.219083,-9.05502,-9.18002,-9.390958,-10.08627,-10.101895,-10.234708]}]}