{"seen_tokens":["X","Hello","It","*X","_X","x","Hmm","Greetings","Looks","👋"," X","You","\"","That","Did","A",".X","I","Hey","The","Just"," Hello","Is","Got","Are","Welcome","你好","How","Interesting","What","Hi","Well","Hola"," It","\tIt"," it","it",".It","它","看起来","_it"],"seen_logprobs":[{"tokens":[0,1,2,3,4,5,6,7,8,9,10,11,12,13,14,15,16,17,18,19],"logprobs":[-0.00031466302,-8.625315,-9.250315,-12.312815,-12.687815,-12.687815,-12.750315,-13.000315,-13.062815,-13.437815,-13.500315,-13.625315,-13.687815,-13.750315,-13.812815,-13.937815,-14.062815,-14.125315,-14.312815,-14.562815]},{"tokens":[1,14,20,11,2,21,22,8,12,7,23,18,24,13,25,26,9,27,28,29],"logprobs":[-0.055167645,-3.4301677,-4.5551677,-5.1801677,-5.5551677,-8.055167,-8.180167,-8.305167,-8.930167,-9.492667,-10.805167,-10.930167,-11.055167,-11.180167,-11.367667,-11.492667,-11.617667,-11.742667,-11.742667,-11.805167]},{"tokens":[1,2,14,8,21,20,11,22,18,24,7,6,30,12,26,25,13,31,32,9],"logprobs":[-0.01314945,-4.7631493,-5.6381493,-8.263149,-8.388149,-8.388149,-9.263149,-9.888149,-10.638149,-10.763149,-11.138149,-11.825649,-11.950649,-12.388149,-12.638149,-12.763149,-12.950649,-13.138149,-13.575649,-13.700649]},{"tokens":[2,8,33,1,14,34,11,35,36,37,38,22,30,27,13,17,39,40,18,20],"logprobs":[-0.0000057220295,-12.750006,-13.500006,-14.125006,-15.375006,-16.375006,-16.625006,-16.875006,-16.875006,-17.250006,-17.750006,-17.875006,-18.125006,-18.562506,-18.687506,-18.687506,-18.812506,-19.000006,-19.750006,-19.812506]}]}