{"seen_tokens":["X","Hello","It","*X","_X","x","Hmm","Greetings","Looks","👋"," X","You","\"","That","Did","A",".X","I","Hey","The"],"seen_logprobs":[{"tokens":[0,1,2,3,4,5,6,7,8,9,10,11,12,13,14,15,16,17,18,19],"logprobs":[-0.00031466302,-8.625315,-9.250315,-12.312815,-12.687815,-12.687815,-12.750315,-13.000315,-13.062815,-13.437815,-13.500315,-13.625315,-13.687815,-13.750315,-13.812815,-13.937815,-14.062815,-14.125315,-14.312815,-14.562815]}]}