{"seen_tokens":["It","**","The","Ah","Il","O","Hello","Oh","**\"","¡","Could","Bien","La","*","Hey","Je","Se","X","El","\"","Na"],"seen_logprobs":[{"tokens":[0,1,2,3,4,5,6,7,8,9,10,11,12,13,14,15,16,17,18,19],"logprobs":[-0.78751475,-2.9125147,-3.1625147,-3.2250147,-3.2875147,-3.7250147,-4.0375147,-4.1000147,-4.2250147,-4.3500147,-4.3500147,-4.4125147,-4.4750147,-4.7875147,-4.7875147,-4.7875147,-4.9125147,-5.0375147,-5.0375147,-5.2250147]},{"tokens":[20,0,1,2,3,4,5,6,7,8,9,10,11,12,14,15,16,17,13,18],"logprobs":[-8.603411,-0.7909112,-2.9159112,-3.1659112,-3.2284112,-3.2909112,-3.7909112,-4.040911,-4.040911,-4.290911,-4.290911,-4.290911,-4.415911,-4.478411,-4.665911,-4.790911,-4.915911,-4.915911,-4.915911,-5.103411]}]}