{"seen_tokens":["<think>","</think>","<|im_start|>","Okay","<tool_response>","<tool_call>","<|im_end|>","_iface","$$","_ok","okay","大脑","brain","嗯","思考","เศรษ"," Poison","th","_marshaled","อำนวยความ","脑"],"seen_logprobs":[{"tokens":[0,1,2,3,4,5,6,7,8,9,10,11,12,13,14,15,16,17,18,19],"logprobs":[-3.576278e-7,-15.0390625,-16.632812,-16.726562,-17.984375,-18.414062,-18.609375,-19.289062,-19.304688,-19.71875,-19.828125,-19.84375,-19.984375,-20.1875,-20.203125,-20.28125,-20.289062,-20.304688,-20.320312,-20.382812]},{"tokens":[0,1,2,3,4,5,6,7,8,9,10,11,12,13,14,15,16,17,18,20],"logprobs":[-2.3841855e-7,-15.0546875,-16.648438,-16.734375,-18.0,-18.429688,-18.625,-19.304688,-19.320312,-19.734375,-19.84375,-19.859375,-20.007812,-20.203125,-20.21875,-20.289062,-20.304688,-20.320312,-20.34375,-20.382812]}]}