{"seen_tokens":["Hello","Hey","Hi","","你好","Welcome","Here","H","您好","Yo","How","¡","I","Hell","You","嗨","\"","*","Ol","What","✨","He"],"seen_logprobs":[{"tokens":[0,1,2,3,4,5,6,7,8,9,10,11,12,13,14,15,16,17,18,19],"logprobs":[-1.0991604,-1.0991604,-1.0991604,-9.22416,-9.47416,-9.84916,-9.84916,-10.09916,-10.22416,-10.47416,-10.59916,-10.59916,-11.22416,-11.22416,-11.22416,-11.59916,-11.84916,-12.09916,-12.09916,-12.34916]},{"tokens":[2,0,1,10,3,7,11,8,9,4,6,5,12,18,14,13,19,15,20,21],"logprobs":[-1.232764,-0.73276395,-1.482764,-8.357764,-8.982764,-9.232764,-9.357764,-9.482764,-9.857764,-10.232764,-10.232764,-10.482764,-10.982764,-10.982764,-11.357764,-11.357764,-11.482764,-11.732764,-11.857764,-11.857764]}]}