{"seen_tokens":["Hello","Hey","Hi","","你好","Welcome","Here","H","您好","Yo","How","¡","I","Hell","You","嗨","\"","*","Ol","What"],"seen_logprobs":[{"tokens":[0,1,2,3,4,5,6,7,8,9,10,11,12,13,14,15,16,17,18,19],"logprobs":[-1.0991604,-1.0991604,-1.0991604,-9.22416,-9.47416,-9.84916,-9.84916,-10.09916,-10.22416,-10.47416,-10.59916,-10.59916,-11.22416,-11.22416,-11.22416,-11.59916,-11.84916,-12.09916,-12.09916,-12.34916]}]}