{"seen_tokens":["\n","</think>","\n\n","1"," "],"seen_logprobs":[{"tokens":[0,1,2,3,4],"logprobs":[-0.00000632,-12.000007,-16.062506,-17.750006,-18.625006]},{"tokens":[0,1,2,3,4],"logprobs":[-0.00000501,-12.250005,-15.750005,-17.750006,-19.062506]},{"tokens":[0,1,2,3,4],"logprobs":[-0.00000644,-12.000007,-15.375007,-17.500006,-18.875006]}]}