{"seen_tokens":["\n","</think>","\n\n","1"," "],"seen_logprobs":[{"tokens":[0,1,2,3,4],"logprobs":[-0.00000632,-12.000007,-16.062506,-17.750006,-18.625006]}]}