{"seen_tokens":["Hello","你好","Hi","Hey","嗨"],"seen_logprobs":[{"tokens":[0,1,2,3,4],"logprobs":[-0.62923396,-1.129234,-2.3792338,-3.1292338,-6.004234]}]}