{"seen_tokens":["Hi","Hello","你好","","嗨","Hey","How","好的","您好","H","hello","I","!","大家好","打招呼","What"," Hello","He","嘿"," Hi"],"seen_logprobs":[{"tokens":[0,1,2,3,4,5,6,7,8,9,10,11,12,13,14,15,16,17,18,19],"logprobs":[-2.04022,-0.66521996,-1.04022,-7.29022,-7.66522,-8.04022,-8.41522,-9.04022,-9.66522,-9.91522,-10.16522,-10.29022,-10.41522,-10.41522,-10.41522,-10.54022,-10.66522,-10.79022,-10.79022,-10.79022]}]}