{"seen_tokens":["Hi","Hello","你好","","嗨","Hey","How","好的","您好","H","hello","I","!","大家好","打招呼","What"," Hello","He","嘿"," Hi","你","こ","哈","Hell"],"seen_logprobs":[{"tokens":[0,1,2,3,4,5,6,7,8,9,10,11,12,13,14,15,16,17,18,19],"logprobs":[-2.04022,-0.66521996,-1.04022,-7.29022,-7.66522,-8.04022,-8.41522,-9.04022,-9.66522,-9.91522,-10.16522,-10.29022,-10.41522,-10.41522,-10.41522,-10.54022,-10.66522,-10.79022,-10.79022,-10.79022]},{"tokens":[2,1,0,4,6,3,9,5,7,8,14,10,20,11,13,16,21,22,23,12],"logprobs":[-1.0698802,-0.4448803,-4.1948805,-8.8198805,-8.9448805,-9.0698805,-9.3198805,-9.3198805,-9.6948805,-10.0698805,-10.6948805,-10.9448805,-11.0698805,-11.1948805,-11.1948805,-11.1948805,-11.3198805,-11.4448805,-11.4448805,-11.5698805]},{"tokens":[2,1,0,3,4,6,5,8,7,14,9,10,13,12,17,18,16,20,22,23],"logprobs":[-0.4920689,-0.9920689,-4.117069,-7.117069,-8.867069,-8.992069,-9.367069,-9.742069,-10.117069,-10.492069,-10.492069,-10.742069,-11.367069,-11.492069,-11.492069,-11.492069,-11.492069,-11.617069,-11.617069,-11.617069]}]}