{"seen_tokens":["你好","您好","你","You","Hi","I","抱歉","看起来","H","It","由于","The","（","Hello","您","嗨","很","“","This","好的"],"seen_logprobs":[{"tokens":[0,1,2,3,4,5,6,7,8,9,10,11,12,13,14,15,16,17,18,19],"logprobs":[-0.122609995,-3.12261,-3.74761,-4.37261,-4.62261,-5.37261,-6.37261,-6.37261,-6.37261,-6.49761,-6.62261,-6.62261,-6.74761,-7.12261,-7.12261,-7.24761,-7.37261,-7.49761,-7.49761,-7.49761]}]}