{"seen_tokens":["你好","您好","你","You","Hi","I","抱歉","看起来","H","It","由于","The","（","Hello","您","嗨","很","“","This","好的","嗯","我","Sorry","As","对不起","很高兴","Good"],"seen_logprobs":[{"tokens":[0,1,2,3,4,5,6,7,8,9,10,11,12,13,14,15,16,17,18,19],"logprobs":[-0.122609995,-3.12261,-3.74761,-4.37261,-4.62261,-5.37261,-6.37261,-6.37261,-6.37261,-6.49761,-6.62261,-6.62261,-6.74761,-7.12261,-7.12261,-7.24761,-7.37261,-7.49761,-7.49761,-7.49761]},{"tokens":[0,1,4,5,13,3,9,19,2,7,8,11,6,12,20,16,21,17,18,22],"logprobs":[-0.15319103,-2.903191,-3.903191,-3.903191,-5.028191,-5.028191,-5.153191,-5.278191,-5.403191,-6.028191,-6.278191,-6.528191,-6.653191,-6.778191,-7.028191,-7.278191,-7.278191,-7.403191,-7.403191,-7.403191]},{"tokens":[23,0,6,1,16,4,8,3,19,22,2,13,17,5,15,10,24,25,11,26],"logprobs":[-10.669455,-0.16945428,-2.6694543,-3.5444543,-4.544454,-4.919454,-5.169454,-5.294454,-5.544454,-5.544454,-6.169454,-6.294454,-6.294454,-6.294454,-6.544454,-6.544454,-6.544454,-7.294454,-7.294454,-7.544454]}]}