{"seen_tokens":["<think>","The","x","1","We","This","\n"," The","</think>","<|im_end|>","<|tool_call_begin|>"," o","o",".\n",".The","n","_x","->","-The","0"],"seen_logprobs":[{"tokens":[0,1,2,3,4,5,6,7,8,9,10,11,12,13,14,15,16,17,18,19],"logprobs":[0.0,-17.3125,-22.0,-22.375,-22.375,-22.4375,-22.625,-22.625,-22.875,-23.75,-23.78125,-24.25,-24.25,-24.34375,-24.34375,-24.53125,-24.6875,-24.78125,-24.8125,-24.96875]}]}