{"seen_tokens":["Hi","Hey","Hello","**","H","Yo","Just","Oh","Here's"," Hi"],"seen_logprobs":[{"tokens":[0,1,2,3,4,5,6,7],"logprobs":[-0.38941824,-1.1394182,-6.514418,-7.139418,-8.514419,-11.639419,-12.014419,-12.139419]},{"tokens":[0,1,3,2,4,5,8,9],"logprobs":[-0.102308705,-2.3523088,-6.4773088,-7.8523088,-8.977308,-12.102308,-12.227308,-12.352308]}]}