{"seen_tokens":["Hi","Hey","Hello","**","H","Yo","Just","Oh"],"seen_logprobs":[{"tokens":[0,1,2,3,4,5,6,7],"logprobs":[-0.38941824,-1.1394182,-6.514418,-7.139418,-8.514419,-11.639419,-12.014419,-12.139419]}]}