{"seen_tokens":["Hello","Hi","Hey","hello","Hmm","H","Hola","How","Hallo","Well","Good","He","Oh","HI","Greetings","hi","Welcome","你好"," Hello","I"],"seen_logprobs":[{"tokens":[0,1,2,3,4,5,6,7,8,9,10,11,12,13,14,15,16,17,18,19],"logprobs":[-0.07913032,-2.5791304,-8.57913,-11.45413,-12.07913,-12.45413,-12.45413,-12.57913,-13.07913,-13.20413,-13.20413,-13.20413,-13.45413,-13.70413,-13.95413,-14.07913,-14.07913,-14.20413,-14.32913,-14.32913]}]}