{"seen_tokens":["Hello","Hi","1","!","&","/","+","(",".","#","*",")","\"","0",",","-","'","2","$","%"],"seen_logprobs":[{"tokens":[0,1,2,3,4,5,6,7,8,9,10,11,12,13,14,15,16,17,18,19],"logprobs":[-0.1541812,-1.9457271,-9999.0,-9999.0,-9999.0,-9999.0,-9999.0,-9999.0,-9999.0,-9999.0,-9999.0,-9999.0,-9999.0,-9999.0,-9999.0,-9999.0,-9999.0,-9999.0,-9999.0,-9999.0]},{"tokens":[0,1,5,15,11,14,17,12,6,2,3,7,9,4,13,16,8,18,10,19],"logprobs":[-0.13850279,-2.0453174,-9999.0,-9999.0,-9999.0,-9999.0,-9999.0,-9999.0,-9999.0,-9999.0,-9999.0,-9999.0,-9999.0,-9999.0,-9999.0,-9999.0,-9999.0,-9999.0,-9999.0,-9999.0]},{"tokens":[0,1,15,8,7,5,10,6,17,14,16,13,9,18,4,2,3,12,11,19],"logprobs":[-0.12216836,-2.1628177,-9999.0,-9999.0,-9999.0,-9999.0,-9999.0,-9999.0,-9999.0,-9999.0,-9999.0,-9999.0,-9999.0,-9999.0,-9999.0,-9999.0,-9999.0,-9999.0,-9999.0,-9999.0]},{"tokens":[0,1,14,17,12,5,6,7,11,4,15,2,18,10,8,3,13,16,9,19],"logprobs":[-0.20480482,-1.6863531,-9999.0,-9999.0,-9999.0,-9999.0,-9999.0,-9999.0,-9999.0,-9999.0,-9999.0,-9999.0,-9999.0,-9999.0,-9999.0,-9999.0,-9999.0,-9999.0,-9999.0,-9999.0]}]}