{"seen_tokens":["你好","<｜end▁of▁sentence｜>","!","\"","#","$","'","(","*","+","-",".","/","0","1","2","4","5",":","<","Hello","3","6","="],"seen_logprobs":[{"tokens":[0,1,2,3,4,5,6,7,8,9,10,11,12,13,14,15,16,17,18,19],"logprobs":[0.0,-9999.0,-9999.0,-9999.0,-9999.0,-9999.0,-9999.0,-9999.0,-9999.0,-9999.0,-9999.0,-9999.0,-9999.0,-9999.0,-9999.0,-9999.0,-9999.0,-9999.0,-9999.0,-9999.0]},{"tokens":[20,0,1,2,3,4,5,6,7,8,9,10,12,13,14,15,21,16,17,18],"logprobs":[-2.3693855,-0.09820636,-9999.0,-9999.0,-9999.0,-9999.0,-9999.0,-9999.0,-9999.0,-9999.0,-9999.0,-9999.0,-9999.0,-9999.0,-9999.0,-9999.0,-9999.0,-9999.0,-9999.0,-9999.0]},{"tokens":[0,1,2,3,4,5,6,7,8,9,10,11,12,13,14,15,21,16,17,22],"logprobs":[0.0,-9999.0,-9999.0,-9999.0,-9999.0,-9999.0,-9999.0,-9999.0,-9999.0,-9999.0,-9999.0,-9999.0,-9999.0,-9999.0,-9999.0,-9999.0,-9999.0,-9999.0,-9999.0,-9999.0]},{"tokens":[0,1,2,3,4,5,6,7,8,9,10,12,13,14,15,16,17,18,19,23],"logprobs":[0.0,-9999.0,-9999.0,-9999.0,-9999.0,-9999.0,-9999.0,-9999.0,-9999.0,-9999.0,-9999.0,-9999.0,-9999.0,-9999.0,-9999.0,-9999.0,-9999.0,-9999.0,-9999.0,-9999.0]}]}