{"seen_tokens":["Hello","Hi","Greetings","Hey","Welcome","How","I","Yes"," Hello","X","x","Good","\n","Can","hello","Is","What","It","Sorry","You"],"seen_logprobs":[{"tokens":[0,1,2,3,4,5,6,7,8,9,10,11,12,13,14,15,16,17,18,19],"logprobs":[-0.005808156,-5.3468595,-7.668631,-8.25028,-9.256538,-9.560663,-10.648243,-10.715265,-11.017736,-11.055544,-11.411268,-11.782629,-12.26162,-12.576267,-12.641623,-12.674978,-12.75845,-12.99888,-13.29517,-13.539921]}]}