{"seen_tokens":["I","It","You","Your","Unfortunately","The","X","There","If","Unknown","This","However","That","How","What","To","A","Please","x","We"],"seen_logprobs":[{"tokens":[0,1,2,3,4,5,6,7,8,9,10,11,12,13,14,15,16,17,18,19],"logprobs":[-0.18103202,-1.9310321,-4.931032,-5.681032,-5.806032,-6.431032,-7.306032,-7.556032,-7.868532,-7.993532,-7.993532,-8.056032,-8.118532,-8.931032,-8.931032,-9.118532,-9.181032,-9.181032,-9.493532,-9.556032]},{"tokens":[0,1,2,3,4,8,5,7,6,9,10,12,13,11,19,17,18,15,16,14],"logprobs":[-0.16445874,-2.0394588,-4.6644588,-6.0394588,-6.1644588,-6.6644588,-6.9769588,-7.2269588,-8.101958,-8.164458,-8.226958,-8.351958,-8.476958,-8.601958,-8.789458,-8.789458,-8.976958,-8.976958,-9.289458,-9.351958]}]}