{"seen_tokens":["Hello","Hi","你好","Hey","**"],"seen_logprobs":[{"tokens":[0,1,2,3,4],"logprobs":[-0.12068932,-2.3706894,-4.3706894,-5.1206894,-7.8706894]}]}