{"seen_tokens":["看起来","你好","您好","It","Hello","它","您","你","Looks","Hi","似乎","You","看来","Hey","您的","你的","抱歉","你在","\"","看上去"],"seen_logprobs":[{"tokens":[0,1,2,3,4,5,6,7,8,9,10,11,12,13,14,15,16,17,18,19],"logprobs":[-0.4811402,-1.3561401,-2.4811401,-3.8561401,-4.98114,-5.23114,-5.48114,-6.35614,-7.60614,-7.73114,-9.48114,-9.48114,-9.98114,-10.23114,-10.48114,-10.73114,-11.10614,-11.35614,-11.48114,-11.73114]}]}