{"seen_tokens":["Hello","Hi"," Hello","Hey","hello"],"seen_logprobs":[{"tokens":[0,1,2,3,4],"logprobs":[-0.0002043,-8.500204,-14.125204,-16.500204,-17.500204]}]}