{"seen_tokens":["It","The","Could","**","La","El","Your","Es","¡","X","x","H","Il","P","it","Hello","它","could","A","¿"],"seen_logprobs":[{"tokens":[0,1,2,3,4,5,6,7,8,9,10,11,12,13,14,15,16,17,18,19],"logprobs":[-0.30650198,-2.8065019,-2.9315019,-2.9315019,-4.681502,-4.744002,-5.119002,-5.494002,-5.494002,-5.494002,-5.556502,-5.619002,-5.806502,-5.931502,-5.931502,-6.181502,-6.806502,-6.869002,-6.931502,-6.994002]},{"tokens":[0,1,2,3,4,5,6,7,8,9,11,10,12,13,14,15,16,17,18,19],"logprobs":[-0.31536,-2.81536,-2.87786,-2.87786,-4.62786,-4.69036,-5.06536,-5.37786,-5.50286,-5.56536,-5.62786,-5.69036,-5.75286,-5.81536,-5.94036,-6.19036,-6.81536,-6.81536,-6.94036,-7.00286]}]}