{"seen_tokens":["It","The","Could","**","La","El","Your","Es","¡","X","x","H","Il","P","it","Hello","它","could","A","¿"],"seen_logprobs":[{"tokens":[0,1,2,3,4,5,6,7,8,9,10,11,12,13,14,15,16,17,18,19],"logprobs":[-0.30650198,-2.8065019,-2.9315019,-2.9315019,-4.681502,-4.744002,-5.119002,-5.494002,-5.494002,-5.494002,-5.556502,-5.619002,-5.806502,-5.931502,-5.931502,-6.181502,-6.806502,-6.869002,-6.931502,-6.994002]}]}