{"seen_tokens":["Hello","Hi","Greetings","Hey","Welcome","How","Yes","I"," Hello","X","x","Good","hello","\n","Is","Can","What","It","Sorry","You","\n\n"],"seen_logprobs":[{"tokens":[0,1,2,3,4,5,6,7,8,9,10,11,12,13,14,15,16,17,18,19],"logprobs":[-0.0064236787,-5.2428718,-7.638971,-8.042757,-9.271992,-9.438353,-10.529354,-10.54207,-11.118439,-11.217012,-11.258991,-11.697451,-12.285139,-12.398497,-12.425991,-12.615131,-12.712999,-13.0259285,-13.215866,-13.454311]},{"tokens":[0,1,2,3,4,5,7,8,6,9,10,11,13,12,16,15,14,18,17,20],"logprobs":[-0.006299773,-5.2386894,-7.7699623,-8.043798,-9.550903,-10.049459,-10.718262,-11.045952,-11.245836,-11.298626,-11.398678,-11.805773,-12.3232765,-12.585737,-12.868084,-12.945148,-13.075954,-13.277435,-13.411879,-13.603434]}]}