{"seen_tokens":["你好","Hello","您好","Hi","嗨","哈","看起来","H","I","欢迎","При","X","¡","Hey","嘿","It","Looks","看来","你","看到"],"seen_logprobs":[{"tokens":[0,1,2,3,4,5,6,7,8,9,10,11,12,13,14,15,16,17,18,19],"logprobs":[-0.36652058,-1.9658096,-2.4744613,-3.7666385,-4.2341485,-4.68129,-4.6972737,-4.8860784,-6.236233,-6.5658135,-6.7037168,-6.8329663,-6.8781133,-7.2326436,-7.238877,-7.4430547,-7.4900537,-7.588841,-7.7163053,-7.7382894]}]}