{"seen_tokens":["Hi","Hello","Hey","¡","H","He","Great","It","HI"," Hi","Welcome","hi"," Hey","Nice"," Hello","How","**","Hell","Happy",""],"seen_logprobs":[{"tokens":[0,1,2,3,4,5,6,7,8,9,10,11,12,13,14,15,16,17,18,19],"logprobs":[-0.6323203,-1.1323203,-2.0073204,-5.6948204,-5.9448204,-6.9448204,-7.1323204,-7.3823204,-7.4448204,-7.6948204,-8.50732,-8.56982,-8.81982,-9.00732,-9.00732,-9.25732,-9.25732,-9.31982,-9.44482,-9.63232]},{"tokens":[2,0,1,3,4,5,6,7,8,9,10,11,13,12,14,15,16,17,18,19],"logprobs":[-1.9438329,-0.6938329,-1.0688329,-5.568833,-5.881333,-6.818833,-6.881333,-7.068833,-7.318833,-7.693833,-8.318832,-8.506332,-8.756332,-8.756332,-8.881332,-9.006332,-9.006332,-9.193832,-9.318832,-9.506332]},{"tokens":[0,1,2,3,4,5,6,7,8,9,10,11,12,13,14,16,15,17,18,19],"logprobs":[-0.65149605,-1.151496,-1.901496,-5.588996,-5.838996,-6.963996,-6.963996,-7.213996,-7.338996,-7.713996,-8.401496,-8.588996,-8.776496,-8.838996,-8.963996,-9.088996,-9.151496,-9.213996,-9.401496,-9.526496]},{"tokens":[1,0,2,3,4,5,6,7,8,9,10,11,13,12,14,16,15,17,18,19],"logprobs":[-1.0692031,-0.6942031,-1.9442031,-5.506703,-5.819203,-6.756703,-6.881703,-7.194203,-7.319203,-7.694203,-8.319203,-8.506703,-8.756703,-8.756703,-8.881703,-9.006703,-9.069203,-9.131703,-9.319203,-9.506703]}]}