{"seen_tokens":["Hi","Hello","Hey","¡","H","He","Great","It","HI"," Hi","Welcome","hi"," Hey","Nice"," Hello","How","**","Hell","Happy",""],"seen_logprobs":[{"tokens":[0,1,2,3,4,5,6,7,8,9,10,11,12,13,14,15,16,17,18,19],"logprobs":[-0.6323203,-1.1323203,-2.0073204,-5.6948204,-5.9448204,-6.9448204,-7.1323204,-7.3823204,-7.4448204,-7.6948204,-8.50732,-8.56982,-8.81982,-9.00732,-9.00732,-9.25732,-9.25732,-9.31982,-9.44482,-9.63232]}]}