{"seen_tokens":["Hey","Hello","Hi","**"," Hey","H","hey","\"Hey"],"seen_logprobs":[{"tokens":[0,1,2,3,4,5,6,7],"logprobs":[-0.28407305,-1.7840731,-2.534073,-14.659073,-16.659073,-17.909073,-19.034073,-19.159073]}]}