{"seen_tokens":["Hey","Hello","Hi","**"," Hey","H","hey","\"Hey"," Hi","hi","*","Hola"],"seen_logprobs":[{"tokens":[0,1,2,3,4,5,6,7],"logprobs":[-0.28407305,-1.7840731,-2.534073,-14.659073,-16.659073,-17.909073,-19.034073,-19.159073]},{"tokens":[2,0,1,3,5,8,9,10],"logprobs":[-0.0071434323,-5.0071435,-7.7571435,-15.007144,-16.507143,-18.007143,-20.132143,-20.882143]},{"tokens":[0,2,1,3,5,4,6,11],"logprobs":[-0.113028705,-2.3630288,-4.3630285,-14.863029,-15.988029,-16.36303,-17.98803,-18.36303]}]}