{"seen_tokens":["Hey","Hello","Hi","**"," Hey","H","hey","\"Hey"," Hi","hi","*"],"seen_logprobs":[{"tokens":[0,1,2,3,4,5,6,7],"logprobs":[-0.28407305,-1.7840731,-2.534073,-14.659073,-16.659073,-17.909073,-19.034073,-19.159073]},{"tokens":[2,0,1,3,5,8,9,10],"logprobs":[-0.0071434323,-5.0071435,-7.7571435,-15.007144,-16.507143,-18.007143,-20.132143,-20.882143]}]}