{"seen_tokens":["Hi","Hey","Hello","","**"," Hi","嗨","hi","hey","你好"," Hey","Welcome","Yo","嘿","H","—","How","HI","\""],"seen_logprobs":[{"tokens":[0,1,2,3,4,5,6,7,8,9,10,11,12,13,14,3,15,16,17,18],"logprobs":[-0.2561252,-1.5061252,-5.5061255,-9.631125,-11.131125,-12.006125,-12.131125,-12.131125,-12.381125,-12.381125,-12.568625,-12.693625,-12.756125,-13.568625,-13.568625,-13.631125,-14.131125,-14.131125,-14.381125,-14.756125]},{"tokens":[0,1,2,3,4,6,9,5,7,8,10,12,11,14,13,3,15,16,17,18],"logprobs":[-0.22971277,-1.6047127,-5.479713,-9.7297125,-11.1672125,-11.9797125,-12.0422125,-12.1047125,-12.1672125,-12.3547125,-12.6047125,-12.6672125,-12.7297125,-13.4797125,-13.6047125,-13.6047125,-14.1672125,-14.2297125,-14.4797125,-14.8547125]},{"tokens":[0,1,2,3,4,6,9,5,7,8,10,12,11,14,13,3,15,16,17,18],"logprobs":[-0.25611866,-1.5061187,-5.506119,-9.756119,-11.193619,-12.006119,-12.068619,-12.068619,-12.131119,-12.318619,-12.631119,-12.631119,-12.693619,-13.443619,-13.568619,-13.631119,-14.131119,-14.256119,-14.443619,-14.818619]}]}