{"seen_tokens":["Hello","How","Hi","It","What","I","To","You","Welcome","hello","If","hi","Hey","Your","Please","Some","There","This","Is","HI"],"seen_logprobs":[{"tokens":[0,1,2,3,4,5,6,7,8,9,10,11,12,13,14,15,16,17,18,19],"logprobs":[-0.5674719,-1.192472,-2.567472,-3.192472,-5.692472,-5.817472,-6.879972,-7.379972,-7.442472,-7.942472,-8.0049715,-9.0049715,-9.0674715,-9.1299715,-9.1299715,-9.1299715,-9.2549715,-9.4424715,-9.4424715,-9.7549715]},{"tokens":[0,1,2,3,5,4,6,8,7,9,10,11,12,14,13,15,16,17,18,19],"logprobs":[-0.68273896,-1.057739,-2.432739,-3.057739,-5.557739,-5.682739,-6.870239,-7.432739,-7.432739,-7.932739,-8.182739,-8.870239,-9.057739,-9.057739,-9.120239,-9.120239,-9.245239,-9.370239,-9.495239,-9.807739]},{"tokens":[0,1,2,3,5,4,6,7,8,9,10,11,12,14,15,13,16,18,17,19],"logprobs":[-0.58360225,-1.2086022,-2.4586022,-3.0836022,-5.7086024,-5.7086024,-6.7711024,-7.3961024,-7.4586024,-7.8336024,-8.208602,-8.896102,-9.021102,-9.083602,-9.146102,-9.208602,-9.208602,-9.458602,-9.521102,-9.833602]},{"tokens":[0,1,2,3,5,4,6,7,8,9,10,11,15,12,13,14,16,17,18,19],"logprobs":[-0.57368,-1.1986799,-2.57368,-3.07368,-5.69868,-5.69868,-6.69868,-7.38618,-7.44868,-7.76118,-8.13618,-8.82368,-8.88618,-9.01118,-9.13618,-9.19868,-9.26118,-9.44868,-9.51118,-9.76118]}]}