{"seen_tokens":["Hello","How","Hi","It","What","I","To","You","Welcome","hello","If","hi","Hey","Your","Please","Some","There","This","Is","HI"],"seen_logprobs":[{"tokens":[0,1,2,3,4,5,6,7,8,9,10,11,12,13,14,15,16,17,18,19],"logprobs":[-0.5674719,-1.192472,-2.567472,-3.192472,-5.692472,-5.817472,-6.879972,-7.379972,-7.442472,-7.942472,-8.0049715,-9.0049715,-9.0674715,-9.1299715,-9.1299715,-9.1299715,-9.2549715,-9.4424715,-9.4424715,-9.7549715]}]}