{"seen_tokens":["Hello","Hi","Good","Hey"," Hello"],"seen_logprobs":[{"tokens":[0,1,2,3,4],"logprobs":[-0.000010206721,-11.5000105,-16.75001,-17.25001,-18.00001]},{"tokens":[0,1,3,4,2],"logprobs":[-0.000010921943,-11.5000105,-15.0000105,-15.2500105,-15.7500105]}]}