{"seen_tokens":["It","How","Is","Hello","Welcome","Hi","What"," How"," It","Its"," Hello","Can","Hey","You","Nice","how"," it","它","_it","Isn"],"seen_logprobs":[{"tokens":[0,1,2,3,4,5,6,7,8,9,10,11,12,13,14,15,16,17,18,19],"logprobs":[-0.46877503,-1.062525,-4.250025,-4.562525,-6.468775,-6.656275,-7.343775,-8.7344,-9.375025,-9.51565,-10.820337,-11.14065,-11.445337,-11.617212,-11.679712,-11.781275,-11.8594,-12.070337,-12.085962,-12.289087]},{"tokens":[0,1,2,3,4,5,6,7,8,9,10,11,16,12,17,18,15,13,19,14],"logprobs":[-0.4099922,-1.1599922,-4.378742,-4.909992,-6.831867,-7.019367,-7.738117,-8.566242,-9.019367,-9.378742,-10.894367,-11.378742,-11.534992,-11.550617,-11.738117,-11.878742,-11.90218,-11.917805,-11.972492,-12.18343]},{"tokens":[0,1,2,3,4,5,6,7,8,9,10,11,12,13,14,15,16,19,17,18],"logprobs":[-0.47782183,-1.0559468,-3.9934468,-4.618447,-6.524697,-6.743447,-7.493447,-8.680946,-9.305946,-9.368446,-10.805946,-11.157509,-11.259071,-11.751259,-11.790321,-11.805946,-11.813759,-11.930946,-11.946571,-11.970009]}]}