{"seen_tokens":["It","How","Is","Hello","Welcome","Hi","What"," How"," It","Its"," Hello","Can","Hey","You","Nice","how"," it","它","_it","Isn"],"seen_logprobs":[{"tokens":[0,1,2,3,4,5,6,7,8,9,10,11,12,13,14,15,16,17,18,19],"logprobs":[-0.46877503,-1.062525,-4.250025,-4.562525,-6.468775,-6.656275,-7.343775,-8.7344,-9.375025,-9.51565,-10.820337,-11.14065,-11.445337,-11.617212,-11.679712,-11.781275,-11.8594,-12.070337,-12.085962,-12.289087]}]}