{"seen_tokens":["It","I","A","The","X","Unfortunately","it","Hi","Could","x","a","To","You","That","What","This","Without","Your","However","If"],"seen_logprobs":[{"tokens":[0,1,2,3,4,5,6,7,8,9,10,11,12,13,14,15,16,17,18,19],"logprobs":[-0.13013043,-2.8176305,-4.2863803,-5.3176303,-5.6145053,-5.8176303,-5.934818,-5.9426303,-5.9895053,-6.1457553,-6.200443,-6.3801303,-6.4426303,-6.512943,-6.684818,-6.7395053,-6.747318,-6.762943,-6.966068,-7.3645053]}]}