{"seen_tokens":["Hello","Hi"," Hello","Hey","Good"],"seen_logprobs":[{"tokens":[0,1,2,3,4],"logprobs":[-0.00026133584,-8.250261,-18.250261,-18.625261,-19.750261]}]}