{"seen_tokens":["Hello","Hi"," Hello","Hey","Good"],"seen_logprobs":[{"tokens":[0,1,2,3,4],"logprobs":[-0.00026133584,-8.250261,-18.250261,-18.625261,-19.750261]},{"tokens":[0,1,3,2,4],"logprobs":[-0.00033546583,-8.000336,-17.625336,-18.250336,-19.375336]},{"tokens":[0,1,3,2,4],"logprobs":[-0.00033546583,-8.000336,-18.000336,-18.125336,-19.500336]}]}