{"seen_tokens":["It","You","I","X","That","x","Your","Unfortunately","The","However","What","To","it","A","Just","Hello","This","How","If","There","Hi"],"seen_logprobs":[{"tokens":[0,1,2,3,4,5,6,7,8,9,10,11,12,13,14,15,16,17,18,19],"logprobs":[-0.023320334,-4.77332,-4.89832,-6.27332,-6.64832,-6.77332,-7.27332,-7.52332,-7.77332,-8.96082,-9.08582,-9.14832,-9.27332,-9.77332,-10.14832,-10.14832,-10.39832,-10.58582,-10.64832,-10.77332]},{"tokens":[0,1,2,3,5,4,6,7,8,9,10,11,12,13,14,15,16,17,20,18],"logprobs":[-0.023271885,-4.773272,-4.898272,-6.273272,-6.773272,-6.773272,-7.148272,-7.523272,-7.773272,-8.898272,-9.085772,-9.148272,-9.335772,-9.773272,-10.085772,-10.085772,-10.398272,-10.585772,-10.648272,-10.648272]},{"tokens":[0,1,2,3,4,5,6,7,8,9,10,11,12,13,15,14,16,18,17,20],"logprobs":[-0.029894702,-4.654895,-4.654895,-5.904895,-6.154895,-6.404895,-7.029895,-7.279895,-7.529895,-8.404895,-8.717395,-8.717395,-8.967395,-9.529895,-9.592395,-9.779895,-10.092395,-10.342395,-10.342395,-10.342395]},{"tokens":[0,1,2,3,5,4,6,7,8,9,11,10,12,13,15,14,16,18,17,20],"logprobs":[-0.03560198,-4.410602,-4.535602,-5.660602,-6.160602,-6.160602,-6.910602,-7.160602,-7.410602,-8.285602,-8.598102,-8.598102,-8.848102,-9.473102,-9.535602,-9.598102,-9.973102,-10.223102,-10.223102,-10.285602]}]}