{"seen_tokens":["Hello","Hi"," Hello","Hey"," Hi","hello","HI","Hallo",">Hello","Hola","HEL","_hello"," hello","Greetings","Hell","你好","Oh","_hi","Bonjour","Hel","こんにちは"],"seen_logprobs":[{"tokens":[0,1,2,3,4,5,6,7,8,9,10,11,12,13,14,15,16,17,18,19],"logprobs":[-0.011048804,-4.511049,-13.886049,-16.63605,-17.38605,-17.63605,-18.01105,-18.13605,-18.26105,-18.63605,-19.01105,-19.26105,-19.38605,-21.26105,-21.76105,-22.13605,-22.13605,-22.38605,-22.38605,-22.51105]},{"tokens":[0,1,2,3,4,5,7,6,9,8,11,10,12,13,16,15,14,18,20,17],"logprobs":[-0.014164272,-4.2641644,-14.264164,-16.139164,-17.389164,-17.389164,-17.514164,-17.639164,-18.014164,-18.139164,-19.139164,-19.139164,-19.389164,-19.889164,-21.264164,-21.514164,-21.514164,-21.764164,-22.014164,-22.139164]}]}