{"seen_tokens":["Hello","It","Hi","您好","You","你好","Hey","hello","How","I","x","Hallo","您","The","What","Sure","Please","Could","Your","こんにちは"," Hello"],"seen_logprobs":[{"tokens":[0,1,2,3,4,5,6,7,8,9,10,11,12,13,14,15,16,17,18,19],"logprobs":[-0.14456859,-2.0195687,-7.2695684,-8.144568,-8.394568,-8.644568,-9.269568,-9.269568,-9.644568,-9.894568,-10.519568,-10.894568,-11.019568,-11.019568,-11.144568,-11.269568,-11.519568,-11.519568,-11.644568,-12.019568]},{"tokens":[0,1,2,6,4,7,3,8,5,9,10,13,11,17,14,16,15,18,20,19],"logprobs":[-0.090280466,-2.4652805,-7.3402805,-9.090281,-9.090281,-9.215281,-9.590281,-9.715281,-9.840281,-10.090281,-10.715281,-11.090281,-11.215281,-11.590281,-11.590281,-11.715281,-11.715281,-11.965281,-12.215281,-12.465281]}]}