{"seen_tokens":["Hello","It","Hi","您好","You","你好","Hey","hello","How","I","x","Hallo","您","The","What","Sure","Please","Could","Your","こんにちは"],"seen_logprobs":[{"tokens":[0,1,2,3,4,5,6,7,8,9,10,11,12,13,14,15,16,17,18,19],"logprobs":[-0.14456859,-2.0195687,-7.2695684,-8.144568,-8.394568,-8.644568,-9.269568,-9.269568,-9.644568,-9.894568,-10.519568,-10.894568,-11.019568,-11.019568,-11.144568,-11.269568,-11.519568,-11.519568,-11.644568,-12.019568]}]}