{"seen_tokens":["Hi","Hey","Hello","","**","嗨","hi","你好"," Hi","hey","Yo"," Hey","Welcome","嘿","H","—","How","HI","\""],"seen_logprobs":[{"tokens":[0,1,2,3,4,5,6,7,8,9,10,11,12,13,14,3,15,16,17,18],"logprobs":[-0.22923458,-1.6042346,-5.6042347,-9.604235,-10.979235,-11.854235,-12.041735,-12.104235,-12.166735,-12.354235,-12.666735,-12.666735,-12.979235,-13.354235,-13.479235,-13.541735,-13.854235,-14.041735,-14.479235,-14.666735]}]}