{"seen_tokens":["Hi","Hey","Hello","","**","嗨","hi","你好"," Hi","hey","Yo"," Hey","Welcome","嘿","H","—","How","HI","\"","*"],"seen_logprobs":[{"tokens":[0,1,2,3,4,5,6,7,8,9,10,11,12,13,14,3,15,16,17,18],"logprobs":[-0.22923458,-1.6042346,-5.6042347,-9.604235,-10.979235,-11.854235,-12.041735,-12.104235,-12.166735,-12.354235,-12.666735,-12.666735,-12.979235,-13.354235,-13.479235,-13.541735,-13.854235,-14.041735,-14.479235,-14.666735]},{"tokens":[0,1,2,3,4,5,6,7,8,9,10,11,12,13,3,14,15,16,17,18],"logprobs":[-0.22879314,-1.6037931,-5.728793,-9.728793,-10.978793,-11.916293,-11.978793,-12.041293,-12.228793,-12.291293,-12.666293,-12.666293,-13.103793,-13.416293,-13.541293,-13.541293,-13.853793,-14.166293,-14.541293,-14.728793]},{"tokens":[0,1,2,3,4,5,6,8,7,9,10,11,12,13,14,3,15,16,17,19],"logprobs":[-0.25566152,-1.5056615,-5.6306615,-9.630662,-10.755662,-11.755662,-11.880662,-12.130662,-12.130662,-12.193162,-12.568162,-12.568162,-13.005662,-13.255662,-13.443162,-13.505662,-13.755662,-13.943162,-14.318162,-14.380662]}]}