{"seen_tokens":["Hello","Hi","Good","Hey"," Hello","How","hello","Greetings","Hell",">Hello","Well","\n","Howdy","\\","**","What","﻿","​​","Hola","-"],"seen_logprobs":[{"tokens":[0,1,2,3,4,5,6,7,8,9,10,11,12,13,14,15,16,17,18,19],"logprobs":[-0.000013306016,-11.250013,-16.250013,-17.250013,-17.250013,-21.000013,-21.000013,-21.250013,-21.625013,-22.750013,-23.000013,-23.250013,-24.125013,-24.875013,-25.000013,-25.000013,-25.000013,-25.000013,-25.125013,-25.250013]},{"tokens":[0,1,2,3,4,5,6,7,8,9,10,11,12,17,14,13,16,15,18,19],"logprobs":[-0.000010325924,-11.5000105,-16.50001,-17.25001,-17.50001,-21.12501,-21.12501,-21.50001,-21.75001,-23.00001,-23.12501,-23.50001,-24.37501,-25.12501,-25.12501,-25.12501,-25.12501,-25.25001,-25.37501,-25.37501]}]}