{"seen_tokens":["<think>","</think>","<｜place▁holder▁no▁791｜>","<｜place▁holder▁no▁0｜>","<｜place▁holder▁no▁2｜>","<｜place▁holder▁no▁3｜>","<｜place▁holder▁no▁4｜>","<｜place▁holder▁no▁797｜>","<｜place▁holder▁no▁794｜>","<｜place▁holder▁no▁795｜>","<｜place▁holder▁no▁8｜>","<｜place▁holder▁no▁792｜>","<｜place▁holder▁no▁793｜>","<｜place▁holder▁no▁1｜>","<｜place▁holder▁no▁204｜>","<｜place▁holder▁no▁796｜>","<｜place▁holder▁no▁5｜>","<｜place▁holder▁no▁7｜>","<｜place▁holder▁no▁9｜>","<｜place▁holder▁no▁622｜>","<｜place▁holder▁no▁185｜>","<｜place▁holder▁no▁790｜>","<｜place▁holder▁no▁787｜>"],"seen_logprobs":[{"tokens":[0,1,2,3,4,5,6,7,8,9,10,11,12,13,14,15,16,17,18,19],"logprobs":[-0.00014902272,-9.250149,-11.37515,-12.000149,-12.500149,-12.500149,-12.500149,-12.62515,-12.750149,-13.375149,-13.50015,-13.81265,-13.875149,-13.937649,-14.00015,-14.125149,-14.31265,-14.437649,-14.62515,-14.687649]},{"tokens":[0,1,2,3,4,6,5,8,7,13,11,9,12,10,15,16,20,14,21,22],"logprobs":[-0.00019844355,-9.250198,-10.500198,-11.500199,-11.750199,-11.875199,-12.000199,-12.000199,-12.000199,-12.687699,-12.687699,-12.687699,-12.9377,-13.312699,-13.312699,-13.687698,-13.937699,-14.0002,-14.062699,-14.125199]},{"tokens":[0,1,2,3,4,8,5,6,7,13,12,11,9,10,15,16,22,20,17,14],"logprobs":[-0.00024303768,-9.000243,-10.500243,-11.375243,-11.500242,-11.500242,-11.750242,-11.750242,-12.000243,-12.375243,-12.562742,-12.625244,-12.625244,-13.062743,-13.250243,-13.375242,-13.687742,-13.875243,-14.000243,-14.000243]},{"tokens":[0,1,2,8,7,3,4,6,5,9,13,12,11,15,10,17,22,16,20,14],"logprobs":[-0.00020428599,-9.250205,-10.750204,-11.625205,-11.625205,-11.687705,-11.687705,-11.750204,-11.937705,-12.250204,-12.687705,-12.750205,-12.875204,-13.312705,-13.437705,-13.937704,-13.937704,-14.125205,-14.125205,-14.125205]}]}