{"seen_tokens":["<think>","</think>","<｜place▁holder▁no▁791｜>","<｜place▁holder▁no▁0｜>","<｜place▁holder▁no▁2｜>","<｜place▁holder▁no▁3｜>","<｜place▁holder▁no▁4｜>","<｜place▁holder▁no▁797｜>","<｜place▁holder▁no▁794｜>","<｜place▁holder▁no▁795｜>","<｜place▁holder▁no▁8｜>","<｜place▁holder▁no▁792｜>","<｜place▁holder▁no▁793｜>","<｜place▁holder▁no▁1｜>","<｜place▁holder▁no▁204｜>","<｜place▁holder▁no▁796｜>","<｜place▁holder▁no▁5｜>","<｜place▁holder▁no▁7｜>","<｜place▁holder▁no▁9｜>","<｜place▁holder▁no▁622｜>"],"seen_logprobs":[{"tokens":[0,1,2,3,4,5,6,7,8,9,10,11,12,13,14,15,16,17,18,19],"logprobs":[-0.00014902272,-9.250149,-11.37515,-12.000149,-12.500149,-12.500149,-12.500149,-12.62515,-12.750149,-13.375149,-13.50015,-13.81265,-13.875149,-13.937649,-14.00015,-14.125149,-14.31265,-14.437649,-14.62515,-14.687649]}]}