{"seen_tokens":["Hello","Hi","{","👋","Healthy","`","$\\","True","_","Template","Step","Type"," sense","(","Halo","Here","Ass","How","Phase"," Hello","Hey"],"seen_logprobs":[{"tokens":[0,1,2,3,4,5,6,7,8,9,10,11,12,13,14,15,16,17,18,19],"logprobs":[-7.152555e-7,-14.820313,-15.733399,-17.414062,-17.554688,-18.03125,-18.109375,-18.546875,-18.65625,-18.828125,-19.21875,-19.234375,-19.25,-19.34375,-19.359375,-19.453125,-19.5,-19.515625,-19.59375,-19.59375]},{"tokens":[0,1,2,3,4,5,6,7,8,9,10,11,13,15,14,12,16,18,17,20],"logprobs":[-9.5367386e-7,-14.437501,-15.576173,-17.25,-17.375,-17.640625,-17.765625,-18.3125,-18.46875,-18.625,-19.03125,-19.109375,-19.109375,-19.203125,-19.296875,-19.34375,-19.34375,-19.34375,-19.375,-19.46875]}]}