{"seen_tokens":["It","Hello","Could","How","Hi"],"seen_logprobs":[{"tokens":[0,1,2,3,4],"logprobs":[-0.66199714,-0.91199714,-2.911997,-3.911997,-5.1619973]},{"tokens":[1,0,2,3,4],"logprobs":[-0.18730888,-1.9373089,-4.437309,-4.937309,-4.937309]},{"tokens":[1,0,3,2,4],"logprobs":[-0.5822629,-1.0822629,-2.582263,-4.082263,-4.832263]}]}