{"seen_tokens":["I","It","That","You","Your","The","x","To","Unfortunately","X","However","If","What","This","A","Hello","Please","Hi","Just","Let"],"seen_logprobs":[{"tokens":[0,1,2,3,4,5,6,7,8,9,10,11,12,13,14,15,16,17,18,19],"logprobs":[-1.7671471,-0.642147,-2.517147,-3.142147,-3.767147,-4.079647,-4.454647,-4.642147,-4.829647,-4.829647,-5.017147,-5.142147,-5.142147,-5.517147,-5.704647,-5.767147,-5.892147,-6.079647,-6.267147,-6.329647]}]}