{"seen_tokens":["I","It","That","You","Your","The","x","To","Unfortunately","X","However","If","What","This","A","Hello","Please","Hi","Just","Let","There"],"seen_logprobs":[{"tokens":[0,1,2,3,4,5,6,7,8,9,10,11,12,13,14,15,16,17,18,19],"logprobs":[-1.7671471,-0.642147,-2.517147,-3.142147,-3.767147,-4.079647,-4.454647,-4.642147,-4.829647,-4.829647,-5.017147,-5.142147,-5.142147,-5.517147,-5.704647,-5.767147,-5.892147,-6.079647,-6.267147,-6.329647]},{"tokens":[2,1,0,3,4,5,6,7,8,9,10,12,11,13,14,15,16,17,18,20],"logprobs":[-2.4931526,-0.6181527,-1.7431526,-3.2431526,-3.8681526,-4.1806526,-4.5556526,-4.6181526,-4.9306526,-4.9306526,-5.1181526,-5.1806526,-5.2431526,-5.5556526,-5.7431526,-5.8681526,-5.9306526,-6.0556526,-6.3681526,-6.4306526]}]}