{"seen_tokens":["Thank","D","x","I","As","It","The","Hello","In","Wh","Cont","X","A","Y","S","Your","\"","To","<0x0A>","Par"],"seen_logprobs":[{"tokens":[0,1,2,3,4,5,6,7,8,9,10,11,12,13,14,15,16,17,18,19],"logprobs":[-2.605426,-1.4413636,-1.7851136,-1.8944886,-3.0194886,-3.167926,-3.292926,-3.7382386,-3.8944886,-4.2694883,-4.4101133,-4.792926,-4.9726133,-5.214801,-5.2382383,-5.308551,-5.386676,-5.4569883,-5.4726133,-5.7851133]},{"tokens":[5,1,2,3,0,4,6,7,8,9,10,11,12,13,14,15,16,17,18,19],"logprobs":[-3.1732278,-1.4388528,-1.7904153,-1.8841653,-2.6029153,-3.0169778,-3.3060403,-3.7435403,-3.8997903,-4.266978,-4.407603,-4.798228,-4.985728,-5.2279153,-5.235728,-5.3060403,-5.391978,-5.470103,-5.470103,-5.798228]}]}