{"seen_tokens":["Thank","D","x","I","As","It","The","Hello","In","Wh","Cont","X","A","Y","S","Your","\"","To","<0x0A>","Par"],"seen_logprobs":[{"tokens":[0,1,2,3,4,5,6,7,8,9,10,11,12,13,14,15,16,17,18,19],"logprobs":[-2.605426,-1.4413636,-1.7851136,-1.8944886,-3.0194886,-3.167926,-3.292926,-3.7382386,-3.8944886,-4.2694883,-4.4101133,-4.792926,-4.9726133,-5.214801,-5.2382383,-5.308551,-5.386676,-5.4569883,-5.4726133,-5.7851133]}]}