{"seen_tokens":["Hello","Hi","Hey","ĠHello","That","How","Here","It","To","Sure","ĠHi","What","I","Of","hello","ĠHey","Bon","He","x","\""],"seen_logprobs":[{"tokens":[0,1,2,3,4,5,6,7,8,9,10,11,12,13,14,15,16,17,18,19],"logprobs":[-0.01766133,-4.642661,-6.330161,-6.392661,-7.080161,-7.267661,-7.830161,-8.017661,-8.080161,-8.142661,-8.142661,-8.392661,-8.642661,-9.830161,-9.892661,-9.892661,-10.142661,-10.267661,-10.330161,-10.455161]}]}