{"seen_tokens":["Hello","Hi","Hey","How","*","I","It","What","No","Welcome","Good","Yes","You","Sure","Oh","Not","The","Thank","Greetings","Nice"],"seen_logprobs":[{"tokens":[0,1,2,3,4,5,6,7,8,9,10,11,12,13,14,15,16,17,18,19],"logprobs":[-0.53194416,-1.4069442,-3.8444443,-3.9694443,-4.2194443,-4.2819443,-4.5944443,-4.6569443,-5.4694443,-5.5319443,-5.7194443,-5.7819443,-5.9069443,-5.9069443,-5.9694443,-6.0319443,-6.0944443,-6.1569443,-6.1569443,-6.2194443]},{"tokens":[0,1,2,3,4,5,6,7,8,9,10,11,12,13,14,15,16,17,18,19],"logprobs":[-0.53194463,-1.4069446,-3.8444448,-3.9694448,-4.2194448,-4.2819448,-4.5944448,-4.6569448,-5.4694448,-5.5319448,-5.7194448,-5.7819448,-5.9069448,-5.9069448,-5.9694448,-6.0319448,-6.0944448,-6.1569448,-6.1569448,-6.2194448]},{"tokens":[1,0,2,3,4,5,6,7,8,9,10,11,12,13,14,15,16,17,18,19],"logprobs":[-1.4069442,-0.53194416,-3.8444443,-3.9694443,-4.2194443,-4.2819443,-4.5944443,-4.6569443,-5.4694443,-5.5319443,-5.7194443,-5.7819443,-5.9069443,-5.9069443,-5.9694443,-6.0319443,-6.0944443,-6.1569443,-6.1569443,-6.2194443]}]}