{"seen_tokens":["Hello","It","How","Could","Hi"],"seen_logprobs":[{"tokens":[0,1,2,3,4],"logprobs":[-0.5822629,-1.0822629,-2.582263,-4.082263,-4.832263]},{"tokens":[1,0,3,2,4],"logprobs":[-0.66199714,-0.91199714,-2.911997,-3.911997,-5.1619973]},{"tokens":[0,1,2,3,4],"logprobs":[-0.6355751,-1.135575,-2.135575,-3.885575,-4.8855753]}]}