{"seen_tokens":["Let","The","1","收到","Hmm","Okay","Hi","Checking","Looking","Alright","Hello","Got","I","User","Thinking","\n","Seeing","让我","This","So"],"seen_logprobs":[{"tokens":[0,1,2,3,4,5,6,7,8,9,10,11,12,13,14,15,16,17,18,19],"logprobs":[-0.12845556,-2.8784556,-3.6284556,-5.0659556,-5.3784556,-5.5659556,-5.6284556,-6.1909556,-6.3159556,-6.5659556,-6.7534556,-7.3159556,-7.4409556,-7.5034556,-7.6284556,-7.6909556,-7.6909556,-7.7534556,-7.8784556,-7.9409556]}]}