{"seen_tokens":["Let","The","1","收到","Hmm","Okay","Hi","Checking","Looking","Alright","Hello","Got","I","User","Thinking","\n","Seeing","让我","This","So","Not","First"],"seen_logprobs":[{"tokens":[0,1,2,3,4,5,6,7,8,9,10,11,12,13,14,15,16,17,18,19],"logprobs":[-0.12845556,-2.8784556,-3.6284556,-5.0659556,-5.3784556,-5.5659556,-5.6284556,-6.1909556,-6.3159556,-6.5659556,-6.7534556,-7.3159556,-7.4409556,-7.5034556,-7.6284556,-7.6909556,-7.6909556,-7.7534556,-7.8784556,-7.9409556]},{"tokens":[0,1,2,4,5,6,3,7,8,9,10,12,13,19,14,18,11,20,21,16],"logprobs":[-0.1474788,-2.6474788,-3.5224788,-5.2099786,-5.6474786,-5.6474786,-5.7099786,-6.0224786,-6.2099786,-6.5849786,-6.8349786,-7.3349786,-7.3974786,-7.3974786,-7.4599786,-7.5224786,-7.5849786,-7.6474786,-7.7099786,-7.7724786]},{"tokens":[0,1,2,3,4,5,6,7,8,9,10,15,14,16,12,13,11,21,19,18],"logprobs":[-0.17480619,-2.549806,-3.424806,-5.049806,-5.112306,-5.299806,-5.362306,-5.424806,-6.299806,-6.424806,-6.549806,-6.612306,-7.049806,-7.112306,-7.237306,-7.362306,-7.424806,-7.549806,-7.549806,-7.612306]},{"tokens":[2,0,1,3,4,5,6,7,8,9,10,11,12,13,14,15,16,17,18,19],"logprobs":[-3.6284556,-0.12845556,-2.8784556,-5.0659556,-5.3784556,-5.5659556,-5.6284556,-6.1909556,-6.3159556,-6.5659556,-6.7534556,-7.3159556,-7.4409556,-7.5034556,-7.6284556,-7.6909556,-7.6909556,-7.7534556,-7.8784556,-7.9409556]}]}