{"seen_tokens":["Hello","It","Hi","您好","你好","How","hello","Hey","You","Hallo","I","x","What","The","こんにちは","Could","您"," Hello","Sure","Please","Your","Hola","Do"],"seen_logprobs":[{"tokens":[0,1,2,3,4,5,6,7,8,9,10,11,12,13,14,15,16,17,18,19],"logprobs":[-0.06302701,-2.813027,-7.938027,-8.688027,-9.063027,-9.188027,-9.313027,-10.188027,-10.438027,-10.688027,-10.688027,-11.063027,-11.188027,-11.313027,-11.938027,-11.938027,-12.188027,-12.313027,-12.438027,-12.438027]},{"tokens":[0,1,2,6,8,7,3,4,10,5,9,11,13,12,14,17,19,15,20,21],"logprobs":[-0.06256666,-2.8125668,-7.9375668,-10.062567,-10.187567,-10.312567,-10.812567,-10.937567,-10.937567,-10.937567,-11.437567,-12.062567,-12.312567,-12.562567,-12.687567,-12.687567,-12.812567,-12.812567,-13.187567,-13.312567]},{"tokens":[0,1,2,6,3,5,4,8,7,10,11,9,12,13,15,22,14,17,16,19],"logprobs":[-0.062817015,-2.812817,-8.187817,-9.187817,-9.312817,-9.312817,-9.687817,-9.937817,-10.312817,-10.812817,-10.937817,-10.937817,-11.187817,-11.437817,-11.937817,-12.187817,-12.187817,-12.312817,-12.437817,-12.437817]},{"tokens":[0,1,2,6,3,5,8,4,7,10,9,11,13,12,14,15,19,20,17,21],"logprobs":[-0.05561721,-2.930617,-8.055617,-9.555617,-9.680617,-10.055617,-10.055617,-10.305617,-10.305617,-10.430617,-10.805617,-11.430617,-11.555617,-11.805617,-12.180617,-12.180617,-12.305617,-12.430617,-12.430617,-12.555617]}]}