{"seen_tokens":["Hello","It","Hi","您好","你好","How","hello","Hey","You","Hallo","I","x","What","The","こんにちは","Could","您"," Hello","Sure","Please","Your","Hola"],"seen_logprobs":[{"tokens":[0,1,2,3,4,5,6,7,8,9,10,11,12,13,14,15,16,17,18,19],"logprobs":[-0.06302701,-2.813027,-7.938027,-8.688027,-9.063027,-9.188027,-9.313027,-10.188027,-10.438027,-10.688027,-10.688027,-11.063027,-11.188027,-11.313027,-11.938027,-11.938027,-12.188027,-12.313027,-12.438027,-12.438027]},{"tokens":[0,1,2,6,8,7,3,4,10,5,9,11,13,12,14,17,19,15,20,21],"logprobs":[-0.06256666,-2.8125668,-7.9375668,-10.062567,-10.187567,-10.312567,-10.812567,-10.937567,-10.937567,-10.937567,-11.437567,-12.062567,-12.312567,-12.562567,-12.687567,-12.687567,-12.812567,-12.812567,-13.187567,-13.312567]}]}