{"seen_tokens":["<think>","</think>","<|im_start|>","Okay","<tool_response>","<tool_call>","<|im_end|>","$$","æĢĿèĢĥ","_iface","èĦĳ","å¤§èĦĳ","_ok","brain","_marshaled","åĹ¯","thought","okay","à¹Ģà¸¨à¸£à¸©","à¹ģà¸ªà¸Ķ","思考","脑","大脑","嗯","เศรษ","แสด","思"," thinks"],"seen_logprobs":[{"tokens":[0,1,2,3,4,5,6,7,8,9,10,11,12,13,14,15,16,17,18,19],"logprobs":[-7.152555e-7,-15.000001,-16.4375,-17.125,-17.75,-18.0625,-18.3125,-18.5,-18.9375,-19.25,-19.3125,-19.375,-19.4375,-19.75,-19.875,-20.125,-20.125,-20.3125,-20.3125,-20.4375]},{"tokens":[0,1,2,3,4,5,6,7,20,9,21,22,12,13,14,23,16,17,24,25],"logprobs":[-7.152555e-7,-15.000001,-16.4375,-17.125,-17.75,-18.0625,-18.3125,-18.5,-18.9375,-19.25,-19.3125,-19.375,-19.4375,-19.75,-19.875,-20.125,-20.125,-20.3125,-20.3125,-20.4375]},{"tokens":[0,1,2,4,3,5,6,9,7,21,20,22,14,12,16,23,25,17,26,27],"logprobs":[-4.7683704e-7,-15.25,-16.625,-18.0,-18.125,-18.4375,-18.5625,-18.8125,-18.875,-19.6875,-19.875,-20.0,-20.0625,-20.25,-20.375,-20.375,-20.375,-20.5,-20.5625,-20.5625]}]}