{"seen_tokens":["Let","The","1","Hmm","Okay","收到","Hi","Checking","Looking","Hello","Alright","So","\n","Seeing","I","User","Here","This","Got","Reflect"],"seen_logprobs":[{"tokens":[0,1,2,3,4,5,6,7,8,9,10,11,12,13,14,15,16,17,18,19],"logprobs":[-0.17501765,-2.6281426,-3.4250176,-4.4172053,-5.112518,-5.2609553,-5.3547053,-5.3859553,-5.9484553,-6.159393,-6.237518,-6.378143,-6.4172053,-6.9797053,-7.034393,-7.0422053,-7.1828303,-7.268768,-7.362518,-7.362518]}]}