{"seen_tokens":["Hello","你好","Hi","嗨","","Hey","How","您好","H","hello","好的"," Hello","打招呼","大家好","Hell","你","X","!","What","I"],"seen_logprobs":[{"tokens":[0,1,2,3,4,5,6,7,8,9,10,11,12,13,14,15,16,17,18,19],"logprobs":[-0.5956277,-0.8456277,-3.9706278,-8.970628,-9.220628,-9.720628,-9.970628,-10.095628,-10.095628,-10.220628,-10.595628,-10.845628,-10.970628,-11.345628,-11.845628,-11.970628,-12.095628,-12.220628,-12.345628,-12.470628]}]}