{"seen_tokens":[" <"," I"," \\"," </"," **"," <<"," :"," _","<"," \\<"," -"," \"<"," '<"," \\\n"," <="," <!--"," *"," i","."," "],"seen_logprobs":[{"tokens":[0,1,2,3,4,5,6,7,8,9,10,11,12,13,14,15,16,17,18,19],"logprobs":[-0.00020883286,-10.500209,-10.562709,-11.500209,-11.687709,-11.875209,-11.937709,-12.000209,-12.000209,-12.250209,-12.250209,-12.500209,-12.500209,-12.500209,-12.687709,-12.718959,-12.750209,-13.093959,-13.093959,-13.312709]}]}