{"seen_tokens":["你好","您好","抱歉","好的","很","Hi","H","你","Hello","很高兴","对不起","I","由于","嗨","“","You","Sorry","The","我","嗯"],"seen_logprobs":[{"tokens":[0,1,2,3,4,5,6,7,8,9,10,11,12,13,14,15,16,17,18,19],"logprobs":[-0.104840614,-2.9798405,-4.3548408,-4.4798408,-5.1048408,-5.8548408,-6.1048408,-6.6048408,-6.7298408,-6.7298408,-6.8548408,-6.9798408,-6.9798408,-7.1048408,-7.4798408,-7.6048408,-7.7298408,-8.10484,-8.10484,-8.47984]}]}