{"seen_tokens":["你好","您好","抱歉","好的","很","Hi","H","你","Hello","很高兴","对不起","I","由于","嗨","“","You","Sorry","The","我","嗯","It","Of","Deep","Good","Hey"],"seen_logprobs":[{"tokens":[0,1,2,3,4,5,6,7,8,9,10,11,12,13,14,15,16,17,18,19],"logprobs":[-0.104840614,-2.9798405,-4.3548408,-4.4798408,-5.1048408,-5.8548408,-6.1048408,-6.6048408,-6.7298408,-6.7298408,-6.8548408,-6.9798408,-6.9798408,-7.1048408,-7.4798408,-7.6048408,-7.7298408,-8.10484,-8.10484,-8.47984]},{"tokens":[0,5,1,11,15,8,2,3,6,16,17,7,13,4,20,10,21,22,12,23],"logprobs":[-0.12433204,-3.374332,-3.999332,-4.499332,-4.499332,-4.624332,-5.124332,-5.374332,-5.624332,-5.874332,-6.374332,-6.374332,-6.499332,-6.749332,-6.874332,-6.999332,-7.124332,-7.249332,-7.624332,-7.874332]},{"tokens":[0,8,5,3,1,2,15,11,6,20,4,13,7,17,16,24,10,9,14,21],"logprobs":[-0.103445455,-3.2284455,-3.8534455,-4.6034455,-5.3534455,-5.3534455,-5.7284455,-5.8534455,-6.2284455,-6.8534455,-6.8534455,-7.3534455,-7.3534455,-7.3534455,-7.3534455,-7.4784455,-7.6034455,-7.7284455,-7.8534455,-8.103445]}]}