{"seen_tokens":["It","\"","If","You","How","Please","Since","To","Is","I","In","Depending","'","**","The","As","X","`","What"," It"],"seen_logprobs":[{"tokens":[0,1,2,3,4,5,6,7,8,9,10,11,12,13,14,15,16,17,18,19],"logprobs":[-0.00003266281,-11.500032,-12.125032,-12.125032,-13.000032,-13.187532,-13.437532,-13.937532,-14.000032,-14.312532,-14.500032,-14.812532,-14.937532,-14.937532,-15.312532,-15.437532,-15.625032,-15.687532,-15.875032,-16.187532]},{"tokens":[0,1,3,2,4,5,6,7,8,9,10,11,12,13,14,15,16,17,18,19],"logprobs":[-0.000032305197,-11.500032,-11.937532,-12.187532,-13.062532,-13.375032,-13.562532,-14.062532,-14.125032,-14.437532,-14.562532,-14.937532,-15.000032,-15.250032,-15.437532,-15.562532,-15.625032,-15.687532,-16.000032,-16.156282]},{"tokens":[0,1,2,3,4,5,6,7,8,9,10,12,11,13,14,17,15,16,18,19],"logprobs":[-0.00003349725,-11.375033,-12.125033,-12.187533,-13.000033,-13.250033,-13.437533,-13.937533,-14.000033,-14.500033,-14.562533,-14.812533,-14.812533,-14.875033,-15.312533,-15.500033,-15.500033,-15.625033,-15.906283,-16.187534]}]}