{"seen_tokens":["It","The","**","Could","La","El","Your","Es","¡","X","H","x","Il","P","it","Hello","它","could","A","¿"],"seen_logprobs":[{"tokens":[0,1,2,3,4,5,6,7,8,9,10,11,12,13,14,15,16,17,18,19],"logprobs":[-0.31794086,-2.817941,-2.817941,-2.880441,-4.6929407,-4.7554407,-5.1304407,-5.4429407,-5.5054407,-5.5054407,-5.5679407,-5.6304407,-5.7554407,-5.8804407,-5.9429407,-6.1304407,-6.8179407,-6.8804407,-6.9429407,-7.0054407]},{"tokens":[2,0,1,3,4,5,6,7,9,8,11,10,12,13,14,15,16,17,18,19],"logprobs":[-2.8800156,-0.31751555,-2.7550156,-2.8800156,-4.6925154,-4.7550154,-5.0675154,-5.5050154,-5.5050154,-5.5675154,-5.6300154,-5.6300154,-5.7550154,-5.8800154,-5.9425154,-6.1300154,-6.8175154,-6.8175154,-6.9425154,-7.0675154]}]}