{"seen_tokens":["Let","The","1","Ċ","æĶ¶åĪ°","Hmm","Okay","Hi","I","Looking","Checking","This","User","Hello","Seeing","Alright","è®©æĪĳ","So","Upon","Reflect"],"seen_logprobs":[{"tokens":[0,1,2,3,4,5,6,7,8,9,10,11,12,13,14,15,16,17,18,19],"logprobs":[-0.29839173,-2.0483918,-3.0483918,-4.298392,-4.360892,-4.548392,-5.610892,-5.610892,-5.798392,-6.110892,-6.173392,-6.485892,-6.485892,-6.548392,-6.735892,-6.798392,-7.048392,-7.173392,-7.173392,-7.173392]}]}