{"seen_tokens":["Hello","Hi","It","Hey","Hola","Olá","¡","Hallo","こんにちは","Hei","Looks","Hej","你好","Bonjour","Sure","\n","Ap","Oops","I'm","سلام","Xin"],"seen_logprobs":[{"tokens":[0,1,2,3,4,5,6,7,8,9,10,11,12,13,14,15,16,17,18,19],"logprobs":[-0.017278848,-4.2672787,-6.1422787,-8.767279,-8.767279,-8.767279,-8.892279,-8.892279,-10.392279,-10.392279,-10.517279,-10.767279,-11.017279,-11.267279,-11.392279,-11.517279,-12.017279,-12.392279,-12.392279,-12.517279]},{"tokens":[0,1,2,3,6,5,4,7,10,9,8,11,12,14,13,15,16,18,17,20],"logprobs":[-0.021417405,-4.0214176,-6.0214176,-8.646418,-9.021418,-9.021418,-9.021418,-9.146418,-10.521418,-10.521418,-10.646418,-10.896418,-11.146418,-11.521418,-11.521418,-11.646418,-12.271418,-12.396418,-12.521418,-12.646418]}]}