{"seen_tokens":["Hello","Hi","It","Hey","Hola","Olá","¡","Hallo","こんにちは","Hei","Looks","Hej","你好","Bonjour","Sure","\n","Ap","Oops","I'm","سلام"],"seen_logprobs":[{"tokens":[0,1,2,3,4,5,6,7,8,9,10,11,12,13,14,15,16,17,18,19],"logprobs":[-0.017278848,-4.2672787,-6.1422787,-8.767279,-8.767279,-8.767279,-8.892279,-8.892279,-10.392279,-10.392279,-10.517279,-10.767279,-11.017279,-11.267279,-11.392279,-11.517279,-12.017279,-12.392279,-12.392279,-12.517279]}]}