{"seen_tokens":["你好","好的","抱歉","您好","H","Hi","Hello","你","You","I","对不起","很","Deep","嗨","Sorry","The","嗯","It","由于","“","Hey","Of","Good","This","（"],"seen_logprobs":[{"tokens":[0,1,2,3,4,5,6,7,8,9,10,11,12,13,14,15,16,17,18,19],"logprobs":[-0.086132444,-3.7111325,-4.4611325,-4.5861325,-4.9611325,-5.0861325,-5.2111325,-5.7111325,-5.9611325,-6.3361325,-6.7111325,-6.8361325,-7.2111325,-7.3361325,-7.5861325,-7.8361325,-7.8361325,-8.086132,-8.211132,-8.211132]},{"tokens":[0,5,6,8,9,4,3,17,7,1,15,2,20,19,14,13,21,22,10,23],"logprobs":[-0.21597509,-2.965975,-2.965975,-3.590975,-4.4659753,-4.4659753,-4.7159753,-4.9659753,-5.2159753,-5.5909753,-5.9659753,-6.4659753,-7.0909753,-7.2159753,-7.2159753,-7.4659753,-7.5909753,-7.7159753,-7.7159753,-7.8409753]},{"tokens":[0,3,5,2,7,9,4,8,17,6,1,19,13,15,14,24,11,18,10,23],"logprobs":[-0.031405505,-4.6564054,-5.7814054,-5.7814054,-5.9064054,-6.2814054,-6.4064054,-6.6564054,-6.7814054,-7.2814054,-7.2814054,-7.6564054,-7.7814054,-7.9064054,-7.9064054,-8.031405,-8.156405,-8.406405,-8.406405,-8.531405]}]}