{"seen_tokens":["你好","好的","抱歉","您好","H","Hi","Hello","你","You","I","对不起","很","Deep","嗨","Sorry","The","嗯","It","由于","“"],"seen_logprobs":[{"tokens":[0,1,2,3,4,5,6,7,8,9,10,11,12,13,14,15,16,17,18,19],"logprobs":[-0.086132444,-3.7111325,-4.4611325,-4.5861325,-4.9611325,-5.0861325,-5.2111325,-5.7111325,-5.9611325,-6.3361325,-6.7111325,-6.8361325,-7.2111325,-7.3361325,-7.5861325,-7.8361325,-7.8361325,-8.086132,-8.211132,-8.211132]}]}