{"seen_tokens":["Hello","Hi"," Hello","Hey","Good","Greetings","\n","hello","\n\n","How","Welcome"," \n\n"," \n"," ",",",".","​","-","!","  "," Hi"],"seen_logprobs":[{"tokens":[0,1,2,3,4,5,6,7,8,9,10,11,12,13,14,15,16,17,18,19],"logprobs":[-0.0004125576,-8.209205,-9.163875,-10.884984,-12.334584,-12.625838,-12.706548,-13.313441,-13.813344,-14.220599,-14.596488,-15.007188,-15.235517,-15.443681,-15.67493,-15.783687,-15.863633,-15.98363,-16.023882,-16.20062]},{"tokens":[0,1,2,3,4,6,5,7,8,9,10,14,18,11,12,13,15,16,20,19],"logprobs":[-0.0007463792,-7.696385,-8.358418,-10.347177,-11.798062,-12.494571,-12.59319,-13.039878,-13.274383,-13.513793,-14.21387,-14.357554,-14.593577,-14.629342,-14.77686,-14.8751745,-15.026443,-15.319644,-15.516723,-15.519065]},{"tokens":[0,1,2,3,4,5,6,7,8,9,10,11,12,14,16,13,17,18,15,19],"logprobs":[-0.0003244991,-8.508373,-9.282463,-11.010418,-12.304714,-12.957457,-13.099066,-13.53442,-14.37995,-14.919863,-15.077669,-15.445654,-15.746824,-15.84325,-15.997787,-16.046406,-16.264492,-16.31624,-16.379454,-16.605246]},{"tokens":[0,1,2,3,4,5,6,7,8,9,10,14,18,15,11,12,13,17,16,20],"logprobs":[-0.00087751617,-7.3999195,-8.648987,-9.828247,-11.225887,-11.904989,-12.439564,-12.82527,-13.246365,-13.320486,-13.764139,-14.111782,-14.231211,-14.515743,-14.5971775,-14.844652,-15.105631,-15.140316,-15.282206,-15.522345]}]}