{"seen_tokens":["Hello","Hi","Hey","That","It","How","To","Sure","Here","What","I"," Hello","\"","hello","x","The","Of","Bon"," Hi","He"],"seen_logprobs":[{"tokens":[0,1,2,3,4,5,6,7,8,9,10,11,12,13,14,15,16,17,18,19],"logprobs":[-0.029572662,-4.0295725,-5.9045725,-6.7170725,-6.8420725,-6.9045725,-7.0920725,-7.1545725,-7.3420725,-7.7170725,-7.7795725,-8.0295725,-8.7170725,-8.7170725,-8.7795725,-9.4670725,-9.5295725,-9.7170725,-9.7795725,-9.7795725]}]}