{"seen_tokens":["Hello","Hi"," Hello","Hey",">Hello"],"seen_logprobs":[{"tokens":[0,1,2,3,4],"logprobs":[-0.000021531068,-10.750022,-17.750021,-22.250021,-23.750021]},{"tokens":[0,1,2,3,4],"logprobs":[-0.000021531068,-10.750022,-17.750021,-22.000021,-23.875021]}]}