{"seen_tokens":["It","Did","Looks","Y","You","Hello","Is","In"," It","\"","How","it","What",".It","Greetings","...","That","\"It","Are","The"],"seen_logprobs":[{"tokens":[0,1,2,3,4,5,6,7,8,9,10,11,12,13,14,15,16,17,18,19],"logprobs":[-0.0028027322,-6.377803,-7.627803,-8.002803,-8.752803,-9.627803,-11.002803,-11.377803,-12.127803,-12.690303,-13.190303,-13.627803,-13.752803,-13.815303,-13.877803,-14.127803,-14.252803,-14.315303,-14.315303,-14.565303]}]}