{"seen_tokens":["你好","抱歉","Hi","Sorry","好的","Hello","您好","I","You","H","你","Deep","对不起","“","嗨","The","This","嗯","It","很","看起来","由于","您","我"],"seen_logprobs":[{"tokens":[0,1,2,3,4,5,6,7,8,9,10,11,12,13,14,15,16,17,18,19],"logprobs":[-0.12162742,-2.8716273,-4.2466273,-5.1216273,-5.1216273,-5.1216273,-5.4966273,-5.6216273,-5.6216273,-5.9966273,-6.6216273,-6.8716273,-6.9966273,-7.1216273,-7.2466273,-7.2466273,-7.2466273,-7.2466273,-7.8716273,-7.9966273]},{"tokens":[0,6,2,8,4,7,1,18,10,19,9,20,5,13,15,21,14,16,22,23],"logprobs":[-0.09123024,-3.0912302,-4.3412304,-5.3412304,-5.5912304,-5.5912304,-6.3412304,-6.3412304,-6.3412304,-6.4662304,-6.5912304,-6.7162304,-6.8412304,-7.3412304,-7.4662304,-7.5912304,-7.9662304,-8.09123,-8.21623,-8.21623]}]}