{"seen_tokens":["你好","抱歉","Hi","Sorry","好的","Hello","您好","I","You","H","你","Deep","对不起","“","嗨","The","This","嗯","It","很"],"seen_logprobs":[{"tokens":[0,1,2,3,4,5,6,7,8,9,10,11,12,13,14,15,16,17,18,19],"logprobs":[-0.12162742,-2.8716273,-4.2466273,-5.1216273,-5.1216273,-5.1216273,-5.4966273,-5.6216273,-5.6216273,-5.9966273,-6.6216273,-6.8716273,-6.9966273,-7.1216273,-7.2466273,-7.2466273,-7.2466273,-7.2466273,-7.8716273,-7.9966273]}]}