{"seen_tokens":["你好","抱歉","Hi","Sorry","好的","Hello","您好","I","You","H","你","Deep","对不起","“","嗨","The","This","嗯","It","很","看起来","由于","您","我","很高兴"],"seen_logprobs":[{"tokens":[0,1,2,3,4,5,6,7,8,9,10,11,12,13,14,15,16,17,18,19],"logprobs":[-0.12162742,-2.8716273,-4.2466273,-5.1216273,-5.1216273,-5.1216273,-5.4966273,-5.6216273,-5.6216273,-5.9966273,-6.6216273,-6.8716273,-6.9966273,-7.1216273,-7.2466273,-7.2466273,-7.2466273,-7.2466273,-7.8716273,-7.9966273]},{"tokens":[0,6,2,8,4,7,1,18,10,19,9,20,5,13,15,21,14,16,22,23],"logprobs":[-0.09123024,-3.0912302,-4.3412304,-5.3412304,-5.5912304,-5.5912304,-6.3412304,-6.3412304,-6.3412304,-6.4662304,-6.5912304,-6.7162304,-6.8412304,-7.3412304,-7.4662304,-7.5912304,-7.9662304,-8.09123,-8.21623,-8.21623]},{"tokens":[0,1,6,4,2,10,12,3,19,14,5,7,21,17,11,24,9,8,23,15],"logprobs":[-0.088088825,-2.9630888,-4.963089,-5.088089,-5.588089,-5.963089,-6.213089,-6.338089,-6.338089,-7.088089,-7.213089,-7.338089,-7.463089,-7.463089,-7.588089,-7.713089,-7.713089,-7.963089,-8.213089,-8.338089]},{"tokens":[0,6,4,2,19,7,18,8,1,10,20,21,13,5,16,9,15,23,14,12],"logprobs":[-0.09651544,-3.0965154,-4.7215157,-4.8465157,-5.4715157,-5.4715157,-5.7215157,-5.8465157,-5.9715157,-6.2215157,-6.4715157,-6.8465157,-6.9715157,-6.9715157,-7.4715157,-7.5965157,-7.5965157,-7.7215157,-8.096516,-8.221516]}]}