{"seen_tokens":["Hello","Hi","Hey","Good"," Hello","hello","Hell","How","Greetings","\n",">Hello","What","Howdy","﻿","Well","​​","\\","Hola","**","​"],"seen_logprobs":[{"tokens":[0,1,2,3,4,5,6,7,8,9,10,11,12,13,14,15,16,17,18,19],"logprobs":[-0.000017120534,-11.000017,-15.250017,-16.500017,-17.000017,-20.625017,-20.625017,-20.750017,-22.000017,-22.000017,-22.625017,-23.500017,-23.500017,-24.125017,-24.250017,-24.375017,-24.500017,-24.875017,-25.000017,-25.125017]}]}