{"seen_tokens":["Hello","Hi","Hey","Good"," Hello","hello","Hell","How","Greetings","\n",">Hello","What","Howdy","﻿","Well","​​","\\","Hola","**","​","-"],"seen_logprobs":[{"tokens":[0,1,2,3,4,5,6,7,8,9,10,11,12,13,14,15,16,17,18,19],"logprobs":[-0.000017120534,-11.000017,-15.250017,-16.500017,-17.000017,-20.625017,-20.625017,-20.750017,-22.000017,-22.000017,-22.625017,-23.500017,-23.500017,-24.125017,-24.250017,-24.375017,-24.500017,-24.875017,-25.000017,-25.125017]},{"tokens":[0,1,2,3,4,7,5,8,6,9,10,12,14,18,11,13,15,17,16,19],"logprobs":[-0.000035597102,-10.250035,-16.250036,-16.750036,-17.250036,-20.250036,-20.750036,-20.875036,-22.000036,-22.500036,-23.000036,-23.625036,-24.250036,-24.500036,-24.625036,-24.750036,-24.750036,-24.750036,-25.125036,-25.375036]},{"tokens":[0,1,2,3,4,5,6,7,8,9,10,12,11,13,14,15,17,16,19,20],"logprobs":[-0.00002188868,-10.750022,-15.250022,-16.250021,-16.750021,-20.625021,-20.875021,-21.000021,-21.625021,-22.250021,-22.625021,-23.375021,-23.750021,-24.125021,-24.250021,-24.250021,-24.625021,-24.750021,-24.875021,-25.250021]},{"tokens":[0,1,2,3,4,5,7,6,8,9,10,12,11,14,13,15,17,16,19,20],"logprobs":[-0.00002188868,-10.750022,-15.500022,-16.500021,-16.750021,-20.625021,-21.000021,-21.000021,-21.875021,-22.500021,-22.750021,-23.500021,-23.875021,-24.375021,-24.625021,-24.750021,-24.750021,-25.125021,-25.375021,-25.625021]}]}