{"seen_tokens":["It","I","You","X","That","x","Your","The","Unfortunately","However","To","Just","What","Hello","it","A","This","There","Single","Since"],"seen_logprobs":[{"tokens":[0,1,2,3,4,5,6,7,8,9,10,11,12,13,14,15,16,17,18,19],"logprobs":[-0.040995434,-4.0409956,-4.2909956,-6.0409956,-6.5409956,-7.0409956,-7.2909956,-7.7284956,-7.7909956,-7.9784956,-8.353496,-8.603496,-8.603496,-9.165996,-9.290996,-9.728496,-9.790996,-9.853496,-9.853496,-9.853496]}]}