{"seen_tokens":["<think>","</think>","<|im_start|>","Ġcape","ä»İ","probably","è¯¥","<tool_response>","ä»Ĭå¤©","æį®","éĻ¤äºĨ","æŀ¢çº½","èĥļ","é¦ĸåħĪ","Ġempez","nim","PO","ern","erval","ksen","aden","-c","Ġprobably","from","-m","minus"],"seen_logprobs":[{"tokens":[0,1,2,3,4,5,6,7,8,9,10,11,12,13,14,15,16,17,18,19],"logprobs":[-4.7683704e-7,-15.75,-18.0,-18.125,-18.8125,-19.5625,-19.625,-19.6875,-19.75,-19.9375,-19.9375,-20.0,-20.0,-20.125,-20.125,-20.1875,-20.1875,-20.1875,-20.1875,-20.25]},{"tokens":[0,1,2,3,4,5,8,17,7,6,11,20,14,16,21,22,23,24,10,25],"logprobs":[-2.3841855e-7,-16.3125,-18.375,-19.0,-19.5,-20.1875,-20.375,-20.4375,-20.5,-20.625,-20.625,-20.6875,-20.75,-20.75,-20.8125,-20.8125,-20.8125,-20.8125,-20.875,-20.875]}]}