{"seen_tokens":["Hello","Hi","It"," Hello","你好","Hey","hello","您好","You","I",">Hello"," Hi","Hallo"," hello","_hello","Hmm","HI","Your","HEL","Hola"],"seen_logprobs":[{"tokens":[0,1,2,3,4,5,6,7,8,9,10,11,12,13,14,15,16,17,18,19],"logprobs":[-0.011969631,-4.5119696,-7.0119696,-11.38697,-12.26197,-13.13697,-14.26197,-14.51197,-14.88697,-15.38697,-15.51197,-15.63697,-15.88697,-16.76197,-16.76197,-16.88697,-17.26197,-17.38697,-18.01197,-18.76197]}]}