{"seen_tokens":["Hello","Hi","It"," Hello","你好","Hey","hello","您好","You","I",">Hello"," Hi","Hallo"," hello","_hello","Hmm","HI","Your","HEL","Hola","Looks"],"seen_logprobs":[{"tokens":[0,1,2,3,4,5,6,7,8,9,10,11,12,13,14,15,16,17,18,19],"logprobs":[-0.011969631,-4.5119696,-7.0119696,-11.38697,-12.26197,-13.13697,-14.26197,-14.51197,-14.88697,-15.38697,-15.51197,-15.63697,-15.88697,-16.76197,-16.76197,-16.88697,-17.26197,-17.38697,-18.01197,-18.76197]},{"tokens":[0,2,1,3,4,5,6,9,8,7,10,11,12,13,15,14,17,16,18,20],"logprobs":[-0.034065608,-3.7840655,-4.5340657,-11.159065,-12.409065,-12.784065,-13.784065,-14.409065,-14.534065,-14.534065,-15.159065,-15.409065,-15.784065,-16.159065,-16.409065,-16.534065,-17.034065,-17.409065,-17.409065,-18.159065]},{"tokens":[0,2,1,3,4,5,6,8,9,7,10,11,12,13,14,15,16,17,18,20],"logprobs":[-0.04049896,-3.540499,-4.5404987,-11.165499,-12.540499,-13.165499,-13.790499,-14.665499,-14.665499,-14.915499,-15.040499,-15.415499,-15.790499,-16.165499,-16.540499,-16.540499,-17.415499,-17.665499,-17.665499,-18.165499]},{"tokens":[0,1,2,3,4,5,6,7,9,8,10,11,12,13,14,15,18,16,17,20],"logprobs":[-0.021994011,-4.521994,-4.521994,-11.396994,-12.646994,-13.021994,-14.021994,-14.896994,-14.896994,-14.896994,-15.396994,-15.646994,-15.896994,-16.396994,-16.646994,-16.896994,-17.646994,-17.646994,-17.646994,-18.646994]}]}