{"seen_tokens":["Hello","Hi","Hey","hello"," Hello","How","I","What","Good","Is","Welcome","The","It","G","Well","Nice","Can","\"","That","H","A"],"seen_logprobs":[{"tokens":[0,1,2,3,4,5,6,7,8,9,10,11,12,13,14,15,16,17,18,19],"logprobs":[-0.0012756791,-7.1262755,-9.626276,-9.626276,-9.626276,-9.626276,-10.251276,-10.688776,-11.126276,-11.688776,-12.001276,-12.063776,-12.251276,-12.313776,-12.438776,-12.438776,-12.626276,-12.626276,-12.688776,-12.688776]},{"tokens":[0,1,2,5,3,4,6,7,8,10,9,11,12,15,13,14,18,17,19,20],"logprobs":[-0.0014919828,-7.001492,-9.251492,-9.251492,-9.501492,-9.626492,-10.063992,-10.563992,-10.813992,-11.688992,-11.813992,-11.876492,-12.001492,-12.188992,-12.188992,-12.251492,-12.313992,-12.438992,-12.626492,-12.626492]},{"tokens":[0,1,5,3,2,4,6,7,8,9,10,11,12,15,13,14,17,18,16,20],"logprobs":[-0.0012231733,-7.376223,-9.001224,-9.251224,-9.688724,-9.751224,-10.063724,-10.563724,-11.001224,-11.688724,-11.813724,-11.813724,-12.063724,-12.063724,-12.126224,-12.188724,-12.313724,-12.376224,-12.438724,-12.438724]}]}