{"seen_tokens":["Hello","Hi","Hey","hello"," Hello","How","I","What","Good","Is","Welcome","The","It","G","Well","Nice","Can","\"","That","H"],"seen_logprobs":[{"tokens":[0,1,2,3,4,5,6,7,8,9,10,11,12,13,14,15,16,17,18,19],"logprobs":[-0.0012756791,-7.1262755,-9.626276,-9.626276,-9.626276,-9.626276,-10.251276,-10.688776,-11.126276,-11.688776,-12.001276,-12.063776,-12.251276,-12.313776,-12.438776,-12.438776,-12.626276,-12.626276,-12.688776,-12.688776]}]}