{"seen_tokens":["Hi","Hello","Hey","Hola","hello","HI"," Hello","hi"," Hi","Hallo","Bonjour","Greetings","你好","Good","HEL",">Hello","Nice","こんにちは","Dear","I"],"seen_logprobs":[{"tokens":[0,1,2,3,4,5,6,7,8,9,10,11,12,13,14,15,16,17,18,19],"logprobs":[-2.1269305,-0.12693056,-12.87693,-17.00193,-18.00193,-18.25193,-18.37693,-19.00193,-19.12693,-20.25193,-20.37693,-21.25193,-21.25193,-21.62693,-22.75193,-22.87693,-24.00193,-24.12693,-24.25193,-24.25193]},{"tokens":[1,0,2,3,4,5,6,7,8,9,10,11,12,13,14,15,16,17,18,19],"logprobs":[-0.12693056,-2.1269305,-12.87693,-17.00193,-18.00193,-18.25193,-18.37693,-19.00193,-19.12693,-20.25193,-20.37693,-21.25193,-21.25193,-21.62693,-22.75193,-22.87693,-24.00193,-24.12693,-24.25193,-24.25193]}]}