{"seen_tokens":["Hi","Hello","Just","It","Hey","I","Got","Yes","Hmm","How","Happy"],"seen_logprobs":[{"tokens":[0,1,2,3,4,5,6,7],"logprobs":[-0.017440118,-4.5174403,-5.2674403,-7.1424403,-9.39244,-9.57994,-10.26744,-10.64244]},{"tokens":[0,1,4,3,8,9,10,5],"logprobs":[-0.075476244,-2.8254762,-4.325476,-9.950477,-11.512977,-11.637977,-11.762977,-11.887977]}]}