{"seen_tokens":["Hi","Hello","Just","It","Hey","I","Got","Yes"],"seen_logprobs":[{"tokens":[0,1,2,3,4,5,6,7],"logprobs":[-0.017440118,-4.5174403,-5.2674403,-7.1424403,-9.39244,-9.57994,-10.26744,-10.64244]}]}