{"seen_tokens":["Hello","Hi","Hey"," Hello","Good"],"seen_logprobs":[{"tokens":[0,1,2,3,4],"logprobs":[-0.000010206721,-11.5000105,-17.25001,-18.25001,-20.37501]}]}