{"seen_tokens":["Hello","Hi","Hey"," Hello","\n"],"seen_logprobs":[{"tokens":[0,1,2,3,4],"logprobs":[-0.00003631232,-10.250036,-14.500036,-15.250036,-17.000036]},{"tokens":[0,1,2,3,4],"logprobs":[-0.000017239736,-11.000017,-15.000017,-16.250017,-17.500017]},{"tokens":[0,1,2,3,4],"logprobs":[-0.000010445127,-11.5000105,-15.5000105,-16.75001,-18.25001]},{"tokens":[0,1,2,3,4],"logprobs":[-0.000028325678,-10.500029,-14.750029,-15.250029,-16.500029]}]}