{"seen_tokens":["It","I","You","X","x","However","That","Unfortunately","The","Your","To","What","Hello","Since","it","There","Hi","This","A","Please","Just","If"],"seen_logprobs":[{"tokens":[0,1,2,3,4,5,6,7,8,9,10,11,12,13,14,15,16,17,18,19],"logprobs":[-0.04340407,-3.918404,-4.793404,-5.168404,-6.043404,-6.855904,-6.855904,-7.168404,-7.668404,-7.855904,-8.293404,-8.543404,-8.605904,-9.355904,-9.355904,-9.543404,-9.605904,-9.730904,-9.730904,-9.855904]},{"tokens":[0,1,2,3,7,6,4,5,9,8,10,11,13,14,18,20,12,17,19,21],"logprobs":[-0.023001878,-4.7730017,-5.0230017,-6.2730017,-6.7730017,-7.1480017,-7.2730017,-7.3980017,-7.6480017,-8.023002,-8.648002,-8.773002,-9.273002,-9.335502,-9.398002,-9.648002,-9.773002,-9.835502,-10.085502,-10.085502]},{"tokens":[3,0,1,2,4,5,6,7,8,9,10,11,12,13,14,15,16,17,18,19],"logprobs":[-5.168404,-0.04340407,-3.918404,-4.793404,-6.043404,-6.855904,-6.855904,-7.168404,-7.668404,-7.855904,-8.293404,-8.543404,-8.605904,-9.355904,-9.355904,-9.543404,-9.605904,-9.730904,-9.730904,-9.855904]}]}