{"seen_tokens":["Hello","It","How","Hi","Welcome","What","I","hello","Hey"," Hello","However","HI","You","Greetings",">Hello","_hello"," Hi","When","Is","Happy","To","If"],"seen_logprobs":[{"tokens":[0,1,2,3,4,5,6,7,8,9,10,11,12,13,14,15,16,17,18,19],"logprobs":[-0.8130382,-1.4692881,-1.5942881,-2.094288,-9.109913,-10.297413,-10.906788,-11.688038,-11.719288,-12.313038,-13.992725,-14.172413,-14.219288,-14.344288,-14.38335,-14.898975,-15.000538,-15.00835,-15.188038,-15.203663]},{"tokens":[0,1,2,3,4,5,6,8,7,9,10,12,11,13,14,15,16,17,20,21],"logprobs":[-0.79381406,-1.5438141,-1.7000641,-1.8875641,-9.075064,-10.090689,-10.809439,-11.637564,-11.731314,-12.403189,-13.918814,-14.051626,-14.114126,-14.442251,-14.457876,-14.887564,-14.895376,-15.059439,-15.082876,-15.082876]},{"tokens":[0,1,2,3,4,5,6,7,8,9,12,11,10,14,13,15,16,17,20,18],"logprobs":[-0.7580785,-1.4768286,-1.7112036,-2.1018286,-9.164329,-10.258079,-10.554954,-11.773704,-11.820579,-12.414329,-14.203391,-14.203391,-14.211204,-14.383079,-14.476829,-15.031516,-15.078391,-15.211204,-15.226829,-15.250266]}]}