{"seen_tokens":["Hello","It","How","Hi","Welcome","What","I","hello","Hey"," Hello","However","HI","You","Greetings",">Hello","_hello"," Hi","When","Is","Happy"],"seen_logprobs":[{"tokens":[0,1,2,3,4,5,6,7,8,9,10,11,12,13,14,15,16,17,18,19],"logprobs":[-0.8130382,-1.4692881,-1.5942881,-2.094288,-9.109913,-10.297413,-10.906788,-11.688038,-11.719288,-12.313038,-13.992725,-14.172413,-14.219288,-14.344288,-14.38335,-14.898975,-15.000538,-15.00835,-15.188038,-15.203663]}]}