{"seen_tokens":["Hello","Hi"," Hello","Hey"," Hi","Hallo","HI","hello",">Hello","Hola","_hello","HEL"," hello","Greetings","你好","Hell","_hi","Oh","Bonjour","こんにちは"],"seen_logprobs":[{"tokens":[0,1,2,3,4,5,6,7,8,9,10,11,12,13,14,15,16,17,18,19],"logprobs":[-0.018150927,-4.018151,-14.143151,-16.64315,-16.89315,-17.76815,-17.76815,-18.01815,-18.26815,-18.76815,-19.14315,-19.51815,-19.76815,-21.14315,-21.51815,-21.89315,-21.89315,-22.01815,-22.51815,-22.76815]}]}