{"seen_tokens":["Hmm","The","1","Let","\n","Okay","I","This","It","Here","User","To","You","Hello","Got","Analy","Interesting","Alright","用户","What"],"seen_logprobs":[{"tokens":[0,1,2,3,4,5,6,7,8,9,10,11,12,13,14,15,16,17,18,19],"logprobs":[-2.6550078,-0.4050078,-2.0300078,-3.3425078,-3.8425078,-3.9675078,-5.155008,-5.655008,-5.655008,-5.842508,-6.030008,-6.342508,-6.342508,-6.530008,-6.530008,-6.842508,-6.905008,-6.967508,-7.092508,-7.092508]}]}