{"seen_tokens":["Hmm","The","1","Let","\n","Okay","I","This","It","Here","User","To","You","Hello","Got","Analy","Interesting","Alright","用户","What","'"],"seen_logprobs":[{"tokens":[0,1,2,3,4,5,6,7,8,9,10,11,12,13,14,15,16,17,18,19],"logprobs":[-2.6550078,-0.4050078,-2.0300078,-3.3425078,-3.8425078,-3.9675078,-5.155008,-5.655008,-5.655008,-5.842508,-6.030008,-6.342508,-6.342508,-6.530008,-6.530008,-6.842508,-6.905008,-6.967508,-7.092508,-7.092508]},{"tokens":[1,2,0,3,4,5,6,10,7,9,8,14,11,15,17,16,12,13,18,20],"logprobs":[-0.41753048,-2.1675305,-2.5425305,-3.1675305,-3.4175305,-3.9800305,-5.2925305,-5.7300305,-5.7925305,-5.9800305,-6.2300305,-6.3550305,-6.5425305,-6.5425305,-6.6675305,-6.7300305,-6.7925305,-6.8550305,-6.9175305,-6.9175305]}]}