{"seen_tokens":["It","\"","You","If","How","Please","Since","To","Is","In","I","Depending","'","**","The","As","X","`","What"," It","Whether"],"seen_logprobs":[{"tokens":[0,1,2,3,4,5,6,7,8,9,10,11,12,13,14,15,16,17,18,19],"logprobs":[-0.000032901222,-11.437532,-12.062532,-12.187532,-12.937532,-13.187532,-13.687532,-13.937532,-14.000032,-14.500032,-14.562532,-14.875032,-14.937532,-15.125032,-15.375032,-15.437532,-15.500032,-15.750032,-15.968782,-16.312532]},{"tokens":[0,1,3,2,4,5,6,7,8,9,10,11,12,13,14,17,16,15,18,20],"logprobs":[-0.000032901222,-11.375032,-12.187532,-12.187532,-12.937532,-13.375032,-13.500032,-13.937532,-14.000032,-14.437532,-14.562532,-14.750032,-14.937532,-15.125032,-15.187532,-15.562532,-15.562532,-15.562532,-15.937532,-16.250032]}]}