{"seen_tokens":["It","\"","You","If","How","Please","Since","To","Is","In","I","Depending","'","**","The","As","X","`","What"," It","Whether"],"seen_logprobs":[{"tokens":[0,1,2,3,4,5,6,7,8,9,10,11,12,13,14,15,16,17,18,19],"logprobs":[-0.000032901222,-11.437532,-12.062532,-12.187532,-12.937532,-13.187532,-13.687532,-13.937532,-14.000032,-14.500032,-14.562532,-14.875032,-14.937532,-15.125032,-15.375032,-15.437532,-15.500032,-15.750032,-15.968782,-16.312532]},{"tokens":[0,1,3,2,4,5,6,7,8,9,10,11,12,13,14,17,16,15,18,20],"logprobs":[-0.000032901222,-11.375032,-12.187532,-12.187532,-12.937532,-13.375032,-13.500032,-13.937532,-14.000032,-14.437532,-14.562532,-14.750032,-14.937532,-15.125032,-15.187532,-15.562532,-15.562532,-15.562532,-15.937532,-16.250032]},{"tokens":[0,1,2,3,4,5,6,8,7,10,9,11,12,13,14,15,16,17,18,19],"logprobs":[-0.000032543605,-11.437532,-12.062532,-12.187532,-13.000032,-13.250032,-13.687532,-14.000032,-14.000032,-14.562532,-14.562532,-14.875032,-15.000032,-15.125032,-15.437532,-15.437532,-15.562532,-15.812532,-16.031282,-16.312532]},{"tokens":[0,1,2,3,4,5,6,7,8,10,9,11,13,12,14,15,16,17,18,20],"logprobs":[-0.000036119764,-11.437536,-11.812536,-12.062536,-12.812536,-13.187536,-13.437536,-13.875036,-13.937536,-14.437536,-14.500036,-14.750036,-15.000036,-15.062536,-15.250036,-15.312536,-15.562536,-15.625036,-15.875036,-16.125036]}]}