{"seen_tokens":["import","x","def","#","class","#include","```","#!/","//","\"\"\"","from","int","/*","function","if","const","void","print","<|im_end|>","var"],"seen_logprobs":[{"tokens":[0,1,2,3,4,5,6,7,8,9,10,11,12,13,14,15,16,17,18,19],"logprobs":[-3.0500548,-0.30005482,-2.9250548,-2.9250548,-4.800055,-5.237555,-5.362555,-5.362555,-5.425055,-5.675055,-5.737555,-5.737555,-6.050055,-6.050055,-6.300055,-6.362555,-6.487555,-6.550055,-6.675055,-6.675055]}]}