{"seen_tokens":["Hello","Hi"," Hello","Hey",">Hello"],"seen_logprobs":[{"tokens":[0,1,2,3,4],"logprobs":[-0.000016762922,-11.000017,-17.750017,-22.250017,-24.125017]},{"tokens":[0,1,2,3,4],"logprobs":[-0.000021531068,-10.750022,-17.500021,-22.000021,-23.875021]},{"tokens":[0,1,2,3,4],"logprobs":[-0.000010206721,-11.5000105,-18.00001,-22.50001,-24.25001]}]}