{"seen_tokens":["Hello","Hi","Hey"," Hello","hello","Hola",">Hello","你好","HI","👋"," Hi","hi","ello","こんにちは","Hallo","Greetings","Good","Hmm","HEL","_hello"],"seen_logprobs":[{"tokens":[0,1,2,3,4,5,6,7,8,9,10,11,12,13,14,15,16,17,18,19],"logprobs":[-0.014175437,-4.2641754,-11.389175,-15.014175,-15.639175,-16.764175,-17.139175,-17.889175,-17.889175,-18.014175,-18.389175,-18.514175,-19.014175,-19.389175,-19.514175,-19.764175,-19.764175,-20.014175,-20.264175,-20.514175]},{"tokens":[0,1,2,3,4,5,6,9,7,8,10,11,12,13,14,16,17,15,18,19],"logprobs":[-0.014174262,-4.2641745,-11.514174,-14.764174,-15.389174,-16.514174,-17.014174,-17.389174,-17.389174,-17.514174,-18.014174,-18.264174,-18.889174,-19.014174,-19.389174,-19.639174,-19.639174,-19.764174,-20.014174,-20.139174]},{"tokens":[0,1,2,3,4,5,6,8,9,7,10,11,12,13,14,16,17,15,19,18],"logprobs":[-0.0141772,-4.2641773,-11.264177,-14.639177,-15.389177,-16.514177,-16.889177,-17.514177,-17.639177,-17.639177,-18.014177,-18.514177,-18.889177,-19.139177,-19.389177,-19.639177,-19.639177,-19.889177,-20.014177,-20.139177]}]}