{"seen_tokens":["Hello","Sure","It","Certain","Here","Welcome","To","Hey","Hi"," Hello","The","I","Of","Creating","There","Is","That","Let","hello","How"],"seen_logprobs":[{"tokens":[0,1,2,3,4,5,6,7,8,9,10,11,12,13,14,15,16,17,18,19],"logprobs":[-0.35575455,-2.1057546,-2.1057546,-3.4807546,-4.4807544,-5.4807544,-5.9807544,-6.6057544,-6.6057544,-7.7307544,-7.8557544,-7.9807544,-8.230755,-8.480755,-8.855755,-8.918255,-9.418255,-9.480755,-9.730755,-9.730755]},{"tokens":[0,2,1,3,4,5,6,7,8,9,10,11,12,13,14,15,16,17,18,19],"logprobs":[-0.37483525,-1.9998353,-2.1248353,-3.4998353,-4.374835,-5.374835,-5.874835,-6.499835,-6.624835,-7.624835,-7.749835,-7.874835,-8.249835,-8.312335,-8.749835,-8.812335,-9.249835,-9.437335,-9.624835,-9.749835]}]}