{"seen_tokens":["Hello","Hi","Hey","hello","Hmm","How","H","Hola","Good","Hallo","He","Well","Oh","Greetings","HI","hi","Hell","Welcome","Okay"," Hello"],"seen_logprobs":[{"tokens":[0,1,2,3,4,5,6,7,8,9,10,11,12,13,14,15,16,17,18,19],"logprobs":[-0.1003679,-2.350368,-9.100368,-11.600368,-12.100368,-12.350368,-12.600368,-12.600368,-13.225368,-13.350368,-13.350368,-13.475368,-13.475368,-13.600368,-13.725368,-13.850368,-13.975368,-13.975368,-14.100368,-14.350368]},{"tokens":[1,0,2,3,4,5,6,7,8,9,10,11,12,13,14,15,16,17,18,19],"logprobs":[-2.350368,-0.1003679,-9.100368,-11.600368,-12.100368,-12.350368,-12.600368,-12.600368,-13.225368,-13.350368,-13.350368,-13.475368,-13.475368,-13.600368,-13.725368,-13.850368,-13.975368,-13.975368,-14.100368,-14.350368]}]}