{"seen_tokens":["Hello","It","How","Hi","Could"],"seen_logprobs":[{"tokens":[0,1,2,3,4],"logprobs":[-0.10060139,-2.8506014,-3.6006014,-4.600601,-8.350601]}]}