{"seen_tokens":["Hello","It","How","Hi","Could","Hey"],"seen_logprobs":[{"tokens":[0,1,2,3,4],"logprobs":[-0.10060139,-2.8506014,-3.6006014,-4.600601,-8.350601]},{"tokens":[0,1,3,2,5],"logprobs":[-0.010511117,-5.260511,-5.510511,-7.260511,-8.260511]},{"tokens":[0,1,3,2,5],"logprobs":[-0.01514076,-4.5151405,-5.7651405,-7.5151405,-8.765141]}]}