{"seen_tokens":["Hello","Hi","How","!","*"," Hello","Welcome","hello",">Hello","Can","Good","Hey","It","I","**","You","Greetings","Nice","¡","There"],"seen_logprobs":[{"tokens":[0,1,2,3,4,5,6,7,8,9,10,11,12,13,14,15,16,17,18,19],"logprobs":[-0.0012524626,-8.001252,-8.251252,-8.501252,-9.501252,-9.938752,-10.001252,-10.126252,-10.376252,-10.626252,-10.751252,-10.813752,-11.001252,-11.001252,-11.938752,-12.001252,-12.063752,-12.313752,-12.438752,-12.563752]}]}