{"seen_tokens":["Hello","Hi","How","!","*"," Hello","Welcome","hello",">Hello","Can","Good","Hey","It","I","**","You","Greetings","Nice","¡","There"],"seen_logprobs":[{"tokens":[0,1,2,3,4,5,6,7,8,9,10,11,12,13,14,15,16,17,18,19],"logprobs":[-0.0012524626,-8.001252,-8.251252,-8.501252,-9.501252,-9.938752,-10.001252,-10.126252,-10.376252,-10.626252,-10.751252,-10.813752,-11.001252,-11.001252,-11.938752,-12.001252,-12.063752,-12.313752,-12.438752,-12.563752]},{"tokens":[0,1,2,3,4,5,6,7,8,9,10,11,12,13,14,16,15,17,18,19],"logprobs":[-0.0013881819,-7.751388,-8.126389,-8.501389,-9.501389,-10.001389,-10.001389,-10.063889,-10.438889,-10.563889,-10.626389,-10.813889,-10.876389,-10.938889,-11.938889,-11.938889,-12.001389,-12.313889,-12.438889,-12.563889]},{"tokens":[0,1,2,3,4,6,5,7,8,9,10,11,12,13,14,15,16,17,18,19],"logprobs":[-0.0013198484,-7.87632,-8.12632,-8.50132,-9.50132,-10.00132,-10.06382,-10.12632,-10.43882,-10.62632,-10.68882,-10.81382,-11.00132,-11.00132,-12.00132,-12.06382,-12.12632,-12.31382,-12.50132,-12.56382]},{"tokens":[0,1,2,3,4,5,6,7,8,9,10,11,13,12,14,15,16,17,18,19],"logprobs":[-0.0014368696,-7.7514367,-8.126437,-8.376437,-9.438937,-9.938937,-9.938937,-10.063937,-10.376437,-10.501437,-10.626437,-10.751437,-10.876437,-10.938937,-11.876437,-11.938937,-12.063937,-12.251437,-12.313937,-12.501437]}]}