{"seen_tokens":["Hello","Hi","It","How","Could","Hey","Looks","What","Greetings","Sure","Seems","\""," Hello","Welcome","Yes","Good","Can","Would","Certainly","\n"],"seen_logprobs":[{"tokens":[0,1,2,3,4,5,6,7,8,9,10,11,12,13,14,15,16,17,18,19],"logprobs":[-0.019307988,-4.019308,-7.050558,-8.628683,-9.769308,-10.284933,-11.878683,-13.019308,-13.097433,-13.347433,-13.597433,-13.847433,-13.941183,-14.050558,-14.659933,-14.816183,-14.863058,-15.144308,-15.253683,-15.284933]}]}