{"seen_tokens":["Hello","Hi","Hey","hello","Hmm","How","H","Hola","Oh","Hallo","HI","He","hi","Well","Good","Hell","Greetings","Welcome","Okay","I"," Hello"],"seen_logprobs":[{"tokens":[0,1,2,3,4,5,6,7,8,9,10,11,12,13,14,15,16,17,18,19],"logprobs":[-0.12711987,-2.1271198,-8.87712,-11.62712,-12.00212,-12.12712,-12.37712,-12.37712,-13.25212,-13.37712,-13.50212,-13.50212,-13.50212,-13.62712,-13.62712,-13.87712,-14.00212,-14.12712,-14.12712,-14.37712]},{"tokens":[0,1,2,3,7,4,5,6,9,8,11,12,16,10,14,13,15,17,18,20],"logprobs":[-0.08915637,-2.4641564,-8.714156,-11.464156,-12.214156,-12.214156,-12.339156,-12.464156,-13.214156,-13.339156,-13.339156,-13.464156,-13.589156,-13.714156,-13.714156,-13.839156,-13.964156,-14.089156,-14.214156,-14.214156]}]}