{"seen_tokens":["Hello","Hi","Greetings","Hey","Welcome","How","I"," Hello","Yes","x","X","Good","\n","hello","Can","What","Is","It","\n\n","-","Sorry","You"],"seen_logprobs":[{"tokens":[0,1,2,3,4,5,6,7,8,9,10,11,12,13,14,15,16,17,18,19],"logprobs":[-0.005656791,-5.361877,-7.676086,-8.305035,-9.44956,-9.839245,-10.916813,-11.204309,-11.267153,-11.462252,-11.568077,-11.63653,-12.198578,-12.510361,-12.7518635,-12.930136,-13.013079,-13.421423,-13.534561,-13.929079]},{"tokens":[0,1,2,3,4,5,6,7,8,10,9,11,13,12,16,15,14,17,20,21],"logprobs":[-0.0061404263,-5.274401,-7.830231,-7.992743,-9.256812,-9.816535,-10.768968,-10.947223,-11.02904,-11.479346,-11.5904875,-11.800391,-12.349372,-12.450488,-12.875798,-12.941609,-13.009723,-13.124791,-13.200929,-13.590043]}]}