{"seen_tokens":["Hello","Hi","Greetings","Hey","Welcome","How","I"," Hello","Yes","x","X","Good","\n","hello","Can","What","Is","It","\n\n","-"],"seen_logprobs":[{"tokens":[0,1,2,3,4,5,6,7,8,9,10,11,12,13,14,15,16,17,18,19],"logprobs":[-0.005656791,-5.361877,-7.676086,-8.305035,-9.44956,-9.839245,-10.916813,-11.204309,-11.267153,-11.462252,-11.568077,-11.63653,-12.198578,-12.510361,-12.7518635,-12.930136,-13.013079,-13.421423,-13.534561,-13.929079]}]}