{"seen_tokens":["It","\"","You","If","How","Please","Since","Is","To","I","In","Depending","'","The","**","X","As","`","What"," It","Whether"],"seen_logprobs":[{"tokens":[0,1,2,3,4,5,6,7,8,9,10,11,12,13,14,15,16,17,18,19],"logprobs":[-0.000036715788,-11.437536,-11.750036,-12.062536,-12.812536,-13.250036,-13.562536,-13.812536,-13.875036,-14.437536,-14.500036,-14.687536,-14.937536,-15.062536,-15.062536,-15.125036,-15.250036,-15.687536,-15.812536,-16.125036]},{"tokens":[0,1,3,2,4,5,6,7,8,9,10,11,12,14,13,16,15,17,18,20],"logprobs":[-0.000033616456,-11.500033,-12.062533,-12.062533,-12.875033,-13.187533,-13.500033,-13.875033,-14.000033,-14.500033,-14.500033,-14.750033,-15.062533,-15.062533,-15.312533,-15.437533,-15.625033,-15.750033,-15.875033,-16.250034]},{"tokens":[0,1,2,3,4,5,6,7,8,9,10,11,14,12,13,16,17,15,18,19],"logprobs":[-0.00003397407,-11.375034,-12.062534,-12.187534,-13.000034,-13.250034,-13.375034,-13.937534,-14.000034,-14.500034,-14.500034,-14.687534,-14.812534,-14.875034,-15.125034,-15.437534,-15.500034,-15.687534,-15.875034,-16.125034]},{"tokens":[0,1,2,3,4,5,6,7,8,9,10,11,12,14,13,16,17,15,18,19],"logprobs":[-0.000030517112,-11.5000305,-12.1875305,-12.2500305,-13.0000305,-13.3125305,-13.6875305,-14.0000305,-14.0000305,-14.5000305,-14.6875305,-14.9375305,-15.0000305,-15.0000305,-15.4375305,-15.6250305,-15.6875305,-15.7500305,-15.9687805,-16.25003]}]}