{"seen_tokens":["<|channel|>","<|constrain|>"," "," (","분",",","<|message|>"," 分","<|call|>","analysis"," name"," a","(Note"," nap"," with"," after","<|start|>"," m"," b","<|end|>"," named","We'll"],"seen_logprobs":[{"tokens":[0,1,2,3,4,5,6,7,8,9,10,11,12,13,14,15,16,17,18,19],"logprobs":[0.0,-20.35236,-22.7487,-23.534687,-24.091825,-24.656588,-24.89693,-24.911957,-24.986156,-24.996777,-25.72301,-25.865398,-25.94263,-26.002634,-26.028763,-26.244484,-26.249615,-26.300852,-26.54662,-26.557219]},{"tokens":[0,1,2,3,4,9,8,5,6,7,15,10,12,14,11,13,16,20,21,19],"logprobs":[0.0,-20.601042,-23.321085,-23.459011,-24.605453,-24.797571,-24.849728,-25.088274,-25.251787,-25.537907,-25.80666,-25.855145,-25.974976,-26.022564,-26.029076,-26.126976,-26.1753,-26.294584,-26.349014,-26.43731]}]}