{"seen_tokens":["Hello","Hi"," Hello","こんにちは","Greeting","hello","नमस्ते"," EBS"," codebase"," hydraul"," couplings"," channels","Hola","）」","Greetings","<!"," Proteins","</li>","👋","Welcome","دة"," Channels","Merhaba"," Sensors","Hallo"," filings"],"seen_logprobs":[{"tokens":[0,1,2,3,4,5,6,7,8,9,10,11,12,13,14,15,16,17,18,19],"logprobs":[-0.000036596583,-10.250036,-13.562536,-18.968786,-21.328161,-21.796911,-22.109411,-22.281286,-22.468786,-23.046911,-23.265661,-23.460974,-23.660192,-23.855505,-23.863317,-23.875036,-23.886755,-23.890661,-23.90238,-23.906286]},{"tokens":[0,1,2,3,4,5,6,7,8,9,11,10,20,12,17,21,22,23,13,24],"logprobs":[-0.000030517112,-10.4375305,-13.6250305,-18.90628,-21.18753,-21.68753,-22.203156,-22.609406,-22.828156,-23.43753,-23.539093,-23.59378,-23.68753,-23.75003,-23.75003,-23.796906,-23.828156,-23.828156,-23.859406,-23.93753]},{"tokens":[0,1,2,3,4,5,6,7,8,10,9,11,12,20,24,25,13,16,22,15],"logprobs":[-0.00003850386,-10.187538,-13.937538,-19.031288,-21.406288,-21.859413,-22.109413,-22.375038,-22.750038,-23.390663,-23.484413,-23.835976,-23.8516,-23.867226,-23.875038,-23.98832,-23.996132,-23.996132,-24.085976,-24.1016]}]}