{"seen_tokens":["Hello","Hi"," Hello","こんにちは","Greeting","hello","नमस्ते"," EBS"," codebase"," hydraul"," couplings"," channels","Hola","）」","Greetings","<!"," Proteins","</li>","👋","Welcome"],"seen_logprobs":[{"tokens":[0,1,2,3,4,5,6,7,8,9,10,11,12,13,14,15,16,17,18,19],"logprobs":[-0.000036596583,-10.250036,-13.562536,-18.968786,-21.328161,-21.796911,-22.109411,-22.281286,-22.468786,-23.046911,-23.265661,-23.460974,-23.660192,-23.855505,-23.863317,-23.875036,-23.886755,-23.890661,-23.90238,-23.906286]}]}