{"seen_tokens":["Hi","Hello","H","Hey","How"],"seen_logprobs":[{"tokens":[0,1,2,3,4],"logprobs":[-0.2527694,-1.5027695,-7.7527695,-8.752769,-9.752769]},{"tokens":[0,1,2,3,4],"logprobs":[-0.20195869,-1.7019587,-8.451959,-8.951959,-9.951959]}]}