{"seen_tokens":["你好","抱歉","好的","您好","Hi","You","I","你","H","对不起","很","It","Hello","The","由于","Sorry","“","嗨","看起来","这句话","Deep","嗯","K","This","很高兴","（","Of","Good"],"seen_logprobs":[{"tokens":[0,1,2,3,4,5,6,7,8,9,10,11,12,13,14,15,16,17,18,19],"logprobs":[-0.22021301,-3.095213,-3.720213,-3.720213,-3.845213,-4.595213,-4.595213,-4.595213,-4.720213,-4.845213,-5.095213,-5.220213,-5.720213,-5.845213,-5.970213,-6.345213,-6.845213,-7.095213,-7.220213,-7.345213]},{"tokens":[0,1,3,2,8,15,10,6,9,12,7,5,4,20,13,21,22,14,17,23],"logprobs":[-0.17115203,-2.546152,-3.921152,-4.546152,-5.046152,-5.171152,-5.171152,-5.421152,-5.546152,-5.796152,-5.796152,-6.171152,-6.296152,-6.546152,-6.921152,-7.296152,-7.421152,-7.546152,-7.546152,-7.921152]},{"tokens":[0,2,3,4,7,21,16,12,1,8,5,14,6,10,18,24,17,11,25,13],"logprobs":[-0.02878929,-4.4037895,-4.9037895,-6.6537895,-6.6537895,-7.5287895,-7.6537895,-7.7787895,-7.9037895,-7.9037895,-8.0287895,-8.0287895,-8.0287895,-8.1537895,-8.1537895,-8.4037895,-8.4037895,-8.6537895,-9.0287895,-9.1537895]},{"tokens":[0,12,3,2,4,6,5,7,8,1,11,13,16,15,23,14,26,17,18,27],"logprobs":[-0.13001686,-3.5050168,-4.005017,-4.130017,-4.255017,-4.380017,-4.380017,-5.630017,-5.880017,-6.005017,-6.880017,-6.880017,-7.505017,-7.505017,-7.630017,-7.630017,-7.880017,-8.130017,-8.255017,-8.255017]}]}