{"seen_tokens":["你好","抱歉","好的","您好","Hi","You","I","你","H","对不起","很","It","Hello","The","由于","Sorry","“","嗨","看起来","这句话","Deep","嗯","K","This"],"seen_logprobs":[{"tokens":[0,1,2,3,4,5,6,7,8,9,10,11,12,13,14,15,16,17,18,19],"logprobs":[-0.22021301,-3.095213,-3.720213,-3.720213,-3.845213,-4.595213,-4.595213,-4.595213,-4.720213,-4.845213,-5.095213,-5.220213,-5.720213,-5.845213,-5.970213,-6.345213,-6.845213,-7.095213,-7.220213,-7.345213]},{"tokens":[0,1,3,2,8,15,10,6,9,12,7,5,4,20,13,21,22,14,17,23],"logprobs":[-0.17115203,-2.546152,-3.921152,-4.546152,-5.046152,-5.171152,-5.171152,-5.421152,-5.546152,-5.796152,-5.796152,-6.171152,-6.296152,-6.546152,-6.921152,-7.296152,-7.421152,-7.546152,-7.546152,-7.921152]}]}