{"seen_tokens":["Hi","Hey","Hello","H","**","Yo","hi","How"],"seen_logprobs":[{"tokens":[0,1,2,3,4,5,6,7],"logprobs":[-0.35563937,-1.2306393,-4.9806395,-8.855639,-8.980639,-12.480639,-12.730639,-12.855639]}]}