{"seen_tokens":["Hi","Hey","Hello","H","**","Yo","hi","How","Just","Oh","Ah"],"seen_logprobs":[{"tokens":[0,1,2,3,4,5,6,7],"logprobs":[-0.35563937,-1.2306393,-4.9806395,-8.855639,-8.980639,-12.480639,-12.730639,-12.855639]},{"tokens":[0,1,4,2,3,6,5,8],"logprobs":[-0.11368019,-2.2386801,-7.8636804,-7.8636804,-9.61368,-12.61368,-13.23868,-13.23868]},{"tokens":[0,1,2,4,3,5,9,10],"logprobs":[-0.4809966,-0.9809966,-5.3559966,-6.3559966,-7.9809966,-11.105997,-11.605997,-11.730997]}]}