{"seen_tokens":["Hello","Hey","I","You","Hmm","Hi","Okay","It","Alright","We","That","Hola","Greetings","Ah","This","Thank","Welcome","How","H","Hallo","Yes","*"],"seen_logprobs":[{"tokens":[0,1,2,3,4,5,6,7,8,9,10,11,12,13,14,15,16,17,18,19],"logprobs":[-0.2266724,-2.2266724,-3.7266724,-3.9766724,-4.101672,-4.351672,-4.976672,-5.601672,-5.726672,-6.164172,-6.664172,-7.289172,-7.351672,-7.351672,-7.539172,-8.164172,-8.226672,-8.351672,-8.601672,-8.789172]},{"tokens":[0,1,5,6,8,3,4,2,10,9,11,13,19,15,12,14,20,17,16,18],"logprobs":[-0.097241364,-3.3472414,-3.8472414,-4.4722414,-5.2222414,-5.2222414,-5.8472414,-6.0347414,-6.3472414,-6.9722414,-7.3472414,-7.4722414,-7.5347414,-7.7222414,-7.7222414,-7.9097414,-8.097241,-8.284741,-8.347241,-8.472241]},{"tokens":[0,1,5,6,3,2,4,8,11,7,9,14,10,21,12,17,15,19,16,13],"logprobs":[-0.05030157,-4.0503016,-4.4253016,-5.3003016,-5.4253016,-5.9253016,-6.4253016,-6.6753016,-6.8003016,-7.3003016,-7.6128016,-7.8628016,-7.8628016,-7.9878016,-8.612802,-8.737802,-8.862802,-9.362802,-9.550302,-9.612802]},{"tokens":[0,5,1,2,9,3,7,4,6,8,11,10,14,15,12,17,16,18,13,20],"logprobs":[-0.2638842,-2.513884,-2.763884,-3.763884,-3.888884,-4.013884,-4.638884,-5.326384,-6.263884,-6.263884,-6.763884,-6.826384,-7.201384,-7.326384,-7.388884,-7.388884,-8.076385,-8.201385,-8.576385,-8.763885]}]}