{"seen_tokens":["Hello","Hi","Hey","I","Well","It","How","Greetings","What","Yes","Sure","Good","The","hello","Bonjour","ðŁĳĭ","Assistant","H","Welcome","My"],"seen_logprobs":[{"tokens":[0,1,2,3,4,5,6,7,8,9,10,11,12,13,14,15,16,17,18,19],"logprobs":[-0.24694918,-1.6219492,-4.996949,-5.434449,-6.434449,-7.309449,-7.434449,-7.496949,-7.559449,-7.871949,-8.121949,-8.121949,-8.184449,-8.246949,-8.371949,-8.371949,-8.746949,-8.746949,-8.840699,-8.840699]}]}