{"seen_tokens":["It","Could","The","**","La","El","Your","Es","¡","X","H","x","Il","P","it","Hello","它","could","A","¿"],"seen_logprobs":[{"tokens":[0,1,2,3,4,5,6,7,8,9,10,11,12,13,14,15,16,17,18,19],"logprobs":[-0.30732903,-2.869829,-2.869829,-2.932329,-4.682329,-4.744829,-5.057329,-5.432329,-5.494829,-5.494829,-5.557329,-5.619829,-5.807329,-5.869829,-5.932329,-6.119829,-6.807329,-6.869829,-6.932329,-6.994829]},{"tokens":[0,2,1,3,4,5,6,7,8,9,10,11,12,13,14,15,16,17,18,19],"logprobs":[-0.31536,-2.81536,-2.87786,-2.87786,-4.62786,-4.69036,-5.06536,-5.37786,-5.50286,-5.56536,-5.62786,-5.69036,-5.75286,-5.81536,-5.94036,-6.19036,-6.81536,-6.81536,-6.94036,-7.00286]},{"tokens":[0,1,2,3,5,4,6,7,9,10,8,11,12,13,14,15,16,17,18,19],"logprobs":[-0.2970939,-2.9220939,-2.9220939,-2.9220939,-4.734594,-4.734594,-5.172094,-5.422094,-5.484594,-5.547094,-5.547094,-5.609594,-5.797094,-5.922094,-5.922094,-6.172094,-6.797094,-6.859594,-6.984594,-7.047094]}]}