{"seen_tokens":["Hello","Hi","Hey","\n"," Hello"],"seen_logprobs":[{"tokens":[0,1,2,3,4],"logprobs":[-0.00023977463,-8.625239,-10.500239,-10.875239,-11.750239]},{"tokens":[0,1,2,4,3],"logprobs":[-0.00016866691,-8.750169,-12.500169,-12.625169,-12.875169]}]}