{"seen_tokens":["Hello","Hi","Hey","\n"," Hello"],"seen_logprobs":[{"tokens":[0,1,2,3,4],"logprobs":[-0.00023977463,-8.625239,-10.500239,-10.875239,-11.750239]}]}