{"seen_tokens":["It","\"","If","You","How","Please","Since","To","Is","I","In","Depending","'","**","The","`","As","X","What","Your"],"seen_logprobs":[{"tokens":[0,1,2,3,4,5,6,7,8,9,10,11,12,13,14,15,16,17,18,19],"logprobs":[-0.00003886147,-11.500039,-11.875039,-11.937539,-12.750039,-12.812539,-13.312539,-13.375039,-13.875039,-14.062539,-14.312539,-14.562539,-14.750039,-14.937539,-15.000039,-15.062539,-15.187539,-15.312539,-15.500039,-16.000038]},{"tokens":[0,1,2,3,4,6,5,7,8,10,9,11,12,13,14,15,17,16,18,19],"logprobs":[-0.000039099883,-11.500039,-11.812539,-11.937539,-12.687539,-12.875039,-13.250039,-13.687539,-13.812539,-14.187539,-14.250039,-14.375039,-14.750039,-14.875039,-15.062539,-15.250039,-15.250039,-15.250039,-15.625039,-16.000038]},{"tokens":[0,1,3,2,5,4,6,7,9,8,10,11,12,14,13,15,16,17,19,18],"logprobs":[-0.000029921084,-11.75003,-12.12503,-12.25003,-13.00003,-13.12503,-13.37503,-13.62503,-14.25003,-14.25003,-14.50003,-14.93753,-15.00003,-15.25003,-15.37503,-15.56253,-15.56253,-15.81253,-16.06253,-16.06253]}]}