{"seen_tokens":["Hello","Hi"," Hello","你好",">Hello","hello","Hey","您好","Hola","_hello"," Hi"," hello","Bonjour","Здравствуйте","Hallo","H","HEL","_HEL","HI","こんにちは","hi","How"],"seen_logprobs":[{"tokens":[0,1,2,3,4,5,6,7,8,9,10,11,12,13,14,15,16,17,18,19],"logprobs":[-0.0019339683,-6.251934,-12.876934,-13.001934,-15.626934,-15.626934,-15.751934,-17.501934,-17.501934,-17.876934,-18.501934,-19.001934,-19.001934,-19.501934,-19.751934,-20.626934,-21.126934,-21.251934,-21.251934,-21.501934]},{"tokens":[0,1,2,3,6,5,4,10,8,7,14,9,12,15,13,18,11,20,19,21],"logprobs":[-0.014167445,-4.2641673,-12.889168,-14.014168,-14.514168,-16.139168,-16.264168,-16.764168,-16.764168,-18.639168,-18.889168,-19.264168,-19.264168,-19.389168,-19.389168,-19.639168,-20.014168,-20.514168,-20.889168,-21.139168]}]}