{"seen_tokens":["Hello","Hi","I","Welcome","How","Hey","Thank","You","What","你好","Thanks","There","您好","This","Great"," Hello","HI","It","Can","!"],"seen_logprobs":[{"tokens":[0,1,2,3,4,5,6,7,8,9,10,11,12,13,14,15,16,17,18,19],"logprobs":[-0.1926068,-2.1303244,-3.100811,-6.2649956,-6.4616737,-6.8250113,-7.026869,-7.453252,-7.7674217,-7.774169,-7.7757864,-8.319163,-8.407831,-8.503817,-8.775611,-8.818276,-8.864184,-9.011657,-9.134892,-9.256212]}]}