{"seen_tokens":["Hello","Hi","I","Welcome","How","Hey","Thank","You","What","你好","Thanks","There","您好","This","Great"," Hello","HI","It","Can","!","Could","**"],"seen_logprobs":[{"tokens":[0,1,2,3,4,5,6,7,8,9,10,11,12,13,14,15,16,17,18,19],"logprobs":[-0.1926068,-2.1303244,-3.100811,-6.2649956,-6.4616737,-6.8250113,-7.026869,-7.453252,-7.7674217,-7.774169,-7.7757864,-8.319163,-8.407831,-8.503817,-8.775611,-8.818276,-8.864184,-9.011657,-9.134892,-9.256212]},{"tokens":[0,1,2,3,4,5,6,7,8,10,9,11,13,12,14,16,15,18,17,20],"logprobs":[-0.18663096,-2.196408,-3.0411289,-6.217997,-6.5792537,-6.8081565,-7.1401305,-7.3614016,-7.705325,-7.8518014,-8.00063,-8.24202,-8.36988,-8.723864,-8.797018,-8.864959,-8.917401,-8.986041,-8.992134,-9.1881075]},{"tokens":[0,1,2,3,4,5,6,8,7,10,9,11,13,14,12,15,18,16,21,20],"logprobs":[-0.2015178,-2.1179235,-2.9937847,-6.0646877,-6.4501266,-6.5613356,-7.31241,-7.6102057,-7.610376,-7.879865,-8.036473,-8.33332,-8.427179,-8.461343,-8.678308,-8.829933,-8.924963,-8.954929,-8.983423,-9.045695]}]}