{"seen_tokens":["The","User","用户","It","We","x","Hmm","This","\n","I","You","好的","A","用户在","There's","...","It's","简单","Got","Hello"],"seen_logprobs":[{"tokens":[0,1,2,3,4,5,6,7,8,9,10,11,12,13,14,15,16,17,18,19],"logprobs":[-0.0030301155,-6.6280303,-7.5030303,-7.6280303,-8.37803,-9.37803,-9.62803,-9.87803,-9.87803,-11.00303,-11.25303,-11.37803,-11.87803,-11.87803,-11.87803,-12.00303,-12.12803,-12.25303,-12.25303,-12.50303]}]}