{"seen_tokens":["The","User","用户","It","We","x","Hmm","This","\n","I","You","好的","A","用户在","There's","...","It's","简单","Got","Hello","Okay","Simple","OK","Not","W"],"seen_logprobs":[{"tokens":[0,1,2,3,4,5,6,7,8,9,10,11,12,13,14,15,16,17,18,19],"logprobs":[-0.0030301155,-6.6280303,-7.5030303,-7.6280303,-8.37803,-9.37803,-9.62803,-9.87803,-9.87803,-11.00303,-11.25303,-11.37803,-11.87803,-11.87803,-11.87803,-12.00303,-12.12803,-12.25303,-12.25303,-12.50303]},{"tokens":[0,1,4,2,7,6,5,8,20,21,18,3,10,12,9,22,23,14,11,24],"logprobs":[-0.001989292,-7.0019894,-7.1269894,-9.751989,-10.001989,-10.376989,-10.501989,-11.501989,-11.626989,-11.751989,-12.001989,-12.001989,-12.001989,-12.126989,-12.126989,-12.251989,-12.376989,-12.376989,-12.501989,-13.251989]}]}