{"seen_tokens":["你好","Hello","您好","Hi","嗨","哈","","Hey","H","欢迎","嘿","**","很高兴","こ","hello","🌟","#","Welcome","I","大家好","How"],"seen_logprobs":[{"tokens":[0,1,2,3,4,5,6,7,8,9,10,11,6,12,13,14,15,16,6,6],"logprobs":[-0.3102685,-1.8102685,-3.0602684,-3.5602684,-3.6852684,-6.8102684,-7.8102684,-8.185268,-8.435268,-8.685268,-9.060268,-9.560268,-9.560268,-10.560268,-10.560268,-10.810268,-11.185268,-11.185268,-11.310268,-11.435268]},{"tokens":[0,1,3,2,4,5,7,8,10,9,6,14,6,11,16,13,17,18,19,20],"logprobs":[-0.45902312,-1.2090231,-3.459023,-3.709023,-4.459023,-7.334023,-7.459023,-8.084023,-9.084023,-9.209023,-9.459023,-10.834023,-10.834023,-10.959023,-10.959023,-11.209023,-11.334023,-11.334023,-11.459023,-11.584023]}]}