{"seen_tokens":["Hello","Hi","Hey"," Hello","Good","\\xf0\\x9f\\x91","\n","hello",">Hello","Well","Hola","Sure","Howdy","​","Greetings","Hallo","\\xf0\\x9f\\x8c","Hell","How","Welcome","Of"],"seen_logprobs":[{"tokens":[0,1,2,3,4,5,6,7,8,9,10,11,12,13,14,15,16,17,18,19],"logprobs":[-0.0012055886,-6.7512054,-10.251205,-17.126205,-18.251205,-19.751205,-19.876205,-20.001205,-21.001205,-21.501205,-22.001205,-22.126205,-22.501205,-23.001205,-23.251205,-23.376205,-23.376205,-23.376205,-23.376205,-23.751205]},{"tokens":[0,1,2,3,4,6,5,7,8,9,10,11,12,13,18,14,17,16,15,20],"logprobs":[-0.0019739575,-6.251974,-10.001974,-16.876974,-18.126974,-20.001974,-20.251974,-20.376974,-21.251974,-21.376974,-22.126974,-22.251974,-22.376974,-23.376974,-23.376974,-23.376974,-23.501974,-23.751974,-23.751974,-23.876974]}]}