{"seen_tokens":[" Press","\n"," ["," and"," "," to"," is"," ="," in",""," ("," the"," +"," for","\r"," of"," or"," {"," are"," The"],"seen_logprobs":[{"tokens":[0,1,2,3,4,5,6,7,8,9,10,11,12,13,14,15,16,17,18,19],"logprobs":[-10.184559,-1.1611218,-2.6376843,-3.5829968,-3.7236218,-3.9501843,-4.1376843,-4.1689343,-4.301747,-4.379872,-4.504872,-4.645497,-4.645497,-4.7314343,-4.821278,-4.852528,-4.989247,-5.0283093,-5.0751843,-5.098622]}]}