{"seen_tokens":["Hello","Hi"," Hello","Hey","\n"],"seen_logprobs":[{"tokens":[0,1,2,3,4],"logprobs":[-0.00015026369,-8.875151,-12.250151,-13.125151,-13.125151]}]}