{"seen_tokens":["It","Since","Depending","Please","You","How"," It","I"," it","Because","As","**","Whether","Thinking","If","Assuming","Did","Hello","Do","Everything"],"seen_logprobs":[{"tokens":[0,1,2,3,4,5,6,7,8,9,10,11,12,13,14,15,16,17,18,19],"logprobs":[-0.0037194374,-5.8787193,-7.7537193,-8.628719,-8.753719,-10.003719,-10.128719,-10.378719,-11.753719,-12.441219,-12.753719,-12.816219,-13.003719,-13.441219,-13.441219,-13.691219,-13.753719,-14.191219,-14.503719,-14.628719]}]}