{"seen_tokens":["It","Since","Depending","Please","You","How"," It","I"," it","Because","As","**","Whether","Thinking","If","Assuming","Did","Hello","Do","Everything","Looking"],"seen_logprobs":[{"tokens":[0,1,2,3,4,5,6,7,8,9,10,11,12,13,14,15,16,17,18,19],"logprobs":[-0.0037194374,-5.8787193,-7.7537193,-8.628719,-8.753719,-10.003719,-10.128719,-10.378719,-11.753719,-12.441219,-12.753719,-12.816219,-13.003719,-13.441219,-13.441219,-13.691219,-13.753719,-14.191219,-14.503719,-14.628719]},{"tokens":[0,1,2,3,4,5,7,6,8,9,10,11,12,14,13,15,16,17,20,18],"logprobs":[-0.004655475,-5.6296554,-7.6296554,-8.379656,-8.629656,-9.754656,-10.254656,-10.254656,-11.942156,-12.379656,-12.567156,-12.817156,-12.942156,-13.254656,-13.442156,-13.692156,-13.754656,-13.942156,-14.629656,-14.629656]},{"tokens":[0,1,2,3,4,5,7,6,8,9,10,12,11,14,13,16,15,17,18,19],"logprobs":[-0.0037459221,-5.878746,-7.753746,-8.503746,-8.753746,-9.878746,-10.128746,-10.378746,-12.003746,-12.566246,-12.816246,-12.941246,-12.941246,-13.503746,-13.566246,-13.753746,-13.816246,-14.191246,-14.628746,-14.691246]},{"tokens":[0,1,2,3,4,7,6,5,8,9,11,10,12,13,14,16,15,17,18,20],"logprobs":[-0.003268735,-6.0032687,-7.8782687,-8.753269,-9.003269,-10.253269,-10.253269,-10.253269,-11.878269,-12.690769,-12.940769,-12.940769,-13.065769,-13.690769,-13.690769,-13.815769,-13.878269,-14.315769,-14.690769,-14.878269]}]}