{"seen_tokens":["It","Hello","I","您好","您","Could","The","看起来","你好","x","Sorry","您的","我","好的","Your","Please","How","你","What","You","Hi"],"seen_logprobs":[{"tokens":[0,1,2,3,4,5,6,7,8,9,10,11,12,13,14,15,16,17,18,19],"logprobs":[-0.6763495,-1.6138495,-1.7180175,-2.9680173,-4.1138496,-4.8430157,-4.8430157,-5.0513496,-5.6763496,-5.8846836,-6.0930157,-6.1971836,-6.5096836,-6.5096836,-6.7180157,-7.0305157,-7.1346836,-7.3430157,-7.5513496,-8.072184]},{"tokens":[0,2,1,3,4,5,7,6,9,8,10,11,12,14,13,15,16,17,18,20],"logprobs":[-0.6471337,-1.5846337,-1.7929677,-3.1471336,-4.292968,-4.605468,-4.8138,-4.9179673,-5.647134,-5.7513,-6.167968,-6.272134,-6.584634,-6.6888,-6.792968,-7.0013,-7.209634,-7.3138,-7.6263,-7.730468]}]}