{"seen_tokens":["Hello","Hi","Hey"," Hello","Good","**","\n","hello","Hell","Greetings"," Hi","Howdy","Well","Hola",">Hello","\n\n","﻿","How","​","-","Hallo"],"seen_logprobs":[{"tokens":[0,1,2,3,4,5,6,7,8,9,10,11,12,13,14,15,16,17,18,19],"logprobs":[-0.004770211,-5.3485203,-12.582895,-15.176645,-17.31727,-18.270395,-18.957895,-19.364145,-19.37977,-20.176645,-20.47352,-20.614145,-21.207895,-21.395395,-21.72352,-21.84852,-21.957895,-22.114145,-22.12977,-22.239145]},{"tokens":[0,1,2,3,4,5,6,7,8,9,10,11,12,13,14,15,16,17,18,19],"logprobs":[-0.0046239183,-5.379624,-12.598374,-15.176499,-17.301498,-18.301498,-18.988998,-19.348373,-19.379623,-20.160873,-20.504623,-20.645248,-21.176498,-21.410873,-21.738998,-21.848373,-21.988998,-22.113998,-22.160873,-22.207748]},{"tokens":[0,1,2,3,4,5,7,8,6,9,11,10,12,13,14,18,19,16,15,17],"logprobs":[-0.0028089175,-5.877809,-12.471559,-15.752809,-16.830935,-19.31531,-19.455935,-19.799685,-19.987185,-20.737185,-20.955935,-21.705935,-21.768435,-21.84656,-22.00281,-22.34656,-22.59656,-22.65906,-22.799685,-22.94031]},{"tokens":[0,1,2,3,4,5,7,6,8,9,11,10,13,14,12,15,18,20,17,16],"logprobs":[-0.0052384986,-5.2552385,-12.317739,-15.864614,-16.630238,-19.380238,-19.614613,-19.614613,-19.833363,-20.270863,-20.364613,-20.989613,-21.052113,-21.973988,-22.208363,-22.364613,-22.442738,-22.708363,-22.739613,-22.848988]}]}