{"seen_tokens":["Hello","Hi","Hey"," Hello","Good","**","\n","hello","Hell","Greetings"," Hi","Howdy","Well","Hola",">Hello","\n\n","﻿","How","​","-"],"seen_logprobs":[{"tokens":[0,1,2,3,4,5,6,7,8,9,10,11,12,13,14,15,16,17,18,19],"logprobs":[-0.004770211,-5.3485203,-12.582895,-15.176645,-17.31727,-18.270395,-18.957895,-19.364145,-19.37977,-20.176645,-20.47352,-20.614145,-21.207895,-21.395395,-21.72352,-21.84852,-21.957895,-22.114145,-22.12977,-22.239145]},{"tokens":[0,1,2,3,4,5,6,7,8,9,10,11,12,13,14,15,16,17,18,19],"logprobs":[-0.0046239183,-5.379624,-12.598374,-15.176499,-17.301498,-18.301498,-18.988998,-19.348373,-19.379623,-20.160873,-20.504623,-20.645248,-21.176498,-21.410873,-21.738998,-21.848373,-21.988998,-22.113998,-22.160873,-22.207748]}]}