{"seen_tokens":["It","Could","The","**","La","El","Your","Es","¡","X","H","x","Il","P","it","Hello","它","could","A","¿"],"seen_logprobs":[{"tokens":[0,1,2,3,4,5,6,7,8,9,10,11,12,13,14,15,16,17,18,19],"logprobs":[-0.30732903,-2.869829,-2.869829,-2.932329,-4.682329,-4.744829,-5.057329,-5.432329,-5.494829,-5.494829,-5.557329,-5.619829,-5.807329,-5.869829,-5.932329,-6.119829,-6.807329,-6.869829,-6.932329,-6.994829]},{"tokens":[2,0,1,3,4,5,6,7,8,9,10,11,12,13,14,15,16,17,18,19],"logprobs":[-2.869829,-0.30732903,-2.869829,-2.932329,-4.682329,-4.744829,-5.057329,-5.432329,-5.494829,-5.494829,-5.557329,-5.619829,-5.807329,-5.869829,-5.932329,-6.119829,-6.807329,-6.869829,-6.932329,-6.994829]}]}