{"seen_tokens":["The","Hmm","This","We","Okay"],"seen_logprobs":[{"tokens":[0,1,2,3,4],"logprobs":[-0.04342964,-4.16843,-5.16843,-5.29343,-5.41843]},{"tokens":[0,2,4,1,3],"logprobs":[-0.10710334,-3.8571033,-4.1071033,-4.1071033,-4.3571033]}]}