{"seen_tokens":["The","Hmm","This","We","Okay"],"seen_logprobs":[{"tokens":[0,1,2,3,4],"logprobs":[-0.04342964,-4.16843,-5.16843,-5.29343,-5.41843]}]}