{"seen_tokens":["It","How","Hello","Hi","What","Welcome","I","hello","Hey","However","You"," Hello","To","HI","Greetings","If","When","Please","Unfortunately","hi"],"seen_logprobs":[{"tokens":[0,1,2,3,4,5,6,7,8,9,10,11,12,13,14,15,16,17,18,19],"logprobs":[-1.0532262,-0.9282262,-1.6782262,-2.6782262,-8.303226,-8.553226,-10.053226,-11.178226,-11.428226,-12.178226,-12.490726,-12.740726,-13.428226,-13.803226,-13.990726,-14.053226,-14.115726,-14.303226,-14.428226,-14.428226]},{"tokens":[1,0,2,3,4,5,6,7,8,9,10,11,12,13,14,15,16,17,18,19],"logprobs":[-0.9282262,-1.0532262,-1.6782262,-2.6782262,-8.303226,-8.553226,-10.053226,-11.178226,-11.428226,-12.178226,-12.490726,-12.740726,-13.428226,-13.803226,-13.990726,-14.053226,-14.115726,-14.303226,-14.428226,-14.428226]},{"tokens":[1,0,2,3,4,5,6,7,8,9,10,11,12,13,15,14,16,18,19,17],"logprobs":[-0.79293513,-1.1679351,-1.7929351,-2.6679351,-8.167935,-8.417935,-10.042935,-11.292935,-11.417935,-11.980435,-12.417935,-12.917935,-13.605435,-13.667935,-13.855435,-13.980435,-14.105435,-14.292935,-14.355435,-14.355435]},{"tokens":[2,1,0,3,4,5,6,7,8,9,10,11,12,13,15,14,16,18,19,17],"logprobs":[-1.7929351,-0.79293513,-1.1679351,-2.6679351,-8.167935,-8.417935,-10.042935,-11.292935,-11.417935,-11.980435,-12.417935,-12.917935,-13.605435,-13.667935,-13.855435,-13.980435,-14.105435,-14.292935,-14.355435,-14.355435]}]}