{"seen_tokens":["Hello","It","Hi","How","hello","You","Hey","您好","x","你好","I","Could","The","Hallo","What","Please","Sure","Your","Do"," Hello","こんにちは","Hola"],"seen_logprobs":[{"tokens":[0,1,2,3,4,5,6,7,8,9,10,11,12,13,14,15,16,17,18,19],"logprobs":[-0.05607409,-2.9310741,-7.306074,-8.931074,-9.056074,-9.806074,-9.931074,-10.806074,-10.931074,-10.931074,-11.181074,-11.181074,-11.306074,-11.431074,-11.556074,-11.556074,-11.931074,-12.306074,-12.556074,-12.806074]},{"tokens":[0,1,2,3,4,7,6,9,5,10,8,13,11,15,14,12,16,18,20,21],"logprobs":[-0.06363783,-2.813638,-6.9386377,-8.813638,-9.313638,-9.438638,-9.563638,-9.563638,-9.938638,-10.438638,-10.563638,-10.813638,-11.188638,-11.313638,-11.438638,-11.438638,-11.563638,-11.938638,-12.188638,-12.188638]}]}