{"seen_tokens":["Hey","Hello","Hi","**"," Hey","H","hey","\"Hey"," Hi","","\"Hello"],"seen_logprobs":[{"tokens":[0,1,2,3,4,5,6,7],"logprobs":[-0.13629003,-2.63629,-2.88629,-13.76129,-16.13629,-16.88629,-17.88629,-18.01129]},{"tokens":[2,1,0,3,5,8,9,10],"logprobs":[-0.5928113,-0.8428113,-4.0928116,-10.217812,-13.592812,-16.342812,-16.592812,-16.717812]}]}