{"seen_tokens":["Hey","Hello","Hi","**"," Hey","H","hey","\"Hey"],"seen_logprobs":[{"tokens":[0,1,2,3,4,5,6,7],"logprobs":[-0.13629003,-2.63629,-2.88629,-13.76129,-16.13629,-16.88629,-17.88629,-18.01129]}]}