{"seen_tokens":["▁Hi","▁Hello","▁How","▁Can","▁Hey","▁There","▁I","▁What","▁Are","▁Welcome","▁Sure","▁You","▁Could","▁Yes","▁!","▁Is","▁Please","▁Do","▁Sorry","▁H"],"seen_logprobs":[{"tokens":[0,1,2,3,4,5,6,7,8,9,10,11,12,13,14,15,16,17,18,19],"logprobs":[-3.3440096,-0.21900971,-3.0940096,-3.2190096,-3.3440096,-4.34401,-4.71901,-5.40651,-6.84401,-6.90651,-7.09401,-7.28151,-7.40651,-7.40651,-7.46901,-7.59401,-7.71901,-7.84401,-8.031509,-8.031509]}]}