{"seen_tokens":["**","x","😂","haha","`","X","H","*x"],"seen_logprobs":[{"tokens":[0,1,2,3,4,5,6,7],"logprobs":[-0.0018484782,-6.3768487,-10.001848,-10.251848,-10.751848,-10.876848,-11.626848,-12.376848]}]}