{"seen_tokens":["**","x","😂","haha","`","X","H","*x","xd"],"seen_logprobs":[{"tokens":[0,1,2,3,4,5,6,7],"logprobs":[-0.0018484782,-6.3768487,-10.001848,-10.251848,-10.751848,-10.876848,-11.626848,-12.376848]},{"tokens":[0,1,2,3,5,4,6,8],"logprobs":[-0.0034957752,-5.7534957,-9.128495,-9.503495,-10.003495,-10.253495,-10.628495,-11.878495]},{"tokens":[0,1,2,3,5,4,6,8],"logprobs":[-0.0017143089,-6.501714,-9.376715,-10.376715,-10.501715,-10.626715,-11.126715,-11.876715]}]}