{"seen_tokens":["Hello","Hi"," Hello","Hey","Good","Greetings","\n","hello","\n\n","How","Welcome"," \n\n"," \n"," ",",",".","​","-","!","  "," Hi","Hell"],"seen_logprobs":[{"tokens":[0,1,2,3,4,5,6,7,8,9,10,11,12,13,14,15,16,17,18,19],"logprobs":[-0.0004125576,-8.209205,-9.163875,-10.884984,-12.334584,-12.625838,-12.706548,-13.313441,-13.813344,-14.220599,-14.596488,-15.007188,-15.235517,-15.443681,-15.67493,-15.783687,-15.863633,-15.98363,-16.023882,-16.20062]},{"tokens":[0,1,2,3,4,6,5,7,8,9,10,14,18,11,12,13,15,16,20,19],"logprobs":[-0.0007463792,-7.696385,-8.358418,-10.347177,-11.798062,-12.494571,-12.59319,-13.039878,-13.274383,-13.513793,-14.21387,-14.357554,-14.593577,-14.629342,-14.77686,-14.8751745,-15.026443,-15.319644,-15.516723,-15.519065]},{"tokens":[0,1,2,3,4,5,6,7,8,9,10,11,14,12,13,15,16,17,18,21],"logprobs":[-0.00046796896,-8.157071,-8.926183,-10.593457,-11.939704,-12.096671,-12.677363,-12.9506445,-13.837102,-13.887134,-14.312291,-14.935931,-15.211295,-15.214314,-15.365201,-15.461804,-15.57492,-15.710858,-15.849164,-15.944316]}]}