{"seen_tokens":["It","I","You","That","X","The","x","Just","Unfortunately","Your","What","A","However","To","it","just","Hello","This","Hi","How"],"seen_logprobs":[{"tokens":[0,1,2,3,4,5,6,7,8,9,10,11,12,13,14,15,16,17,18,19],"logprobs":[-0.046363253,-4.2963634,-4.4213634,-4.9213634,-6.0463634,-6.5463634,-6.5463634,-6.7963634,-7.0463634,-7.0463634,-7.1713634,-7.6713634,-7.9838634,-8.171363,-8.608863,-8.858863,-8.983863,-9.046363,-9.296363,-9.296363]}]}