{"seen_tokens":["Hello","Hi","Hey","hello","Hmm","H","Hola","How","Hallo","He","Oh","Good","Well","hi","Greetings","Welcome","你好","HI"," Hello","Okay"],"seen_logprobs":[{"tokens":[0,1,2,3,4,5,6,7,8,9,10,11,12,13,14,15,16,17,18,19],"logprobs":[-0.05931499,-2.85619,-9.48119,-12.153065,-12.60619,-12.903065,-13.059315,-13.309315,-13.528065,-13.79369,-13.934315,-14.01244,-14.07494,-14.44994,-14.51244,-14.621815,-14.63744,-14.73119,-14.746815,-14.840565]},{"tokens":[0,1,2,3,4,5,6,7,8,9,10,11,12,13,15,14,16,18,17,19],"logprobs":[-0.054987695,-2.9299877,-9.414363,-12.195613,-12.758113,-12.883113,-13.039363,-13.476863,-13.523738,-13.883113,-13.976863,-14.039363,-14.211238,-14.508113,-14.601863,-14.664363,-14.773738,-14.789363,-14.836238,-14.914363]}]}