{"seen_tokens":["Hello","Hi","Hey","hello","Hmm","H","Hola","How","Hallo","He","Oh","Good","Well","hi","Greetings","Welcome","你好","HI"," Hello","Okay"],"seen_logprobs":[{"tokens":[0,1,2,3,4,5,6,7,8,9,10,11,12,13,14,15,16,17,18,19],"logprobs":[-0.05931499,-2.85619,-9.48119,-12.153065,-12.60619,-12.903065,-13.059315,-13.309315,-13.528065,-13.79369,-13.934315,-14.01244,-14.07494,-14.44994,-14.51244,-14.621815,-14.63744,-14.73119,-14.746815,-14.840565]}]}