{"seen_tokens":["Hello","Hi","Hey"," Hello","hello","Hola",">Hello","HI"," Hi","_hello","Hallo","👋","H"," hello","HEL","Greetings","你好","Hell","You","Oh","Bonjour"],"seen_logprobs":[{"tokens":[0,1,2,3,4,5,6,7,8,9,10,11,12,13,14,15,16,17,18,19],"logprobs":[-0.011170558,-4.5111704,-9.76117,-10.38617,-11.82367,-12.19867,-12.38617,-12.76117,-13.26117,-13.32367,-13.51117,-13.57367,-13.63617,-13.76117,-13.82367,-13.88617,-14.26117,-15.19867,-15.26117,-15.38617]},{"tokens":[0,1,3,2,4,5,6,7,8,10,9,12,11,13,14,15,16,17,20,18],"logprobs":[-0.012615288,-4.387615,-10.262615,-10.262615,-11.762615,-12.137615,-12.512615,-12.512615,-13.012615,-13.387615,-13.450115,-13.512615,-13.575115,-13.700115,-13.825115,-13.950115,-14.325115,-15.200115,-15.387615,-15.387615]},{"tokens":[0,1,2,3,4,5,6,7,8,9,10,11,12,13,14,15,16,17,18,20],"logprobs":[-0.009862138,-4.634862,-10.134862,-10.259862,-11.822362,-12.322362,-12.509862,-12.884862,-13.197362,-13.509862,-13.509862,-13.634862,-13.697362,-13.759862,-14.134862,-14.197362,-14.447362,-15.384862,-15.447362,-15.572362]}]}