{"seen_tokens":["Hello","Hi","Hey","Hola","你好"," Hi","HI","嗨","Пр"," Hello","👋","こんにちは","HEL","Yo","您好","_hi","hi","¡","Hallo","H"],"seen_logprobs":[{"tokens":[0,1,2,3,4,5,6,7,8,9,10,11,12,13,14,15,16,17,18,19],"logprobs":[-2.1273699,-0.1273699,-7.75237,-12.87737,-13.00237,-13.25237,-13.37737,-13.87737,-14.50237,-14.75237,-15.00237,-15.12737,-15.12737,-15.37737,-15.75237,-15.87737,-16.56487,-16.62737,-16.68987,-16.75237]},{"tokens":[1,0,2,4,3,5,6,7,8,9,10,11,12,13,14,15,16,17,18,19],"logprobs":[-0.14311066,-2.0181108,-7.7681108,-12.89311,-12.89311,-13.14311,-13.26811,-14.01811,-14.51811,-14.64311,-15.01811,-15.14311,-15.14311,-15.26811,-15.76811,-15.89311,-16.58061,-16.64311,-16.64311,-16.76811]},{"tokens":[1,0,2,3,4,5,6,7,8,9,11,10,12,13,14,15,16,17,18,19],"logprobs":[-0.14310952,-2.0181096,-7.7681093,-12.893109,-13.143109,-13.268109,-13.393109,-14.018109,-14.643109,-14.768109,-15.143109,-15.143109,-15.143109,-15.393109,-15.893109,-15.893109,-16.64311,-16.76811,-16.76811,-16.83061]},{"tokens":[1,0,2,3,4,6,5,7,8,9,11,10,12,13,14,15,16,18,17,19],"logprobs":[-0.12736979,-2.1273699,-7.75237,-12.87737,-13.00237,-13.25237,-13.25237,-14.00237,-14.62737,-14.87737,-15.12737,-15.12737,-15.12737,-15.37737,-15.75237,-15.87737,-16.502369,-16.689869,-16.752369,-16.814869]}]}