{"seen_tokens":["Hello","Hi","Hey","Hola","你好"," Hi","HI","嗨","Пр"," Hello","👋","こんにちは","HEL","Yo","您好","_hi","hi","¡","Hallo","H"],"seen_logprobs":[{"tokens":[0,1,2,3,4,5,6,7,8,9,10,11,12,13,14,15,16,17,18,19],"logprobs":[-2.1273699,-0.1273699,-7.75237,-12.87737,-13.00237,-13.25237,-13.37737,-13.87737,-14.50237,-14.75237,-15.00237,-15.12737,-15.12737,-15.37737,-15.75237,-15.87737,-16.56487,-16.62737,-16.68987,-16.75237]}]}