{"seen_tokens":["Hello","Hi"," Hello","Hey","hello"],"seen_logprobs":[{"tokens":[0,1,2,3,4],"logprobs":[-0.00020442,-8.500204,-14.000204,-16.375204,-17.500204]}]}