{"seen_tokens":["Okay","You","The","Please","It","Is","That","\"","Alright","I","Under","This","To","Just","OK","▁Okay","Ah","Of","Since","**"],"seen_logprobs":[{"tokens":[0,1,2,3,4,5,6,7,8,9,10,11,12,13,14,15,16,17,18,19],"logprobs":[-0.00025090406,-9.000251,-9.750251,-10.000251,-11.250251,-11.500251,-14.750251,-15.750251,-16.000252,-18.750252,-18.750252,-19.500252,-20.000252,-20.000252,-21.000252,-21.000252,-21.000252,-21.750252,-22.250252,-22.250252]}]}