{"seen_tokens":["\n\n","\n\n\n","\n"," \n\n","\n\n\n\n"],"seen_logprobs":[{"tokens":[0,1,2,3,4],"logprobs":[-3.6e-7,-15.167597,-15.4959955,-15.743308,-15.780726]},{"tokens":[0,1,2,3,4],"logprobs":[-3.6e-7,-15.167597,-15.4959955,-15.740859,-15.780726]}]}