{"seen_tokens":["How","It","Hello","Welcome","Hi","What","Is"," How"," Hello","Its","Nice"," It","Hey"," Welcome","hello","Can","how","That"," welcome","Greetings"," it","You"],"seen_logprobs":[{"tokens":[0,1,2,3,4,5,6,7,8,9,10,11,12,13,14,15,16,17,18,19],"logprobs":[-0.7816355,-0.8285105,-2.3910105,-5.0003853,-5.4378853,-6.5316353,-6.8285103,-9.000385,-9.281635,-9.875385,-10.17226,-10.29726,-10.906635,-11.414448,-11.430073,-11.633198,-11.656635,-11.89101,-12.281635,-12.320698]},{"tokens":[1,0,2,3,4,6,5,7,8,9,11,10,12,13,15,14,16,17,18,20],"logprobs":[-0.6739504,-0.8770754,-2.7833254,-5.17395,-5.564575,-6.6427,-6.689575,-9.0177,-9.564575,-10.033325,-10.11145,-10.36145,-10.877075,-11.502075,-11.658325,-11.759888,-11.884888,-12.025513,-12.244263,-12.252075]},{"tokens":[1,0,2,3,4,6,5,7,8,9,11,10,12,15,13,16,14,17,21,18],"logprobs":[-0.6745382,-0.8464132,-3.0182881,-5.205788,-5.627663,-6.283913,-6.565163,-9.065164,-9.846414,-9.987039,-10.205789,-10.424539,-10.869851,-11.338601,-11.612039,-11.783914,-11.862039,-11.893289,-12.213601,-12.213601]}]}