{"seen_tokens":["How","It","Hello","Welcome","Hi","What","Is"," How"," Hello","Its","Nice"," It","Hey"," Welcome","hello","Can","how","That"," welcome","Greetings"],"seen_logprobs":[{"tokens":[0,1,2,3,4,5,6,7,8,9,10,11,12,13,14,15,16,17,18,19],"logprobs":[-0.7816355,-0.8285105,-2.3910105,-5.0003853,-5.4378853,-6.5316353,-6.8285103,-9.000385,-9.281635,-9.875385,-10.17226,-10.29726,-10.906635,-11.414448,-11.430073,-11.633198,-11.656635,-11.89101,-12.281635,-12.320698]}]}