{"seen_tokens":["Hello","It","Hi","你好","您好","x","Hey","I","Could","您","hello","The"," Hello","You","看起来","Hmm","What","Your","你","Is"],"seen_logprobs":[{"tokens":[0,1,2,3,4,5,6,7,8,9,10,11,12,13,14,15,16,17,18,19],"logprobs":[-0.025094796,-4.150095,-5.025095,-6.525095,-7.650095,-9.150095,-9.525095,-9.525095,-9.900095,-9.900095,-10.275095,-10.400095,-11.025095,-11.150095,-11.525095,-11.650095,-12.400095,-12.400095,-12.525095,-12.525095]}]}