{"seen_tokens":["你好","您好","抱歉","好的","嗨","嘿","“","嗯","对不起","我","很高兴","不好意思","很","**","（","哈哈","早上","根据","你","需要","I","Sorry","You","The","看起来","由于","这是一个","Hello","你的","你是","Hi"],"seen_logprobs":[{"tokens":[0,1,2,3,4,5,6,7,8,9,10,11,12,13,14,15,16,17,18,19],"logprobs":[-0.11740276,-3.2424028,-3.7424028,-3.7424028,-5.2424026,-5.7424026,-5.8674026,-5.9924026,-6.6174026,-7.1174026,-7.1174026,-7.2424026,-7.4924026,-7.8674026,-8.117403,-8.117403,-8.242403,-8.242403,-8.242403,-8.367403]},{"tokens":[3,0,8,2,20,18,1,21,12,22,23,24,9,25,26,27,28,29,30,7],"logprobs":[-2.1910968,-1.4410968,-1.9410968,-2.3160968,-2.4410968,-2.9410968,-3.5660968,-3.8160968,-4.191097,-4.316097,-4.316097,-4.441097,-4.566097,-4.566097,-4.691097,-4.691097,-4.816097,-4.816097,-4.941097,-4.941097]}]}