{"seen_tokens":["Hello","How","It","Hi","Could","Hey","Is","What","Can","Looks","Seems","\n","Greetings","Would","Yes"," Hello","I'm","Good","\"","What's","Do"],"seen_logprobs":[{"tokens":[0,1,2,3,4,5,6,7,8,9,10,11,12,13,14,15,16,17,18,19],"logprobs":[-0.049601924,-3.799602,-4.049602,-4.799602,-8.549602,-9.799602,-9.799602,-10.549602,-11.799602,-12.299602,-13.049602,-14.299602,-14.299602,-14.674602,-14.674602,-14.924602,-14.924602,-14.924602,-15.549602,-15.674602]},{"tokens":[0,1,2,3,4,6,5,7,8,9,10,11,12,14,13,16,17,15,18,19],"logprobs":[-0.049601924,-3.799602,-4.049602,-4.799602,-8.549602,-9.799602,-9.799602,-10.549602,-11.799602,-12.299602,-13.049602,-14.299602,-14.299602,-14.674602,-14.674602,-14.924602,-14.924602,-14.924602,-15.549602,-15.674602]},{"tokens":[0,1,2,3,4,6,5,7,8,9,10,11,12,14,13,16,17,15,18,20],"logprobs":[-0.055945836,-3.5559459,-4.055946,-4.805946,-8.555945,-9.805945,-9.805945,-10.305945,-11.805945,-12.305945,-13.055945,-14.305945,-14.305945,-14.680945,-14.680945,-14.805945,-14.930945,-14.930945,-15.555945,-15.680945]},{"tokens":[0,1,2,3,4,6,7,5,8,9,12,14,10,11,13,17,16,15,19,20],"logprobs":[-0.039757174,-3.5397573,-5.0397573,-5.7897573,-8.539757,-9.289757,-9.289757,-10.539757,-11.539757,-13.539757,-14.289757,-14.289757,-14.539757,-14.664757,-14.914757,-15.164757,-15.164757,-15.164757,-15.414757,-15.664757]}]}