{"seen_tokens":["Hey","Hi","**","H","Hello","Yo","\"Hey","hey","hi"," Hi","\""],"seen_logprobs":[{"tokens":[0,1,2,3,4,5,6,7],"logprobs":[-0.20220071,-1.7022007,-7.327201,-9.827201,-10.202201,-11.452201,-12.077201,-12.202201]},{"tokens":[1,0,2,4,3,8,9,10],"logprobs":[-0.0147612775,-4.2647614,-8.014761,-8.514761,-9.889761,-12.639761,-12.889761,-13.264761]}]}