{"seen_tokens":["Hey","Hi","**","H","Hello","Yo","\"Hey","hey"],"seen_logprobs":[{"tokens":[0,1,2,3,4,5,6,7],"logprobs":[-0.20220071,-1.7022007,-7.327201,-9.827201,-10.202201,-11.452201,-12.077201,-12.202201]}]}