{"seen_tokens":["It","Hello","The","To","I"],"seen_logprobs":[{"tokens":[0,1,2,3,4],"logprobs":[-0.23687239,-1.9868724,-3.9868724,-4.361872,-4.486872]}]}