{"seen_tokens":["How","It","Hello","Did","Hi","Looks","Hey","\"How","You","Greetings","\"","Let","Is","What","\"It","Welcome","I","Your","That","Please"],"seen_logprobs":[{"tokens":[0,1,2,3,4,5,6,7,8,9,10,11,12,13,14,15,16,17,18,19],"logprobs":[-0.67264265,-0.79764265,-3.5476427,-4.9226427,-6.4226427,-7.5476427,-7.6726427,-8.797643,-9.422643,-9.922643,-10.297643,-10.547643,-10.547643,-10.797643,-10.797643,-10.797643,-10.922643,-11.422643,-11.610143,-11.735143]}]}