{"seen_tokens":["How","It","Hello","Did","Hi","Looks","Hey","\"How","You","Greetings","\"","Let","Is","What","\"It","Welcome","I","Your","That","Please","it"," It","\tIt","This","看起来",".It"],"seen_logprobs":[{"tokens":[0,1,2,3,4,5,6,7,8,9,10,11,12,13,14,15,16,17,18,19],"logprobs":[-0.67264265,-0.79764265,-3.5476427,-4.9226427,-6.4226427,-7.5476427,-7.6726427,-8.797643,-9.422643,-9.922643,-10.297643,-10.547643,-10.547643,-10.797643,-10.797643,-10.797643,-10.922643,-11.422643,-11.610143,-11.735143]},{"tokens":[1,0,3,5,2,8,4,20,21,12,11,22,6,15,16,14,23,24,25,19],"logprobs":[-0.00022528018,-8.875225,-10.250225,-10.625225,-11.000225,-12.625225,-13.625225,-14.125225,-14.250225,-14.250225,-15.375225,-15.500225,-15.500225,-15.500225,-15.625225,-15.875225,-16.125225,-16.250225,-16.437725,-16.500225]}]}