{"seen_tokens":["How","It","Hello","Did","Hi","Looks","Hey","\"How","You","Greetings","\"","Let","Is","What","\"It","Welcome","I","Your","That","Please","it"," It","\tIt","This","看起来",".It","...","Al","Just","An","Hmm"," You","Ah","Are","X","S","\"x","\"S","x","*","*X"],"seen_logprobs":[{"tokens":[0,1,2,3,4,5,6,7,8,9,10,11,12,13,14,15,16,17,18,19],"logprobs":[-0.67264265,-0.79764265,-3.5476427,-4.9226427,-6.4226427,-7.5476427,-7.6726427,-8.797643,-9.422643,-9.922643,-10.297643,-10.547643,-10.547643,-10.797643,-10.797643,-10.797643,-10.922643,-11.422643,-11.610143,-11.735143]},{"tokens":[1,0,3,5,2,8,4,20,21,12,11,22,6,15,16,14,23,24,25,19],"logprobs":[-0.00022528018,-8.875225,-10.250225,-10.625225,-11.000225,-12.625225,-13.625225,-14.125225,-14.250225,-14.250225,-15.375225,-15.500225,-15.500225,-15.500225,-15.625225,-15.875225,-16.125225,-16.250225,-16.437725,-16.500225]},{"tokens":[8,1,2,0,3,5,26,27,28,16,29,13,18,6,12,9,4,30,31,32],"logprobs":[-0.046768673,-3.1717687,-6.6717687,-6.7967687,-7.2967687,-8.046769,-9.421769,-9.546769,-9.921769,-10.546769,-10.796769,-11.296769,-11.546769,-11.546769,-11.546769,-11.671769,-11.734269,-12.046769,-12.234269,-12.421769]},{"tokens":[3,33,1,34,10,35,5,0,27,2,36,37,38,16,12,8,39,4,40,11],"logprobs":[-1.1066475,-1.4816475,-1.4816475,-2.1066475,-3.1066475,-4.2316475,-4.4816475,-5.6066475,-5.7316475,-5.8566475,-5.9816475,-6.4816475,-6.6066475,-6.9816475,-6.9816475,-7.3566475,-7.9816475,-8.1066475,-8.1066475,-8.2941475]}]}