{"seen_tokens":["token_id:22177","token_id:1065","token_id:1066","token_id:2757","token_id:1067","token_id:37133","token_id:69957","token_id:83704","token_id:46634","token_id:1068","token_id:29706","token_id:39379","token_id:7801","token_id:1073","token_id:117991","token_id:5162","token_id:1120","token_id:45383","token_id:1784","token_id:1071"],"seen_logprobs":[{"tokens":[0,1,2,3,4,5,6,7,8,9,10,11,12,13,14,15,16,17,18,19],"logprobs":[-0.7467646,-1.3717647,-1.4967647,-3.4967647,-4.9967647,-5.2467647,-6.4967647,-6.8717647,-7.8717647,-8.246764,-8.371764,-8.496764,-8.871764,-8.871764,-8.934264,-9.121764,-9.121764,-9.184264,-9.309264,-9.684264]},{"tokens":[0,1,2,3,4,5,6,7,8,10,9,11,12,13,14,15,16,17,18,19],"logprobs":[-0.8133564,-1.3133564,-1.4383564,-3.4383564,-5.0633564,-5.1883564,-6.5633564,-6.8133564,-7.6883564,-8.313356,-8.313356,-8.500856,-8.813356,-8.813356,-9.000856,-9.063356,-9.063356,-9.125856,-9.250856,-9.688356]},{"tokens":[0,2,1,3,4,5,6,7,8,10,9,11,13,16,14,12,17,18,15,19],"logprobs":[-0.7752619,-1.4002619,-1.4002619,-3.5252619,-5.150262,-5.275262,-6.650262,-6.900262,-7.775262,-8.275262,-8.400262,-8.525262,-8.837762,-9.025262,-9.025262,-9.025262,-9.150262,-9.275262,-9.275262,-9.775262]}]}