{"seen_tokens":["Hello","Hi","It","How","Hey","Could","Looks","Greetings","What"," Hello","\"","\n","Sure","Welcome","Yes","Good","Seems","Certainly","Would","Is"],"seen_logprobs":[{"tokens":[0,1,2,3,4,5,6,7,8,9,10,11,12,13,14,15,16,17,18,19],"logprobs":[-0.014323453,-4.264323,-9.139323,-10.639323,-11.014323,-12.014323,-13.764323,-13.889323,-14.014323,-14.514323,-14.639323,-14.764323,-14.889323,-15.014323,-15.389323,-15.514323,-16.139324,-16.639324,-16.764324,-16.764324]}]}