{"seen_tokens":["It","You","There","A","I","Unfortunately","That","This","Nothing","Just","Since","The","Only","What","However","Is","Your","In","Sorry","An","For","it","Not","X","Hello"],"seen_logprobs":[{"tokens":[0,1,2,3,4,5,6,7,8,9,10,11,12,13,14,15,16,17,18,19],"logprobs":[-0.01434079,-5.342466,-6.279966,-6.389341,-6.608091,-7.123716,-7.404966,-7.498716,-7.717466,-7.998716,-8.17059,-8.178403,-8.95184,-9.279965,-9.35809,-9.45184,-9.57684,-9.57684,-9.79559,-9.967465]},{"tokens":[0,1,3,2,8,6,4,7,9,5,10,11,12,13,17,20,14,15,21,22],"logprobs":[-0.026192222,-5.151192,-5.635567,-5.651192,-5.682442,-6.729317,-6.760567,-6.776192,-6.948067,-6.979317,-7.1277547,-7.338692,-7.416817,-8.463693,-9.04963,-9.04963,-9.073068,-9.096505,-9.190255,-9.213693]},{"tokens":[0,1,3,9,7,8,5,6,12,2,10,4,11,21,15,13,17,16,18,23],"logprobs":[-0.0069174566,-6.3194175,-6.8975425,-7.3350425,-7.7100425,-7.8037925,-7.8819175,-8.022542,-8.100667,-8.100667,-8.116292,-8.819417,-9.2178545,-9.803792,-9.819417,-10.006917,-10.0459795,-10.0616045,-10.1553545,-10.3584795]},{"tokens":[0,3,1,8,9,4,2,7,5,10,11,6,12,21,13,17,18,24,16,22],"logprobs":[-0.00982237,-6.0254474,-6.6660724,-6.7910724,-7.0879474,-7.2441974,-7.6348224,-7.65826,-8.009823,-8.462948,-8.494198,-8.603573,-8.712948,-8.72076,-9.228573,-9.259823,-9.650448,-9.791073,-9.884823,-9.892635]}]}