{"seen_tokens":["x","Bru","lol","What","Yo"],"seen_logprobs":[{"tokens":[0,1,2,3,4],"logprobs":[-1.8980583,-2.8277447,-2.9683697,-3.1246192,-3.1324317]},{"tokens":[0,1,2,3,4],"logprobs":[-1.8964052,-2.8339043,-2.974529,-3.1229663,-3.138591]},{"tokens":[0,1,2,3,4],"logprobs":[-1.8942199,-2.831719,-2.9723434,-3.1285932,-3.1364055]}]}