{"seen_tokens":["<think>","</think>","<｜place▁holder▁no▁797｜>","<｜place▁holder▁no▁794｜>","<｜place▁holder▁no▁793｜>","<｜place▁holder▁no▁795｜>","<｜place▁holder▁no▁792｜>","<｜place▁holder▁no▁787｜>","<｜place▁holder▁no▁791｜>","<｜place▁holder▁no▁4｜>","<｜place▁holder▁no▁0｜>","<｜place▁holder▁no▁3｜>","<｜place▁holder▁no▁8｜>","<｜place▁holder▁no▁796｜>","<｜place▁holder▁no▁204｜>","<｜place▁holder▁no▁2｜>","<｜place▁holder▁no▁782｜>","<｜place▁holder▁no▁21｜>","<｜place▁holder▁no▁19｜>","<｜place▁holder▁no▁5｜>","<｜place▁holder▁no▁7｜>"],"seen_logprobs":[{"tokens":[0,1,2,3,4,5,6,7,8,9,10,11,12,13,14,15,16,17,18,19],"logprobs":[-0.000053287975,-11.000053,-11.500053,-12.500054,-13.000054,-13.187554,-13.562554,-13.625053,-13.937553,-14.125054,-14.125054,-14.187553,-14.187553,-14.250053,-14.375054,-14.687553,-14.687553,-14.750053,-14.750053,-14.937554]},{"tokens":[0,1,5,2,3,11,15,9,4,10,13,20,12,6,19,8,14,17,7,18],"logprobs":[-0.00003457129,-11.125035,-12.687536,-12.875035,-13.500036,-13.625035,-13.625035,-13.750034,-14.062535,-14.375035,-14.562534,-14.625035,-14.625035,-14.750035,-14.750035,-14.812534,-14.875035,-14.937535,-15.000035,-15.187535]},{"tokens":[0,1,2,3,5,4,11,9,12,6,10,15,14,13,8,7,17,18,19,20],"logprobs":[-0.00005507621,-11.000055,-11.625055,-12.625056,-13.187556,-13.312555,-13.312555,-13.625056,-13.687556,-13.812555,-13.875055,-13.937556,-14.062555,-14.062555,-14.125055,-14.312555,-14.375055,-14.375055,-14.625055,-14.687555]},{"tokens":[0,1,2,3,5,4,12,7,17,20,6,11,13,14,15,8,19,18,10,16],"logprobs":[-0.000020504207,-11.750022,-12.625022,-13.625021,-13.875021,-14.500022,-14.500022,-14.687521,-14.875021,-14.875021,-15.000021,-15.062522,-15.062522,-15.125021,-15.312522,-15.312522,-15.437521,-15.500021,-15.500021,-15.687521]}]}