{"seen_tokens":["<think>","</think>","<｜place▁holder▁no▁797｜>","<｜place▁holder▁no▁794｜>","<｜place▁holder▁no▁793｜>","<｜place▁holder▁no▁795｜>","<｜place▁holder▁no▁792｜>","<｜place▁holder▁no▁787｜>","<｜place▁holder▁no▁791｜>","<｜place▁holder▁no▁4｜>","<｜place▁holder▁no▁0｜>","<｜place▁holder▁no▁3｜>","<｜place▁holder▁no▁8｜>","<｜place▁holder▁no▁796｜>","<｜place▁holder▁no▁204｜>","<｜place▁holder▁no▁2｜>","<｜place▁holder▁no▁782｜>","<｜place▁holder▁no▁21｜>","<｜place▁holder▁no▁19｜>","<｜place▁holder▁no▁5｜>"],"seen_logprobs":[{"tokens":[0,1,2,3,4,5,6,7,8,9,10,11,12,13,14,15,16,17,18,19],"logprobs":[-0.000053287975,-11.000053,-11.500053,-12.500054,-13.000054,-13.187554,-13.562554,-13.625053,-13.937553,-14.125054,-14.125054,-14.187553,-14.187553,-14.250053,-14.375054,-14.687553,-14.687553,-14.750053,-14.750053,-14.937554]}]}