{"seen_tokens":["Hello","Hi","你好","Hey","您好"],"seen_logprobs":[{"tokens":[0,1,2,3,4],"logprobs":[-0.12308337,-2.6230834,-3.3730834,-4.8730836,-7.7480836]}]}