{"seen_tokens":["**","It","The","Ah","Il","O","Hello","Oh","**\"","¡","Could","Bien","La","*","Hey","Je","Se","X","El","A"],"seen_logprobs":[{"tokens":[0,1,2,3,4,5,6,7,8,9,10,11,12,13,14,15,16,17,18,19],"logprobs":[-2.860824,-0.79832405,-3.110824,-3.235824,-3.298324,-3.798324,-3.985824,-4.048324,-4.235824,-4.298324,-4.360824,-4.423324,-4.423324,-4.798324,-4.798324,-4.860824,-4.923324,-5.048324,-5.048324,-5.173324]},{"tokens":[2,1,0,3,4,5,6,7,8,9,10,11,12,13,14,15,16,17,18,19],"logprobs":[-3.110824,-0.79832405,-2.860824,-3.235824,-3.298324,-3.798324,-3.985824,-4.048324,-4.235824,-4.298324,-4.360824,-4.423324,-4.423324,-4.798324,-4.798324,-4.860824,-4.923324,-5.048324,-5.048324,-5.173324]}]}