{"seen_tokens":["你好","嗨","Hello","嘿","Hi","hello","哈","Hey","hi","嘿嘿","您好","喂","H","“","大家好","哈哈","HI","How","好的","how"],"seen_logprobs":[{"tokens":[0,1,2,3,4,5,6,7,8,9,10,11,12,13,14,15,16,17,18,19],"logprobs":[-0.78004855,-1.5300486,-1.7800486,-2.9050486,-3.0300486,-4.0300484,-4.0300484,-4.4050484,-6.1550484,-7.5300484,-8.030048,-8.405048,-8.530048,-8.655048,-8.655048,-9.030048,-9.405048,-9.405048,-9.405048,-9.530048]}]}