{"seen_tokens":["你好","嗨","Hello","嘿","Hi","hello","哈","Hey","hi","嘿嘿","您好","喂","H","“","大家好","哈哈","HI","How","好的","how","!","","こ","He"," Hello"," hello"," "],"seen_logprobs":[{"tokens":[0,1,2,3,4,5,6,7,8,9,10,11,12,13,14,15,16,17,18,19],"logprobs":[-0.78004855,-1.5300486,-1.7800486,-2.9050486,-3.0300486,-4.0300484,-4.0300484,-4.4050484,-6.1550484,-7.5300484,-8.030048,-8.405048,-8.530048,-8.655048,-8.655048,-9.030048,-9.405048,-9.405048,-9.405048,-9.530048]},{"tokens":[2,0,1,4,7,6,20,17,18,12,5,21,22,14,10,3,23,24,25,26],"logprobs":[-2.0260255,-0.15102562,-5.401026,-6.276026,-8.151026,-8.276026,-8.276026,-8.526026,-8.651026,-8.651026,-8.901026,-9.026026,-9.026026,-10.401026,-10.401026,-10.776026,-11.276026,-11.276026,-11.776026,-11.901026]}]}