{"seen_tokens":["I","It","Hello","You","X","x","Thank","Under","Hi","*","Sure","The","Okay","Hey","What","*x","Is","Please","Here","Are"],"seen_logprobs":[{"tokens":[0,1,2,3,4,5,6,7,8,9,10,11,12,13,14,15,16,17,18,19],"logprobs":[-0.057924774,-3.9485497,-4.1985497,-5.7610497,-5.7766747,-5.8547997,-5.9485497,-6.0579247,-6.1829247,-6.6047997,-7.0110497,-7.2922997,-7.5891747,-8.378238,-8.503238,-8.503238,-8.550113,-8.557925,-9.175113,-9.19855]}]}