{"seen_tokens":[" First"," Message"," User"," Okay"," So"," The"," OK","First"," Received"],"seen_logprobs":[{"tokens":[0,1,2,3,4,5,6,7],"logprobs":[-0.00047517451,-8.625475,-9.625475,-9.812975,-9.937975,-10.625475,-10.687975,-11.937975]},{"tokens":[0,1,3,2,4,5,6,8],"logprobs":[-0.00050186436,-8.750502,-9.438002,-9.750502,-9.875502,-10.250502,-10.750502,-11.875502]}]}