{"seen_tokens":["Hello","Hi"," Hello","こんにちは","Greeting","hello","नमस्ते"," EBS"," codebase"," couplings"," hydraul"," channels","Hola","دة","Hallo"," filings","）」"," Proteins","Merhaba","<!"],"seen_logprobs":[{"tokens":[0,1,2,3,4,5,6,7,8,9,10,11,12,13,14,15,16,17,18,19],"logprobs":[-0.00003850386,-10.187538,-13.937538,-19.031288,-21.406288,-21.859413,-22.109413,-22.375038,-22.750038,-23.390663,-23.484413,-23.835976,-23.8516,-23.867226,-23.875038,-23.98832,-23.996132,-23.996132,-24.085976,-24.1016]}]}