{"seen_tokens":["Hello","It","Hi","您好","You","你好","hello","How","Hey","I","Hallo","x","What","The","您","Please","Could","Your","こんにちは"," Hello","Sure"],"seen_logprobs":[{"tokens":[0,1,2,3,4,5,6,7,8,9,10,11,12,13,14,15,16,17,18,19],"logprobs":[-0.11430563,-2.2393055,-7.6143055,-8.4893055,-8.6143055,-8.9893055,-9.1143055,-9.3643055,-9.3643055,-10.1143055,-10.7393055,-10.9893055,-11.3643055,-11.3643055,-11.4893055,-11.7393055,-11.8643055,-11.9893055,-11.9893055,-12.1143055]},{"tokens":[0,1,2,3,4,5,6,8,9,7,14,10,13,11,12,16,17,15,18,20],"logprobs":[-0.35033673,-1.2253368,-7.7253366,-7.9753366,-7.9753366,-8.475337,-8.975337,-9.475337,-9.725337,-9.850337,-10.350337,-10.600337,-10.600337,-10.725337,-10.975337,-11.350337,-11.350337,-11.725337,-11.725337,-12.100337]}]}