{"seen_tokens":["\n","</think>","\n\n","1","**\n"],"seen_logprobs":[{"tokens":[0,1,2,3,4],"logprobs":[-0.00000143,-13.625001,-15.625001,-18.312502,-19.625002]}]}