{"seen_tokens":["\n","</think>","\n\n","1","**\n"," "],"seen_logprobs":[{"tokens":[0,1,2,3,4],"logprobs":[-0.00000143,-13.625001,-15.625001,-18.312502,-19.625002]},{"tokens":[0,1,2,3,5],"logprobs":[-6e-7,-14.625001,-16.375,-19.9375,-20.4375]},{"tokens":[0,1,2,3,5],"logprobs":[-0.00000203,-13.250002,-16.062502,-16.812502,-18.937502]},{"tokens":[0,1,2,5,3],"logprobs":[-4.8e-7,-14.875,-16.0,-20.125,-20.125]}]}