{"seen_tokens":["你好","好的","（","你","抱歉","我","您好","嗯","I","“","对不起","你说","不好意思","很","我很","x","看起来","很高兴","我看到","听起来"],"seen_logprobs":[{"tokens":[0,1,2,3,4,5,6,7,8,9,10,11,12,13,14,15,16,17,18,19],"logprobs":[-0.4654897,-1.5904897,-3.2154896,-3.3404896,-3.5904896,-4.09049,-4.71549,-5.46549,-5.59049,-5.71549,-5.71549,-5.96549,-5.96549,-6.09049,-6.2154894,-6.46549,-6.96549,-7.09049,-7.09049,-7.59049]}]}