{"seen_tokens":["你好","好的","（","你","抱歉","我","您好","嗯","I","“","对不起","你说","不好意思","很","我很","x","看起来","很高兴","我看到","听起来","这是一个","看来","嗨","这个","你的","你说的","当然","由于","收到","您","根据"],"seen_logprobs":[{"tokens":[0,1,2,3,4,5,6,7,8,9,10,11,12,13,14,15,16,17,18,19],"logprobs":[-0.4654897,-1.5904897,-3.2154896,-3.3404896,-3.5904896,-4.09049,-4.71549,-5.46549,-5.59049,-5.71549,-5.71549,-5.96549,-5.96549,-6.09049,-6.2154894,-6.46549,-6.96549,-7.09049,-7.09049,-7.59049]},{"tokens":[0,1,3,20,6,11,7,16,5,21,22,12,23,15,24,9,10,4,25,13],"logprobs":[-0.4263715,-1.1763715,-4.5513716,-5.1763716,-5.8013716,-5.9263716,-5.9263716,-6.1763716,-6.9263716,-6.9263716,-7.0513716,-7.1763716,-7.1763716,-7.1763716,-7.3013716,-7.4263716,-7.6763716,-7.8013716,-8.051372,-8.301372]},{"tokens":[1,10,0,4,7,6,13,3,8,5,2,9,14,26,17,27,28,12,29,30],"logprobs":[-0.24259154,-2.6175916,-2.7425916,-2.9925916,-4.8675914,-4.9925914,-5.6175914,-6.2425914,-7.2425914,-7.2425914,-7.4925914,-7.4925914,-7.617592,-7.617592,-7.617592,-7.9925914,-8.117592,-8.367592,-8.617592,-8.867592]}]}