{"seen_tokens":["It","\"","If","You","How","Please","Since","To","Is","I","In","Depending","'","**","The","As","X","`","What"," It","Whether"],"seen_logprobs":[{"tokens":[0,1,2,3,4,5,6,7,8,9,10,11,12,13,14,15,16,17,18,19],"logprobs":[-0.00003266281,-11.500032,-12.125032,-12.125032,-13.000032,-13.187532,-13.437532,-13.937532,-14.000032,-14.312532,-14.500032,-14.812532,-14.937532,-14.937532,-15.312532,-15.437532,-15.625032,-15.687532,-15.875032,-16.187532]},{"tokens":[0,1,3,2,4,6,5,8,7,10,9,11,12,13,14,17,15,16,18,19],"logprobs":[-0.00003266281,-11.312532,-12.187532,-12.250032,-13.250032,-13.375032,-13.437532,-14.000032,-14.000032,-14.312532,-14.625032,-14.687532,-14.812532,-15.062532,-15.250032,-15.562532,-15.562532,-15.687532,-16.093782,-16.250032]},{"tokens":[0,1,3,2,4,5,6,8,7,9,10,11,12,13,14,15,16,17,18,20],"logprobs":[-0.000032424403,-11.500032,-12.062532,-12.125032,-13.000032,-13.312532,-13.500032,-14.000032,-14.000032,-14.437532,-14.562532,-14.750032,-15.062532,-15.125032,-15.375032,-15.500032,-15.562532,-15.750032,-15.906282,-16.187532]}]}