{"seen_tokens":["It","\"","If","You","How","Please","Since","To","Is","I","In","Depending","'","**","The","As","X","`","What"," It"],"seen_logprobs":[{"tokens":[0,1,2,3,4,5,6,7,8,9,10,11,12,13,14,15,16,17,18,19],"logprobs":[-0.00003266281,-11.500032,-12.125032,-12.125032,-13.000032,-13.187532,-13.437532,-13.937532,-14.000032,-14.312532,-14.500032,-14.812532,-14.937532,-14.937532,-15.312532,-15.437532,-15.625032,-15.687532,-15.875032,-16.187532]}]}