{"seen_tokens":["Hi","It","Hello","I","Could","Hey","You","你好","Looks","Got","I'm","Thanks","“","How","Just","You've","x","The","Hmm","X","O"],"seen_logprobs":[{"tokens":[0,1,2,3,4,5,6,7,8,9,10,11,12,13,14,15,16,17,18,19],"logprobs":[-1.0297413,-0.5297413,-4.1547413,-4.5297413,-5.4047413,-5.9047413,-5.9672413,-6.0297413,-6.2797413,-6.4047413,-6.4047413,-7.1547413,-7.4047413,-7.7797413,-7.9047413,-7.9047413,-7.9672413,-8.092241,-8.092241,-8.154741]},{"tokens":[1,0,2,3,4,5,6,8,7,9,10,12,16,14,11,13,19,20,15,18],"logprobs":[-0.5267642,-1.0267642,-4.2767644,-4.7767644,-5.0267644,-5.8392644,-6.2142644,-6.2767644,-6.2767644,-6.3392644,-6.5267644,-7.5267644,-7.5267644,-7.5267644,-7.5892644,-7.6517644,-7.7767644,-7.8392644,-7.8392644,-8.214264]},{"tokens":[2,1,0,3,4,6,8,10,5,9,7,11,20,12,13,15,14,16,18,17],"logprobs":[-4.7414045,-0.3664044,-1.3664044,-4.1164045,-5.3664045,-5.7414045,-6.1789045,-6.3039045,-6.3039045,-6.3664045,-6.4289045,-7.4289045,-7.6164045,-7.6789045,-7.8039045,-7.8664045,-7.9289045,-7.9914045,-8.178905,-8.241405]}]}