{"seen_tokens":["Hi","It","Hello","I","Could","Hey","You","你好","Looks","Got","I'm","Thanks","“","How","Just","You've","x","The","Hmm","X"],"seen_logprobs":[{"tokens":[0,1,2,3,4,5,6,7,8,9,10,11,12,13,14,15,16,17,18,19],"logprobs":[-1.0297413,-0.5297413,-4.1547413,-4.5297413,-5.4047413,-5.9047413,-5.9672413,-6.0297413,-6.2797413,-6.4047413,-6.4047413,-7.1547413,-7.4047413,-7.7797413,-7.9047413,-7.9047413,-7.9672413,-8.092241,-8.092241,-8.154741]}]}