{"seen_tokens":["Hello","Hi","Hey"," Hello","¡","Bonjour","Hola","Hallo","Welcome","Greetings","hello","こんにちは","How"," Hi","It","\n","I","Пр","**","Of"],"seen_logprobs":[{"tokens":[0,1,2,3,4,5,6,7,8,9,10,11,12,13,14,15,16,17,18,19],"logprobs":[-0.0069497763,-4.9757,-12.053824,-12.100699,-12.475699,-12.975699,-13.381949,-13.678824,-14.460074,-14.991324,-15.147574,-15.350699,-16.00695,-16.085075,-16.397575,-16.553825,-16.8507,-17.7257,-17.9757,-18.00695]},{"tokens":[0,1,2,3,4,5,6,7,8,9,10,11,12,13,14,15,16,17,18,19],"logprobs":[-0.007058565,-4.9601836,-12.038308,-12.100808,-12.475808,-12.975808,-13.382058,-13.678933,-14.460183,-14.991433,-15.147683,-15.350808,-15.991433,-16.085184,-16.397684,-16.553934,-16.85081,-17.72581,-17.97581,-18.00706]},{"tokens":[0,1,2,3,4,5,6,7,8,9,10,11,12,13,14,15,16,17,18,19],"logprobs":[-0.0070586833,-4.9601836,-12.038309,-12.100809,-12.475809,-12.960184,-13.366434,-13.663309,-14.460184,-14.991434,-15.163309,-15.335184,-15.991434,-16.085184,-16.397684,-16.553934,-16.85081,-17.710184,-17.97581,-18.00706]},{"tokens":[0,1,2,3,4,5,6,7,8,9,10,11,12,13,14,15,16,17,18,19],"logprobs":[-0.0070588016,-4.9601836,-12.038309,-12.085184,-12.475809,-12.975809,-13.366434,-13.663309,-14.444559,-14.991434,-15.147684,-15.335184,-15.991434,-16.06956,-16.397684,-16.553934,-16.866434,-17.72581,-17.97581,-18.00706]}]}