{"seen_tokens":["\n","</think>","\n\n","1"," "],"seen_logprobs":[{"tokens":[0,1,2,3,4],"logprobs":[-0.00000286,-12.875003,-15.375003,-17.750002,-19.312502]}]}