{"seen_tokens":["Hello","Hi","I","Welcome","How","Hey","Thank","You","What","Thanks","你好","There","This","您好","Great","HI","It","Can"," Hello","Could"],"seen_logprobs":[{"tokens":[0,1,2,3,4,5,6,7,8,9,10,11,12,13,14,15,16,17,18,19],"logprobs":[-0.1903378,-2.151794,-3.0743384,-6.2143064,-6.549147,-6.9201026,-7.2012343,-7.431228,-7.7475543,-7.9476256,-7.951099,-8.394841,-8.457812,-8.618595,-8.921581,-8.975789,-8.984744,-9.0429325,-9.0576725,-9.237575]}]}