{"seen_tokens":["Hello","Hi","hello","HELLO"," Hello","Hey","Happy","Alright","你好","Hallo","How"],"seen_logprobs":[{"tokens":[0,1,2,3,4,5,6,7],"logprobs":[-0.000016331542,-11.125016,-15.000016,-15.625016,-15.625016,-16.250015,-16.375015,-16.437515]},{"tokens":[0,1,5,8,9,7,6,10],"logprobs":[-0.011222574,-4.5112224,-8.886223,-12.323723,-12.511223,-12.761223,-12.948723,-12.948723]}]}