{"seen_tokens":["Hello","Hi","hello","HELLO"," Hello","Hey","Happy","Alright"],"seen_logprobs":[{"tokens":[0,1,2,3,4,5,6,7],"logprobs":[-0.000016331542,-11.125016,-15.000016,-15.625016,-15.625016,-16.250015,-16.375015,-16.437515]}]}