{"seen_tokens":["Hello","Hi","*","**","Hey","Greetings","","Yes","You","Welcome","Hel","He"," Hello",">Hello","How","I","What","It","The"],"seen_logprobs":[{"tokens":[0,1,2,3,4,5,6,7,8,9,10,11,12,13,14,6,15,16,17,18],"logprobs":[-0.0024833812,-6.0024834,-12.502483,-12.627483,-14.252483,-17.377483,-17.502483,-18.502483,-18.877483,-19.877483,-20.127483,-20.252483,-20.502483,-20.627483,-20.627483,-20.752483,-21.377483,-21.377483,-21.627483,-21.627483]},{"tokens":[0,1,2,3,4,5,6,7,8,9,11,10,12,13,6,14,15,16,17,18],"logprobs":[-0.0019365859,-6.2519364,-12.501937,-12.501937,-14.376937,-17.376936,-17.376936,-18.376936,-18.876936,-19.876936,-20.251936,-20.251936,-20.251936,-20.501936,-20.751936,-20.751936,-21.376936,-21.376936,-21.501936,-21.626936]},{"tokens":[1,0,2,3,4,5,6,7,8,9,10,11,12,13,14,6,15,16,17,18],"logprobs":[-6.0024834,-0.0024833812,-12.502483,-12.627483,-14.252483,-17.377483,-17.502483,-18.502483,-18.877483,-19.877483,-20.127483,-20.252483,-20.502483,-20.627483,-20.627483,-20.752483,-21.377483,-21.377483,-21.627483,-21.627483]},{"tokens":[0,1,2,3,4,5,6,7,8,9,10,11,12,13,14,6,15,16,17,18],"logprobs":[-0.0024846892,-6.002485,-12.377484,-12.377484,-14.377484,-17.377485,-17.502485,-18.252485,-18.877485,-20.002485,-20.252485,-20.377485,-20.377485,-20.502485,-20.627485,-20.752485,-21.377485,-21.377485,-21.502485,-21.627485]}]}