{"seen_tokens":["It","You","\"","If","How","Since","Please","To","Is","In","I","Depending","'","As","**","X","The","`","Your"," It","What"],"seen_logprobs":[{"tokens":[0,1,2,3,4,5,6,7,8,9,10,11,12,13,14,15,16,17,18,19],"logprobs":[-0.000021457441,-12.125021,-12.437521,-12.750021,-13.125021,-13.312521,-13.500021,-14.062521,-14.437521,-15.250021,-15.250021,-15.250021,-15.312521,-15.375021,-15.562521,-15.625021,-15.750021,-16.062521,-16.125021,-16.125021]},{"tokens":[0,1,3,2,4,6,5,7,8,12,9,11,16,10,15,13,17,14,18,20],"logprobs":[-0.000040411134,-11.50004,-11.93754,-12.00004,-12.56254,-12.62504,-13.06254,-13.37504,-13.56254,-14.25004,-14.37504,-14.43754,-14.68754,-14.75004,-14.81254,-15.00004,-15.06254,-15.18754,-15.37504,-15.62504]}]}