{"seen_tokens":["It","You","\"","If","How","Since","Please","To","Is","In","I","Depending","'","As","**","X","The","`","Your"," It"],"seen_logprobs":[{"tokens":[0,1,2,3,4,5,6,7,8,9,10,11,12,13,14,15,16,17,18,19],"logprobs":[-0.000021457441,-12.125021,-12.437521,-12.750021,-13.125021,-13.312521,-13.500021,-14.062521,-14.437521,-15.250021,-15.250021,-15.250021,-15.312521,-15.375021,-15.562521,-15.625021,-15.750021,-16.062521,-16.125021,-16.125021]}]}