{"seen_tokens":["Okay","å¥½çļĦ","Alright","åĹ¯","The","çĶ¨æĪ·","Hmm","å¥½","Well","Hello","Good","Oh","This","Yep","User","Looks","å¥½äºĨ","Yes","Wow","okay"],"seen_logprobs":[{"tokens":[0,1,2,3,4,5,6,7,8,9,10,11,12,13,14,15,16,17,18,19],"logprobs":[-0.12006575,-2.9950657,-3.1200657,-4.2450657,-7.2450657,-7.8700657,-7.8700657,-7.8700657,-7.9950657,-8.495066,-8.995066,-9.495066,-9.620066,-9.620066,-9.745066,-9.745066,-9.745066,-9.870066,-9.870066,-9.870066]}]}