{"seen_tokens":["你好","Hello","It","¡","您好","Hi","H","有什么","你","P","¿","How","看起来","你的","What","您","Hey","你想","Could","**"],"seen_logprobs":[{"tokens":[0,1,2,3,4,5,6,7,8,9,10,11,12,13,14,15,16,17,18,19],"logprobs":[-0.079863474,-3.8298635,-3.8298635,-4.7048635,-5.0798635,-5.2048635,-6.0798635,-6.7048635,-6.8298635,-7.5798635,-7.7048635,-7.8298635,-8.079864,-8.204864,-8.204864,-8.204864,-8.204864,-8.204864,-8.329864,-8.329864]}]}