{"seen_tokens":["你好","Hello","Hi","You","I","您好","It","你","H","The","Sorry","This","Of","嗨","What","抱歉","看起来","Hey","好的","（"],"seen_logprobs":[{"tokens":[0,1,2,3,4,5,6,7,8,9,10,11,12,13,14,15,16,17,18,19],"logprobs":[-0.23191148,-2.9819117,-3.2319114,-3.6069117,-3.7319114,-4.1069117,-4.2319117,-4.8569117,-5.2319117,-5.4819117,-5.9819117,-6.4819117,-6.7319117,-6.9819117,-6.9819117,-7.2319117,-7.2319117,-7.2319117,-7.3569117,-7.4819117]}]}