{"seen_tokens":["你好","Hello","Hi","You","I","您好","It","你","H","The","Sorry","This","Of","嗨","What","抱歉","看起来","Hey","好的","（","很","Good","对不起","There","When","“","嗯"],"seen_logprobs":[{"tokens":[0,1,2,3,4,5,6,7,8,9,10,11,12,13,14,15,16,17,18,19],"logprobs":[-0.23191148,-2.9819117,-3.2319114,-3.6069117,-3.7319114,-4.1069117,-4.2319117,-4.8569117,-5.2319117,-5.4819117,-5.9819117,-6.4819117,-6.7319117,-6.9819117,-6.9819117,-7.2319117,-7.2319117,-7.2319117,-7.3569117,-7.4819117]},{"tokens":[0,2,3,1,5,4,8,15,7,18,10,20,6,13,9,21,12,11,14,17],"logprobs":[-0.13423456,-3.3842347,-4.1342344,-4.3842344,-4.5092344,-4.6342344,-4.8842344,-5.0092344,-5.2592344,-5.3842344,-6.3842344,-6.7592344,-6.7592344,-6.8842344,-7.1342344,-7.1342344,-7.1342344,-7.3842344,-7.3842344,-7.3842344]},{"tokens":[1,0,4,3,2,10,15,8,6,9,17,5,22,18,7,12,23,24,11,25],"logprobs":[-0.62710714,-1.252107,-3.1271071,-3.3771071,-3.5021071,-3.8771071,-4.377107,-4.877107,-5.377107,-5.627107,-5.877107,-6.002107,-6.002107,-6.127107,-6.502107,-6.877107,-7.002107,-7.127107,-7.252107,-7.377107]},{"tokens":[0,2,5,1,3,18,7,15,6,4,8,13,16,12,25,22,10,9,26,17],"logprobs":[-0.106872864,-3.6068728,-4.356873,-4.356873,-4.6068726,-4.981873,-5.106873,-5.4818726,-5.7318726,-5.856873,-5.856873,-6.606873,-6.856873,-7.106873,-7.481873,-7.481873,-7.606873,-7.7318726,-7.7318726,-7.856873]}]}