{"seen_tokens":["你好","Hello","Hi","You","I","您好","It","你","H","The","Sorry","This","Of","嗨","What","抱歉","看起来","Hey","好的","（","很","Good"],"seen_logprobs":[{"tokens":[0,1,2,3,4,5,6,7,8,9,10,11,12,13,14,15,16,17,18,19],"logprobs":[-0.23191148,-2.9819117,-3.2319114,-3.6069117,-3.7319114,-4.1069117,-4.2319117,-4.8569117,-5.2319117,-5.4819117,-5.9819117,-6.4819117,-6.7319117,-6.9819117,-6.9819117,-7.2319117,-7.2319117,-7.2319117,-7.3569117,-7.4819117]},{"tokens":[0,2,3,1,5,4,8,15,7,18,10,20,6,13,9,21,12,11,14,17],"logprobs":[-0.13423456,-3.3842347,-4.1342344,-4.3842344,-4.5092344,-4.6342344,-4.8842344,-5.0092344,-5.2592344,-5.3842344,-6.3842344,-6.7592344,-6.7592344,-6.8842344,-7.1342344,-7.1342344,-7.1342344,-7.3842344,-7.3842344,-7.3842344]}]}