{"seen_tokens":["Hello","Hi","Good","Hey"," Hello","How","hello","Hell","Greetings",">Hello","What","\n","Well","Howdy","Hola","​​","\\","**","﻿","Hallo","​","\n\n"," hello"],"seen_logprobs":[{"tokens":[0,1,2,3,4,5,6,7,8,9,10,11,12,13,14,15,16,17,18,19],"logprobs":[-0.000010325924,-11.5000105,-16.43751,-17.31251,-17.90626,-20.28126,-21.06251,-21.390635,-22.96876,-23.453135,-23.515635,-23.53126,-23.703135,-24.015635,-24.87501,-25.421885,-25.90626,-25.921885,-25.921885,-25.93751]},{"tokens":[0,1,3,2,4,5,6,8,7,11,9,13,10,12,15,14,18,17,16,20],"logprobs":[-0.000037027545,-10.218787,-15.156287,-16.000036,-16.031286,-19.000036,-19.781286,-20.593786,-20.671911,-21.421911,-22.093786,-22.484411,-22.828161,-23.375036,-23.484411,-23.703161,-23.875036,-24.015661,-24.156286,-24.234411]},{"tokens":[0,1,3,4,2,5,6,8,7,11,9,13,10,12,14,17,15,21,22,16],"logprobs":[-0.000018431772,-10.906268,-17.09377,-18.00002,-18.31252,-21.06252,-21.28127,-22.609394,-23.06252,-23.43752,-24.25002,-24.921894,-25.46877,-25.59377,-25.75002,-26.18752,-26.43752,-26.703144,-26.734394,-26.90627]},{"tokens":[0,1,2,3,4,5,6,8,7,9,11,13,12,10,18,14,15,20,16,22],"logprobs":[-0.000025345586,-10.593776,-15.968776,-16.406275,-16.968775,-20.0469,-20.4844,-21.01565,-21.2969,-22.781275,-23.1094,-23.3594,-23.375025,-23.8594,-24.781275,-24.82815,-25.01565,-25.3594,-25.4844,-25.593775]}]}