{"seen_tokens":["Hello","Hi","Good","Hey"," Hello","How","hello","Hell","Greetings",">Hello","What","\n","Well","Howdy","Hola","​​","\\","**","﻿","Hallo","​"],"seen_logprobs":[{"tokens":[0,1,2,3,4,5,6,7,8,9,10,11,12,13,14,15,16,17,18,19],"logprobs":[-0.000010325924,-11.5000105,-16.43751,-17.31251,-17.90626,-20.28126,-21.06251,-21.390635,-22.96876,-23.453135,-23.515635,-23.53126,-23.703135,-24.015635,-24.87501,-25.421885,-25.90626,-25.921885,-25.921885,-25.93751]},{"tokens":[0,1,3,2,4,5,6,8,7,11,9,13,10,12,15,14,18,17,16,20],"logprobs":[-0.000037027545,-10.218787,-15.156287,-16.000036,-16.031286,-19.000036,-19.781286,-20.593786,-20.671911,-21.421911,-22.093786,-22.484411,-22.828161,-23.375036,-23.484411,-23.703161,-23.875036,-24.015661,-24.156286,-24.234411]}]}