{"seen_tokens":["Hello","Hi","Good","Hey"," Hello","How","hello","Hell","Greetings",">Hello","What","\n","Well","Howdy","Hola","​​","\\","**","﻿","Hallo"],"seen_logprobs":[{"tokens":[0,1,2,3,4,5,6,7,8,9,10,11,12,13,14,15,16,17,18,19],"logprobs":[-0.000010325924,-11.5000105,-16.43751,-17.31251,-17.90626,-20.28126,-21.06251,-21.390635,-22.96876,-23.453135,-23.515635,-23.53126,-23.703135,-24.015635,-24.87501,-25.421885,-25.90626,-25.921885,-25.921885,-25.93751]}]}