{"seen_tokens":["Hello","Hi","你好","Hey","I","您好","嗨","How","Good","Hola","嘿","hello","Bonjour","Oh"," Hello","```"," ","Welcome","Greetings","Of","It"],"seen_logprobs":[{"tokens":[0,1,2,3,4,5,6,7,8,9,10,11,12,13,14,15,16,17,18,19],"logprobs":[-0.084600925,-2.584601,-5.605435,-6.438769,-8.417935,-9.459601,-10.084601,-11.126267,-11.334601,-12.167935,-12.2721,-12.2721,-12.376267,-12.584601,-12.584601,-12.897101,-12.897101,-13.001267,-13.209601,-13.417935]},{"tokens":[0,1,2,3,4,5,6,7,8,9,10,15,13,12,11,17,16,20,14,18],"logprobs":[-0.10383966,-2.3955057,-5.10384,-6.978838,-8.124672,-9.478838,-9.895506,-10.833006,-11.874672,-12.187172,-12.395506,-12.395506,-12.603838,-12.603838,-12.603838,-12.812172,-13.228838,-13.333006,-13.333006,-13.645506]}]}