{"seen_tokens":["Hello","Hi","你好","Hey","I","您好","嗨","How","Good","Hola","嘿","hello","Bonjour","Oh"," Hello","```"," ","Welcome","Greetings","Of"],"seen_logprobs":[{"tokens":[0,1,2,3,4,5,6,7,8,9,10,11,12,13,14,15,16,17,18,19],"logprobs":[-0.084600925,-2.584601,-5.605435,-6.438769,-8.417935,-9.459601,-10.084601,-11.126267,-11.334601,-12.167935,-12.2721,-12.2721,-12.376267,-12.584601,-12.584601,-12.897101,-12.897101,-13.001267,-13.209601,-13.417935]}]}