{"seen_tokens":["Hello","It","Hi","Looks","How","Hey","Could","hello"," Hello","Seems","I","Greetings","I'm","Is","It's"," It","What","Your","Welcome","こんにちは","it"," it","Can"],"seen_logprobs":[{"tokens":[0,1,2,3,4,5,6,7,8,9,10,11,12,13,14,15,16,17,18,19],"logprobs":[-0.03816141,-3.2881615,-9.038161,-14.663161,-15.913161,-15.913161,-16.163162,-16.413162,-16.788162,-16.788162,-17.038162,-17.288162,-17.413162,-17.663162,-17.913162,-18.038162,-18.163162,-18.163162,-18.538162,-18.663162]},{"tokens":[0,1,2,3,5,6,9,7,15,10,8,4,17,12,14,20,21,13,11,22],"logprobs":[-0.1603084,-1.9103084,-9.410309,-13.410309,-15.785309,-15.910309,-15.910309,-16.285309,-16.535309,-16.910309,-16.910309,-17.285309,-17.660309,-17.660309,-17.660309,-18.035309,-18.160309,-18.160309,-18.160309,-18.660309]},{"tokens":[0,1,2,3,5,4,6,7,9,8,10,11,12,13,14,15,16,17,18,19],"logprobs":[-0.03816141,-3.2881615,-9.038161,-14.663161,-15.913161,-15.913161,-16.163162,-16.413162,-16.788162,-16.788162,-17.038162,-17.288162,-17.413162,-17.663162,-17.913162,-18.038162,-18.163162,-18.163162,-18.538162,-18.663162]}]}