{"seen_tokens":["Hello","Hi"," Hello","こんにちは","Greeting","hello","Welcome"," waving","नमस्ते","안녕하세요","<!","👋"," couplings","Hallo"," turbocharged","Merhaba"," مرور","ທາງ"," TVs"," kaps"],"seen_logprobs":[{"tokens":[0,1,2,3,4,5,6,7,8,9,10,11,12,13,14,15,16,17,18,19],"logprobs":[-0.000035524998,-10.384614,-12.291967,-17.02672,-20.931505,-21.652693,-21.745087,-21.914654,-22.068995,-22.099886,-22.130781,-22.316301,-22.39367,-22.42463,-22.657011,-22.672514,-22.82763,-22.84315,-22.85867,-23.045013]}]}