{"seen_tokens":["Hello","Hi","Greetings","Hey","Welcome","How","I","Yes","X"," Hello","x","Good","\n","Can","Is","hello","What","It","Sorry","\n\n","You","-"],"seen_logprobs":[{"tokens":[0,1,2,3,4,5,6,7,8,9,10,11,12,13,14,15,16,17,18,19],"logprobs":[-0.0060906583,-5.323031,-7.502455,-8.1046095,-9.18567,-9.423844,-10.345677,-10.668546,-10.889718,-11.057845,-11.195308,-11.674144,-12.104426,-12.406058,-12.455213,-12.556275,-12.566951,-12.788102,-12.905004,-13.372355]},{"tokens":[0,1,2,3,4,5,9,6,8,7,10,11,12,15,16,13,14,19,17,18],"logprobs":[-0.0056051076,-5.349355,-7.9160705,-8.122155,-9.814849,-10.529048,-10.959891,-11.052426,-11.471444,-11.579869,-11.595717,-11.906507,-12.344979,-12.664371,-13.401011,-13.431754,-13.443856,-13.514512,-13.546628,-13.830281]},{"tokens":[0,1,2,3,4,5,6,7,9,8,10,11,12,13,15,14,16,17,18,20],"logprobs":[-0.005808156,-5.3468595,-7.668631,-8.25028,-9.256538,-9.560663,-10.648243,-10.715265,-11.017736,-11.055544,-11.411268,-11.782629,-12.26162,-12.576267,-12.641623,-12.674978,-12.75845,-12.99888,-13.29517,-13.539921]},{"tokens":[0,1,2,3,4,5,6,9,7,10,8,11,12,15,13,16,14,17,19,21],"logprobs":[-0.005656791,-5.361877,-7.676086,-8.305035,-9.44956,-9.839245,-10.916813,-11.204309,-11.267153,-11.462252,-11.568077,-11.63653,-12.198578,-12.510361,-12.7518635,-12.930136,-13.013079,-13.421423,-13.534561,-13.929079]}]}