{"seen_tokens":["Hello","Hi","Greetings","Hey","Welcome","How","I","Yes","X"," Hello","x","Good","\n","Can","Is","hello","What","It","Sorry","\n\n"],"seen_logprobs":[{"tokens":[0,1,2,3,4,5,6,7,8,9,10,11,12,13,14,15,16,17,18,19],"logprobs":[-0.0060906583,-5.323031,-7.502455,-8.1046095,-9.18567,-9.423844,-10.345677,-10.668546,-10.889718,-11.057845,-11.195308,-11.674144,-12.104426,-12.406058,-12.455213,-12.556275,-12.566951,-12.788102,-12.905004,-13.372355]}]}