{"seen_tokens":["It","You","x","I'm","The","X","##","I","I'd","A","y","You're","Nice","Your","That's","24","To","(x","Did","###"],"seen_logprobs":[{"tokens":[0,1,2,3,4,5,6,7,8,9,10,11,12,13,14,15,16,17,18,19],"logprobs":[-0.08402801,-3.959028,-4.3340282,-4.7090282,-5.0840282,-5.3340282,-5.3340282,-5.8340282,-5.9590282,-5.9590282,-5.9590282,-6.3340282,-6.5840282,-6.7090282,-6.7090282,-6.9590282,-7.0840282,-7.3340282,-8.084028,-8.084028]}]}