{"seen_tokens":["It","You","x","I'm","The","X","##","I","I'd","A","y","You're","Nice","Your","That's","24","To","(x","Did","###"],"seen_logprobs":[{"tokens":[0,1,2,3,4,5,6,7,8,9,10,11,12,13,14,15,16,17,18,19],"logprobs":[-0.08402801,-3.959028,-4.3340282,-4.7090282,-5.0840282,-5.3340282,-5.3340282,-5.8340282,-5.9590282,-5.9590282,-5.9590282,-6.3340282,-6.5840282,-6.7090282,-6.7090282,-6.9590282,-7.0840282,-7.3340282,-8.084028,-8.084028]},{"tokens":[0,1,3,2,6,4,8,7,9,5,10,11,14,15,13,12,16,17,18,19],"logprobs":[-0.04207213,-4.4170723,-5.2920723,-5.4170723,-5.9170723,-5.9170723,-6.2920723,-6.5420723,-6.5420723,-6.6670723,-6.9170723,-7.0420723,-7.1670723,-7.2920723,-7.2920723,-7.4170723,-7.6670723,-7.7920723,-8.042072,-8.542072]}]}