{"seen_tokens":["Hey","Hi","Hello","H","**","Yo"," Hey","Hola"],"seen_logprobs":[{"tokens":[0,1,2,3,4,5,6,7],"logprobs":[-0.07915647,-2.5791566,-9.204157,-9.579157,-9.829157,-10.079157,-14.079157,-15.204157]}]}