{"seen_tokens":["Hey","Hi","Hello","H","**","Yo"," Hey","Hola"],"seen_logprobs":[{"tokens":[0,1,2,3,4,5,6,7],"logprobs":[-0.07915647,-2.5791566,-9.204157,-9.579157,-9.829157,-10.079157,-14.079157,-15.204157]},{"tokens":[0,1,2,3,4,5,6,7],"logprobs":[-0.20176686,-1.7017668,-8.701767,-9.451767,-9.451767,-10.451767,-14.201767,-15.076767]}]}