{"seen_tokens":["Hello","Hi"," Hi"," Hello","Hey","HI","_hi",">Hello","hi"," hi","Hola","Hallo","你好","hello","Bonjour","Welcome","Greetings","_hello","\""," hello","Good"],"seen_logprobs":[{"tokens":[0,1,2,3,4,5,6,7,8,9,10,11,12,13,14,15,16,17,18,19],"logprobs":[-0.16022766,-1.9102277,-12.660228,-15.035228,-17.410227,-18.785227,-19.410227,-20.410227,-20.660227,-21.285227,-21.285227,-22.285227,-22.660227,-22.785227,-23.035227,-23.285227,-23.285227,-23.410227,-23.535227,-23.535227]},{"tokens":[0,1,2,3,4,5,6,7,8,9,10,11,12,14,13,15,16,17,18,20],"logprobs":[-0.20141752,-1.7014176,-12.451418,-14.951418,-17.201418,-18.451418,-19.326418,-20.201418,-20.326418,-21.076418,-21.076418,-22.076418,-22.451418,-22.701418,-22.826418,-23.076418,-23.076418,-23.326418,-23.451418,-23.451418]},{"tokens":[0,1,2,3,4,5,6,7,8,9,10,11,12,13,14,16,15,17,18,19],"logprobs":[-0.16022776,-1.9102278,-12.660228,-14.785228,-17.160227,-18.535227,-19.160227,-20.160227,-20.410227,-21.035227,-21.035227,-21.910227,-22.535227,-22.660227,-22.785227,-22.910227,-23.160227,-23.160227,-23.285227,-23.285227]}]}