{"seen_tokens":["Hello","Hi"," Hi"," Hello","Hey","HI","_hi",">Hello","hi"," hi","Hola","Hallo","你好","hello","Bonjour","Welcome","Greetings","_hello","\""," hello"],"seen_logprobs":[{"tokens":[0,1,2,3,4,5,6,7,8,9,10,11,12,13,14,15,16,17,18,19],"logprobs":[-0.16022766,-1.9102277,-12.660228,-15.035228,-17.410227,-18.785227,-19.410227,-20.410227,-20.660227,-21.285227,-21.285227,-22.285227,-22.660227,-22.785227,-23.035227,-23.285227,-23.285227,-23.410227,-23.535227,-23.535227]}]}