{"seen_tokens":["It","I","You","That","This","Unfortunately","Not","Could","There","A","Is","However","Your","To","Too","Nothing","Only","X","Since","The"],"seen_logprobs":[{"tokens":[0,1,2,3,4,5,6,7,8,9,10,11,12,13,14,15,16,17,18,19],"logprobs":[-0.026961593,-4.526962,-5.651962,-5.651962,-5.901962,-6.276962,-7.151962,-7.276962,-7.526962,-7.526962,-7.776962,-8.651961,-9.151961,-9.214461,-9.339461,-9.401961,-9.714461,-9.964461,-10.214461,-10.401961]}]}