{"seen_tokens":["▁=","▁","▁The","▁is","▁x","▁I","▁To","▁A","▁-","▁Write","▁What","▁There","▁Hello","▁Given","▁y","▁In","▁Here","▁You","▁This","▁If","▁An"],"seen_logprobs":[{"tokens":[0,1,2,3,4,5,6,7,8,9,10,11,12,13,14,15,16,17,18,19],"logprobs":[-2.6336713,-1.8211713,-2.7586713,-2.8211713,-2.9461713,-2.9461713,-3.0086713,-3.2586713,-3.5086713,-3.6336713,-3.6961713,-3.9461713,-4.0086713,-4.0711713,-4.1961713,-4.1961713,-4.4461713,-4.5086713,-4.5086713,-4.5086713]},{"tokens":[14,1,0,3,4,5,2,6,7,9,8,10,13,12,11,15,18,19,20,17],"logprobs":[-3.8453069,-1.782807,-2.2203069,-2.5953069,-2.7828069,-2.9703069,-2.9703069,-3.3453069,-3.4078069,-3.5953069,-3.7828069,-3.8453069,-3.9703069,-4.032807,-4.157807,-4.345307,-4.532807,-4.720307,-4.720307,-4.782807]}]}