{"seen_tokens":["Hello","Hi"," Hello","Hey","hello","你好","_hello",">Hello","Hola","Greetings","Hallo"," Hi","您好","H","Hell","Welcome","Hel"," hello","HEL","_HEL","HI"],"seen_logprobs":[{"tokens":[0,1,2,3,4,5,6,7,8,9,10,11,12,13,14,15,16,17,18,19],"logprobs":[-0.0001237469,-9.000124,-14.750124,-17.875124,-18.875124,-19.625124,-19.625124,-19.750124,-20.250124,-20.625124,-20.625124,-22.250124,-22.625124,-22.875124,-23.000124,-23.125124,-23.375124,-24.250124,-24.250124,-24.250124]},{"tokens":[0,1,2,3,4,7,6,5,8,10,9,11,12,13,14,16,15,19,18,20],"logprobs":[-0.00012362767,-9.000124,-15.250124,-18.375124,-19.375124,-20.125124,-20.250124,-20.250124,-20.750124,-21.000124,-21.250124,-22.750124,-23.250124,-23.375124,-23.625124,-23.750124,-23.875124,-24.750124,-24.750124,-24.875124]},{"tokens":[0,1,2,3,4,5,7,6,8,10,9,11,12,13,14,15,16,18,20,19],"logprobs":[-0.00020380905,-8.500204,-14.750204,-17.375204,-18.500204,-19.250204,-19.250204,-19.375204,-19.750204,-20.125204,-20.125204,-21.875204,-22.125204,-22.250204,-22.500204,-22.750204,-22.750204,-23.625204,-23.625204,-23.750204]}]}