{"seen_tokens":["Hello","Hi"," Hello","Hey","hello","你好","_hello",">Hello","Hola","Greetings","Hallo"," Hi","您好","H","Hell","Welcome","Hel"," hello","HEL","_HEL"],"seen_logprobs":[{"tokens":[0,1,2,3,4,5,6,7,8,9,10,11,12,13,14,15,16,17,18,19],"logprobs":[-0.0001237469,-9.000124,-14.750124,-17.875124,-18.875124,-19.625124,-19.625124,-19.750124,-20.250124,-20.625124,-20.625124,-22.250124,-22.625124,-22.875124,-23.000124,-23.125124,-23.375124,-24.250124,-24.250124,-24.250124]}]}