{"seen_tokens":["Hello","Hi","Greetings","Hey","Welcome","How","I","Yes"," Hello","X","x","Good","\n","Can","hello","Is","What","It","Sorry","You","\n\n","-"],"seen_logprobs":[{"tokens":[0,1,2,3,4,5,6,7,8,9,10,11,12,13,14,15,16,17,18,19],"logprobs":[-0.005808156,-5.3468595,-7.668631,-8.25028,-9.256538,-9.560663,-10.648243,-10.715265,-11.017736,-11.055544,-11.411268,-11.782629,-12.26162,-12.576267,-12.641623,-12.674978,-12.75845,-12.99888,-13.29517,-13.539921]},{"tokens":[0,1,2,3,4,5,8,6,10,9,7,11,12,14,16,15,13,20,17,18],"logprobs":[-0.005228779,-5.4006624,-8.101018,-8.361657,-9.747979,-10.471992,-11.119956,-11.315425,-11.801017,-11.967093,-12.000915,-12.103316,-12.33541,-12.530126,-13.279515,-13.288611,-13.338174,-13.546014,-13.627542,-14.092107]},{"tokens":[0,1,2,3,4,5,6,8,7,10,9,11,12,14,13,16,15,17,20,21],"logprobs":[-0.0056230044,-5.3683014,-7.677088,-8.311468,-9.457806,-9.844254,-10.92263,-11.205025,-11.276949,-11.474518,-11.57736,-11.639114,-12.198448,-12.508343,-12.756784,-12.938509,-13.018431,-13.4291,-13.534214,-13.932713]}]}