{"seen_tokens":["Hello","Hi"," Hello",">Hello","Greetings","Dear","Hey","hello"," hello","Good","Welcome"," Hi"," greetings","Of"," greeting","Bonjour","*","HI","_hello","HEL"],"seen_logprobs":[{"tokens":[0,1,2,3,4,5,6,7,8,9,10,11,12,13,14,15,16,17,18,19],"logprobs":[-0.00006246372,-9.875062,-11.500062,-15.375062,-15.750062,-16.250063,-16.375063,-16.375063,-16.500063,-16.750063,-17.625063,-18.125063,-18.625063,-18.750063,-18.875063,-19.000063,-19.375063,-19.500063,-19.625063,-19.750063]},{"tokens":[0,1,2,3,4,5,6,7,8,9,10,11,13,12,14,15,16,17,18,19],"logprobs":[-0.000055073175,-10.000055,-11.625055,-15.500055,-15.875055,-16.250055,-16.375055,-16.500055,-16.625055,-17.000055,-17.625055,-18.250055,-18.750055,-18.750055,-18.875055,-19.000055,-19.500055,-19.625055,-19.625055,-19.875055]}]}