{"seen_tokens":["I","It","Hello","x","Could","If","Hi","Can","Based","Please","Your","The","As","Unfortunately","What","How","From","Is","There","You"],"seen_logprobs":[{"tokens":[0,1,2,3,4,5,6,7,8,9,10,11,12,13,14,15,16,17,18,19],"logprobs":[-1.7634178,-0.51341784,-2.5134177,-3.2634177,-3.8884177,-4.1384177,-4.6384177,-5.0134177,-5.0759177,-5.1384177,-5.3259177,-5.5759177,-5.7009177,-5.8884177,-6.1384177,-6.1384177,-6.2634177,-6.4509177,-6.5759177,-6.5759177]},{"tokens":[0,1,2,3,4,5,6,7,9,8,10,11,12,13,14,15,16,17,18,19],"logprobs":[-1.763562,-0.51356196,-2.513562,-3.263562,-3.888562,-4.138562,-4.638562,-4.888562,-5.076062,-5.263562,-5.326062,-5.576062,-5.763562,-5.888562,-6.138562,-6.138562,-6.326062,-6.451062,-6.576062,-6.576062]},{"tokens":[5,1,0,2,3,4,6,7,8,9,10,11,12,13,14,15,16,17,18,19],"logprobs":[-4.1384177,-0.51341784,-1.7634178,-2.5134177,-3.2634177,-3.8884177,-4.6384177,-5.0134177,-5.0759177,-5.1384177,-5.3259177,-5.5759177,-5.7009177,-5.8884177,-6.1384177,-6.1384177,-6.2634177,-6.4509177,-6.5759177,-6.5759177]},{"tokens":[2,1,0,3,4,5,6,7,9,8,10,11,12,13,14,15,16,17,18,19],"logprobs":[-2.5193558,-0.5193558,-1.7693558,-3.1443558,-3.8943558,-4.269356,-4.581856,-4.831856,-5.081856,-5.144356,-5.331856,-5.581856,-5.769356,-5.956856,-6.081856,-6.144356,-6.269356,-6.394356,-6.456856,-6.581856]}]}