{"seen_tokens":["I","It","Hello","x","Could","If","Hi","Can","Based","Please","Your","The","As","Unfortunately","What","How","From","Is","There","You"],"seen_logprobs":[{"tokens":[0,1,2,3,4,5,6,7,8,9,10,11,12,13,14,15,16,17,18,19],"logprobs":[-1.7634178,-0.51341784,-2.5134177,-3.2634177,-3.8884177,-4.1384177,-4.6384177,-5.0134177,-5.0759177,-5.1384177,-5.3259177,-5.5759177,-5.7009177,-5.8884177,-6.1384177,-6.1384177,-6.2634177,-6.4509177,-6.5759177,-6.5759177]}]}