{"seen_tokens":["Hey","What's","x","X","What","Got","**","Hi","Hello","Just"],"seen_logprobs":[{"tokens":[0,1,2,3,4,5,6,7],"logprobs":[-0.9239311,-0.9239311,-2.4239311,-2.9239311,-3.4239311,-4.173931,-4.298931,-6.673931]},{"tokens":[0,7,5,8,4,1,6,9],"logprobs":[-0.20462541,-2.2046254,-2.7046254,-5.7046256,-5.9546256,-6.4546256,-8.204625,-10.204625]},{"tokens":[0,5,2,1,3,6,8,4],"logprobs":[-0.7240226,-1.4740226,-1.7240226,-2.4740226,-4.474023,-4.724023,-6.724023,-6.724023]}]}