{"seen_tokens":["Hey","What's","x","X","What","Got","**","Hi"],"seen_logprobs":[{"tokens":[0,1,2,3,4,5,6,7],"logprobs":[-0.9239311,-0.9239311,-2.4239311,-2.9239311,-3.4239311,-4.173931,-4.298931,-6.673931]}]}