{"seen_tokens":["It","How","Hello","Hi","I","Welcome","What","hello","Hey","To","However","You","Please","When","If","hi","HI"," Hello","Unfortunately","This"],"seen_logprobs":[{"tokens":[0,1,2,3,4,5,6,7,8,9,10,11,12,13,14,15,16,17,18,19],"logprobs":[-1.5674242,-1.1924242,-1.1924242,-1.6924242,-9.067424,-9.067424,-9.567424,-10.817424,-11.067424,-12.067424,-12.254924,-12.254924,-13.129924,-13.317424,-13.567424,-13.692424,-13.817424,-14.129924,-14.442424,-14.504924]}]}