{"seen_tokens":["Hello","Hi","Hey","hello","Hmm","Hola","How","H","Hallo","Good","He","hi","Oh","Greetings","Well","HI","Welcome","Okay","你好"," Hello"],"seen_logprobs":[{"tokens":[0,1,2,3,4,5,6,7,8,9,10,11,12,13,14,15,16,17,18,19],"logprobs":[-0.08521976,-2.5070949,-8.819594,-11.553969,-12.538344,-12.710219,-12.866469,-12.928969,-13.397719,-13.491469,-13.663344,-13.803969,-13.866469,-13.882094,-13.913344,-13.975844,-14.163344,-14.585219,-14.616469,-14.678969]}]}