{"seen_tokens":["<think>","x",".dex","{\"","Okay","$x","Ġdex","{x","xdb","|x","xfd","Alright","ych","å·§åħĭ","dex","What","Maybe","$request","ichick","zik","ichel","ĠRequestContext","xes","èĴĭä»ĭ","$query",".expand","Ġxtype","xDF","xbf","xde","è´¨åľ°"],"seen_logprobs":[{"tokens":[0,1,2,3,4,5,6,7,8,9,10,11,12,13,14,15,16,17,18,19],"logprobs":[-4.7683704e-7,-16.0,-16.875,-17.1875,-17.875,-18.0,-18.25,-18.4375,-18.5625,-18.9375,-19.1875,-19.25,-19.3125,-19.375,-19.4375,-19.5,-19.8125,-19.875,-20.0,-20.0]},{"tokens":[0,1,5,3,4,2,20,17,9,21,8,6,12,16,22,11,23,7,24,25],"logprobs":[-0.0000042915253,-12.812504,-15.937504,-16.312504,-16.375004,-16.750004,-16.812504,-17.187504,-17.375004,-17.687504,-17.687504,-17.812504,-17.875004,-18.000004,-18.062504,-18.062504,-18.125004,-18.125004,-18.125004,-18.125004]},{"tokens":[0,1,5,8,7,3,2,9,6,26,4,24,20,27,17,22,28,10,29,30],"logprobs":[-0.0000019073468,-13.875002,-15.937502,-16.000002,-16.437502,-16.625002,-16.625002,-16.875002,-17.937502,-17.937502,-18.000002,-18.062502,-18.312502,-18.312502,-18.500002,-18.562502,-18.750002,-19.000002,-19.000002,-19.000002]}]}