{"seen_tokens":["I","Hi","Hello","You","It","Your","Looking","Based","Here","What","**","We","Good","Hey","Excellent","That","Thank","Let","My","Looks","Unfortunately","The","Could","Thinking"],"seen_logprobs":[{"tokens":[0,1,2,3,4,5,6,7,8,9,10,11,12,13,14,15,16,17,18,19],"logprobs":[-0.047095686,-4.172096,-4.547096,-4.922096,-5.297096,-6.672096,-6.922096,-7.047096,-7.172096,-7.422096,-7.422096,-7.547096,-7.672096,-7.672096,-8.797095,-9.422095,-9.672095,-9.797095,-9.797095,-9.797095]},{"tokens":[1,0,2,4,6,3,5,7,9,19,13,16,8,12,14,11,20,21,22,23],"logprobs":[-2.7734375,-0.64843744,-1.6484375,-1.6484375,-4.3984375,-4.8984375,-6.1484375,-6.7734375,-7.0234375,-7.1484375,-7.3984375,-7.3984375,-7.5234375,-7.5234375,-8.0234375,-8.2734375,-8.3984375,-8.6484375,-8.6484375,-8.6484375]}]}