{"seen_tokens":["I","Hi","Hello","You","It","Your","Looking","Based","Here","What","**","We","Good","Hey","Excellent","That","Thank","Let","My","Looks"],"seen_logprobs":[{"tokens":[0,1,2,3,4,5,6,7,8,9,10,11,12,13,14,15,16,17,18,19],"logprobs":[-0.047095686,-4.172096,-4.547096,-4.922096,-5.297096,-6.672096,-6.922096,-7.047096,-7.172096,-7.422096,-7.422096,-7.547096,-7.672096,-7.672096,-8.797095,-9.422095,-9.672095,-9.797095,-9.797095,-9.797095]}]}