{"seen_tokens":["Hello","Hi"," Hello","你好","Hey",">Hello","Hola","hello","Bonjour","_hello","您好"," Hi","Hallo","Здравствуйте"," hello","HI","👋","How","_HEL","こんにちは"],"seen_logprobs":[{"tokens":[0,1,2,3,4,5,6,7,8,9,10,11,12,13,14,15,16,17,18,19],"logprobs":[-0.00055512274,-7.500555,-13.375555,-14.875555,-16.250555,-16.500555,-17.875555,-18.125555,-18.625555,-18.875555,-19.625555,-19.875555,-20.250555,-20.375555,-21.875555,-22.500555,-22.625555,-22.625555,-22.750555,-22.875555]}]}