{"seen_tokens":["<think>","</think>","<|im_start|>","Ġcape","ä»İ","ä»Ĭå¤©","æŀ¢çº½","<tool_response>","minus","probably","ksen","PO","è¯¥","Ġempez","aden","ern","Below","-m","èĥļ","_a","æį®","éĻ¤äºĨ","é¦ĸåħĪ","nim","erval","åıł","Ġprobably","æľīåħ³","iku","åħ¶"],"seen_logprobs":[{"tokens":[0,1,2,3,4,5,6,7,8,9,10,11,12,13,14,15,16,17,18,19],"logprobs":[-2.3841855e-7,-16.25,-18.3125,-18.875,-19.1875,-20.1875,-20.25,-20.375,-20.375,-20.375,-20.375,-20.4375,-20.4375,-20.5,-20.5625,-20.5625,-20.5625,-20.8125,-20.8125,-20.875]},{"tokens":[0,1,2,3,4,9,12,7,5,20,21,6,18,22,13,23,11,15,24,10],"logprobs":[-4.7683704e-7,-15.75,-18.0,-18.125,-18.8125,-19.5625,-19.625,-19.6875,-19.75,-19.9375,-19.9375,-20.0,-20.0,-20.125,-20.125,-20.1875,-20.1875,-20.1875,-20.1875,-20.25]},{"tokens":[0,1,2,3,4,7,9,11,5,18,13,12,10,25,26,20,6,15,24,19],"logprobs":[-2.3841855e-7,-15.875,-18.125,-18.6875,-19.3125,-19.9375,-20.0,-20.0,-20.0625,-20.125,-20.1875,-20.25,-20.375,-20.625,-20.6875,-20.6875,-20.6875,-20.6875,-20.6875,-20.75]},{"tokens":[0,1,2,3,4,5,12,9,18,27,23,7,10,6,21,28,11,15,13,29],"logprobs":[-2.3841855e-7,-16.375,-18.4375,-18.9375,-19.0625,-19.9375,-20.125,-20.1875,-20.1875,-20.25,-20.3125,-20.4375,-20.4375,-20.5,-20.5625,-20.5625,-20.625,-20.625,-20.6875,-20.6875]}]}