{"seen_tokens":["C","\"",">","The","J","*","I","S","A","L","M","x","As","In","John","You","K","B","R","-","D"],"seen_logprobs":[{"tokens":[0,1,2,3,4,5,6,7,8,9,10,11,12,13,14,15,16,17,18,19],"logprobs":[-4.4058366,-2.3433366,-2.5933366,-2.7808366,-3.0933366,-3.2183366,-3.2808366,-3.5308366,-3.5933366,-3.5933366,-3.7183366,-4.0308366,-4.0308366,-4.0933366,-4.1558366,-4.2183366,-4.3433366,-4.3433366,-4.4058366,-4.4683366]},{"tokens":[3,1,2,5,4,6,7,8,9,10,12,19,13,11,15,14,17,0,16,20],"logprobs":[-2.8693264,-2.4318264,-2.4943264,-2.9943264,-3.1818264,-3.3068264,-3.6193264,-3.6193264,-3.6818264,-3.8068264,-4.1193266,-4.1193266,-4.1193266,-4.1818266,-4.2443266,-4.2443266,-4.3693266,-4.3693266,-4.4318266,-4.4943266]}]}