{"seen_tokens":["你好","您好","Hello","哈","看起来","嗨","Hi","欢迎","H","I","#","X","我","嘿","看到","您","Hey","你","Of","好的"],"seen_logprobs":[{"tokens":[0,1,2,3,4,5,6,7,8,9,10,11,12,13,14,15,16,17,18,19],"logprobs":[-0.3935883,-1.6435883,-2.5185883,-4.518588,-4.768588,-4.893588,-5.518588,-5.643588,-6.018588,-6.768588,-6.768588,-7.143588,-7.268588,-7.518588,-7.643588,-7.643588,-7.893588,-7.893588,-8.018588,-8.018588]}]}