{"seen_tokens":["You","I","Did",",","*","\"","-","$",")","%",".","1","/","'","#","(","0","!","+","&","\"x"," you"," you've","2"],"seen_logprobs":[{"tokens":[0,1,2,3,4,5,6,7,8,9,10,11,12,13,14,15,16,17,18,19],"logprobs":[-0.54063123,-1.0705919,-2.5927515,-9999.0,-9999.0,-9999.0,-9999.0,-9999.0,-9999.0,-9999.0,-9999.0,-9999.0,-9999.0,-9999.0,-9999.0,-9999.0,-9999.0,-9999.0,-9999.0,-9999.0]},{"tokens":[1,2,20,5,9,10,17,15,19,11,16,7,3,6,13,8,14,12,18,4],"logprobs":[-0.39396027,-1.794122,-2.1481373,-3.1548588,-9999.0,-9999.0,-9999.0,-9999.0,-9999.0,-9999.0,-9999.0,-9999.0,-9999.0,-9999.0,-9999.0,-9999.0,-9999.0,-9999.0,-9999.0,-9999.0]},{"tokens":[1,2,0,8,19,9,3,16,6,14,5,15,13,11,17,10,12,18,4,7],"logprobs":[-0.09083843,-2.8375673,-3.5660696,-9999.0,-9999.0,-9999.0,-9999.0,-9999.0,-9999.0,-9999.0,-9999.0,-9999.0,-9999.0,-9999.0,-9999.0,-9999.0,-9999.0,-9999.0,-9999.0,-9999.0]},{"tokens":[21,22,9,23,11,5,12,3,13,10,19,15,17,18,14,7,8,16,6,4],"logprobs":[-0.4073026,-1.0949476,-9999.0,-9999.0,-9999.0,-9999.0,-9999.0,-9999.0,-9999.0,-9999.0,-9999.0,-9999.0,-9999.0,-9999.0,-9999.0,-9999.0,-9999.0,-9999.0,-9999.0,-9999.0]}]}