{"seen_tokens":["Hello","Hi"," Hello","Hey","hello","Hola",">Hello","HI"," Hi","H","_hello","Hallo"," hello","👋","HEL","Greetings","你好","You","Hell","Oh"],"seen_logprobs":[{"tokens":[0,1,2,3,4,5,6,7,8,9,10,11,12,13,14,15,16,17,18,19],"logprobs":[-0.011149957,-4.51115,-10.26115,-10.38615,-11.69865,-12.19865,-12.38615,-12.63615,-13.19865,-13.19865,-13.38615,-13.44865,-13.69865,-13.69865,-13.76115,-14.07365,-14.26115,-15.13615,-15.32365,-15.38615]},{"tokens":[0,1,2,3,4,5,6,7,8,9,10,11,13,12,14,15,16,17,18,19],"logprobs":[-0.00985188,-4.634852,-10.384851,-10.384851,-11.759851,-12.259851,-12.447351,-12.697351,-13.259851,-13.259851,-13.447351,-13.509851,-13.697351,-13.759851,-13.822351,-14.134851,-14.322351,-15.197351,-15.384851,-15.509851]},{"tokens":[1,0,2,3,4,5,6,7,8,9,10,11,12,13,14,15,16,17,18,19],"logprobs":[-4.51115,-0.011149957,-10.26115,-10.38615,-11.69865,-12.19865,-12.38615,-12.63615,-13.19865,-13.19865,-13.38615,-13.44865,-13.69865,-13.69865,-13.76115,-14.07365,-14.26115,-15.13615,-15.32365,-15.38615]},{"tokens":[0,1,2,3,4,5,6,7,8,9,10,11,12,13,14,15,16,17,18,19],"logprobs":[-0.009850464,-4.6348505,-10.3848505,-10.3848505,-11.8223505,-12.2598505,-12.5098505,-12.7598505,-13.2598505,-13.2598505,-13.5098505,-13.5723505,-13.7598505,-13.7598505,-13.8848505,-14.2598505,-14.3223505,-15.2598505,-15.4473505,-15.5098505]}]}