{"seen_tokens":["Hello","Hi","你好","您好","嗨","<｜end▁of▁sentence｜>","!","\"","#","$","'","(","*","+","-",".","/","0","1","2","H","**","How","哈","欢迎","嘿","\\xf0\\x9f\\x91","Hey","\\xf0\\x9f\\x98","hello","Welcome","很高兴","Nice","哈哈"],"seen_logprobs":[{"tokens":[0,1,2,3,4,5,6,7,8,9,10,11,12,13,14,15,16,17,18,19],"logprobs":[-4.3569155,-10.276143,-0.013058619,-9.035474,-12.983785,-9999.0,-9999.0,-9999.0,-9999.0,-9999.0,-9999.0,-9999.0,-9999.0,-9999.0,-9999.0,-9999.0,-9999.0,-9999.0,-9999.0,-9999.0]},{"tokens":[8,20,21,22,23,24,0,25,1,26,27,28,2,29,30,3,4,31,32,33],"logprobs":[-36.67909,-28.157406,-37.13071,-35.514812,-22.671879,-29.482525,-4.3569155,-30.623257,-10.276143,-32.470997,-29.86224,-36.968525,-0.013058619,-37.780163,-36.171886,-9.035474,-12.983785,-38.314472,-39.439823,-39.904133]}]}