{"seen_tokens":["Hello","Hi","你好","您好","嗨","<｜end▁of▁sentence｜>","!","\"","#","$","'","(","*","+","-",".","/","0","1","2"],"seen_logprobs":[{"tokens":[0,1,2,3,4,5,6,7,8,9,10,11,12,13,14,15,16,17,18,19],"logprobs":[-4.3569155,-10.276143,-0.013058619,-9.035474,-12.983785,-9999.0,-9999.0,-9999.0,-9999.0,-9999.0,-9999.0,-9999.0,-9999.0,-9999.0,-9999.0,-9999.0,-9999.0,-9999.0,-9999.0,-9999.0]}]}