{"seen_tokens":["Hello","你好","Hi","您好","hello","<p","Hey","<!--","{\"","Bonjour",">Hello","{'","👋"," Hello","Hola","{{","<!","hi","嗨","<div"," Hi","I","Hallo","Good","Здравствуйте","H","Nice","HI","こんにちは","Greetings","the","1"],"seen_logprobs":[{"tokens":[0,1,2,3,4,5,6,7,8,9,10,11,12,13,14,15,16,17,18,19],"logprobs":[-0.066275805,-3.0662758,-4.0662756,-8.941276,-9.066276,-11.253776,-11.253776,-11.441276,-11.503776,-11.566276,-12.066276,-12.316276,-12.378776,-12.441276,-12.503776,-12.753776,-12.878776,-13.128776,-13.128776,-13.191276]},{"tokens":[0,2,1,3,10,13,6,20,21,14,18,9,22,4,23,24,25,26,27,28],"logprobs":[-0.314705,-1.314705,-6.564705,-10.814705,-12.689705,-12.814705,-13.189705,-13.814705,-13.939705,-14.064705,-14.314705,-14.564705,-14.689705,-15.189705,-15.939705,-16.064705,-16.314705,-16.314705,-16.877205,-17.064705]},{"tokens":[0,2,1,3,13,10,21,6,4,25,26,9,5,14,20,17,29,23,30,31],"logprobs":[-0.10151472,-2.3515148,-6.726515,-10.101515,-11.226515,-11.851515,-11.851515,-11.976515,-12.351515,-12.789015,-12.914015,-13.164015,-13.414015,-13.664015,-13.726515,-13.851515,-13.851515,-13.976515,-14.101515,-14.101515]}]}