{"seen_tokens":["Hello","你好","Hi","您好","hello","<p","Hey","<!--","{\"","Bonjour",">Hello","{'","👋"," Hello","Hola","{{","<!","hi","嗨","<div"],"seen_logprobs":[{"tokens":[0,1,2,3,4,5,6,7,8,9,10,11,12,13,14,15,16,17,18,19],"logprobs":[-0.066275805,-3.0662758,-4.0662756,-8.941276,-9.066276,-11.253776,-11.253776,-11.441276,-11.503776,-11.566276,-12.066276,-12.316276,-12.378776,-12.441276,-12.503776,-12.753776,-12.878776,-13.128776,-13.128776,-13.191276]}]}