{"seen_tokens":["It","You","I","Your","The","X","That","x","Unfortunately","What","To","However","Hi","A","This","Hello","Just","How","Since","Please"],"seen_logprobs":[{"tokens":[0,1,2,3,4,5,6,7,8,9,10,11,12,13,14,15,16,17,18,19],"logprobs":[-0.01502565,-5.0462756,-5.1244006,-7.5931506,-7.6400256,-7.9056506,-7.9525256,-8.124401,-8.733776,-9.296276,-9.718151,-10.296276,-10.608776,-10.843151,-11.046276,-11.046276,-11.202526,-11.249401,-11.343151,-11.608776]}]}