{"seen_tokens":["It","You","I","Your","The","X","That","x","Unfortunately","What","To","However","Hi","A","This","Hello","Just","How","Since","Please"],"seen_logprobs":[{"tokens":[0,1,2,3,4,5,6,7,8,9,10,11,12,13,14,15,16,17,18,19],"logprobs":[-0.01502565,-5.0462756,-5.1244006,-7.5931506,-7.6400256,-7.9056506,-7.9525256,-8.124401,-8.733776,-9.296276,-9.718151,-10.296276,-10.608776,-10.843151,-11.046276,-11.046276,-11.202526,-11.249401,-11.343151,-11.608776]},{"tokens":[0,1,2,3,4,5,6,7,8,9,10,11,12,13,14,15,16,17,18,19],"logprobs":[-0.015229256,-5.015229,-5.124604,-7.577729,-7.640229,-7.905854,-7.983979,-8.093354,-8.749604,-9.312104,-9.749604,-10.280854,-10.640229,-10.843354,-11.062104,-11.077729,-11.218354,-11.233979,-11.358979,-11.608979]}]}