{"seen_tokens":["It","You","I","Your","The","X","That","x","Unfortunately","What","To","However","Hi","A","This","Hello","Just","How","Since","Please","it"],"seen_logprobs":[{"tokens":[0,1,2,3,4,5,6,7,8,9,10,11,12,13,14,15,16,17,18,19],"logprobs":[-0.01502565,-5.0462756,-5.1244006,-7.5931506,-7.6400256,-7.9056506,-7.9525256,-8.124401,-8.733776,-9.296276,-9.718151,-10.296276,-10.608776,-10.843151,-11.046276,-11.046276,-11.202526,-11.249401,-11.343151,-11.608776]},{"tokens":[0,1,2,3,4,5,6,7,8,9,10,11,12,13,14,15,16,17,18,19],"logprobs":[-0.015229256,-5.015229,-5.124604,-7.577729,-7.640229,-7.905854,-7.983979,-8.093354,-8.749604,-9.312104,-9.749604,-10.280854,-10.640229,-10.843354,-11.062104,-11.077729,-11.218354,-11.233979,-11.358979,-11.608979]},{"tokens":[0,1,2,4,3,7,5,6,8,9,10,11,12,13,16,15,14,17,18,20],"logprobs":[-0.019621909,-4.785247,-4.847747,-7.457122,-7.535247,-7.566497,-7.582122,-7.769622,-8.503997,-9.050872,-9.582122,-10.082122,-10.457122,-10.472747,-10.722747,-10.816497,-10.878997,-10.972747,-11.097747,-11.441497]},{"tokens":[0,1,2,4,7,3,5,6,8,9,10,11,12,13,16,15,14,17,18,20],"logprobs":[-0.019641312,-4.7852664,-4.8477664,-7.4727664,-7.5352664,-7.5352664,-7.5821414,-7.7540164,-8.488391,-9.035266,-9.597766,-10.066516,-10.457141,-10.488391,-10.707141,-10.816516,-10.863391,-10.957141,-11.097766,-11.425891]}]}