{"seen_tokens":["Hello","Hi"," Hello","Hey","hello","_hello",">Hello","你好","Hola","Hallo","Greetings"," Hi","H","您好","Hell","Welcome","Hel","HI","_HEL","HEL"," hello"],"seen_logprobs":[{"tokens":[0,1,2,3,4,5,6,7,8,9,10,11,12,13,14,15,16,17,18,19],"logprobs":[-0.00012362767,-9.000124,-15.250124,-18.375124,-19.375124,-20.250124,-20.250124,-20.375124,-20.750124,-21.125124,-21.375124,-22.625124,-23.375124,-23.375124,-23.625124,-23.875124,-24.000124,-24.750124,-24.875124,-24.875124]},{"tokens":[0,1,2,3,4,7,5,6,8,10,9,11,13,12,14,15,16,20,19,18],"logprobs":[-0.0001237469,-9.000124,-14.750124,-17.875124,-18.875124,-19.625124,-19.625124,-19.750124,-20.250124,-20.625124,-20.625124,-22.250124,-22.625124,-22.875124,-23.000124,-23.125124,-23.375124,-24.250124,-24.250124,-24.250124]},{"tokens":[0,1,2,3,4,6,7,5,8,10,9,11,13,12,14,15,16,17,19,18],"logprobs":[-0.00015891861,-8.750159,-14.750159,-17.625158,-18.750158,-19.500158,-19.625158,-19.625158,-20.125158,-20.375158,-20.500158,-22.000158,-22.500158,-22.625158,-22.750158,-23.000158,-23.125158,-24.000158,-24.000158,-24.000158]},{"tokens":[0,1,2,3,4,6,7,5,8,9,10,11,12,13,14,15,16,17,18,19],"logprobs":[-0.00020380905,-8.500204,-14.750204,-17.750204,-19.000204,-19.625204,-19.875204,-19.875204,-20.125204,-20.500204,-20.625204,-21.750204,-22.625204,-22.625204,-23.000204,-23.250204,-23.250204,-24.125204,-24.250204,-24.250204]}]}