{"seen_tokens":["Hello","Hi"," Hello","Hey","hello","_hello",">Hello","你好","Hola","Hallo","Greetings"," Hi","H","您好","Hell","Welcome","Hel","HI","_HEL","HEL"],"seen_logprobs":[{"tokens":[0,1,2,3,4,5,6,7,8,9,10,11,12,13,14,15,16,17,18,19],"logprobs":[-0.00012362767,-9.000124,-15.250124,-18.375124,-19.375124,-20.250124,-20.250124,-20.375124,-20.750124,-21.125124,-21.375124,-22.625124,-23.375124,-23.375124,-23.625124,-23.875124,-24.000124,-24.750124,-24.875124,-24.875124]}]}