{"seen_tokens":["x","**","Just","Got","X","Hey","\"x","What"],"seen_logprobs":[{"tokens":[0,1,2,3,4,5,6,7],"logprobs":[-0.6430138,-1.1430137,-2.7680137,-3.5180137,-3.5180137,-4.643014,-4.893014,-5.768014]}]}