{"seen_tokens":["x","**","Just","Got","X","Hey","\"x","What","What's"],"seen_logprobs":[{"tokens":[0,1,2,3,4,5,6,7],"logprobs":[-0.6430138,-1.1430137,-2.7680137,-3.5180137,-3.5180137,-4.643014,-4.893014,-5.768014]},{"tokens":[2,0,1,3,5,7,8,6],"logprobs":[-1.0386839,-1.1636839,-1.5386839,-2.913684,-3.538684,-4.288684,-5.163684,-5.288684]}]}