{"seen_tokens":["<|channel|>","<|constrain|>"," "," (","분"," 分","analysis",",","<|call|>","<|message|>","(Note"," name"," a"," nap"," with"," m"," after","<|start|>"," b","<|end|>"],"seen_logprobs":[{"tokens":[0,1,2,3,4,5,6,7,8,9,10,11,12,13,14,15,16,17,18,19],"logprobs":[0.0,-20.4998,-22.974424,-23.401524,-23.744808,-24.5771,-24.94472,-25.112179,-25.149021,-25.342487,-25.88176,-25.920515,-26.070816,-26.119373,-26.144653,-26.419859,-26.526287,-26.554739,-26.588623,-26.67433]}]}