{"seen_tokens":["<|channel|>","<|constrain|>"," "," (","분"," 分","analysis",",","<|call|>","<|message|>","(Note"," name"," a"," nap"," with"," m"," after","<|start|>"," b","<|end|>"," named","(name"],"seen_logprobs":[{"tokens":[0,1,2,3,4,5,6,7,8,9,10,11,12,13,14,15,16,17,18,19],"logprobs":[0.0,-20.4998,-22.974424,-23.401524,-23.744808,-24.5771,-24.94472,-25.112179,-25.149021,-25.342487,-25.88176,-25.920515,-26.070816,-26.119373,-26.144653,-26.419859,-26.526287,-26.554739,-26.588623,-26.67433]},{"tokens":[0,1,2,3,4,6,5,7,8,9,11,12,10,14,13,17,15,16,20,21],"logprobs":[0.0,-20.289307,-22.92095,-23.693361,-23.899307,-24.52673,-24.79219,-24.934769,-25.011267,-25.017395,-25.322803,-25.840214,-25.877092,-25.883434,-25.931293,-26.307825,-26.311691,-26.35324,-26.398518,-26.42444]}]}