{"seen_tokens":["It","Did","How","Hello","Your","Looks","Is","Hi","I"," It","x","Hey","What","it","You","Y","That","!","Let","Are","Please","My","Could","Oops","X","\"","\"x","Tre","*X","“","Al","Welcome","Ah"],"seen_logprobs":[{"tokens":[0,1,2,3,4,5,6,7,8,9,10,11,12,13,14,15,16,17,18,19],"logprobs":[-0.0055422694,-5.7555423,-6.2555423,-8.130542,-9.880542,-10.880542,-11.005542,-11.005542,-11.630542,-12.005542,-12.255542,-12.630542,-13.130542,-13.255542,-13.380542,-13.505542,-13.693042,-13.818042,-13.943042,-14.130542]},{"tokens":[0,2,3,1,8,5,7,11,4,6,20,14,9,12,16,13,18,21,22,23],"logprobs":[-0.003396934,-5.878397,-8.253397,-8.378397,-10.503397,-11.003397,-11.003397,-11.378397,-11.878397,-12.378397,-13.003397,-13.003397,-13.128397,-13.378397,-13.628397,-14.003397,-14.003397,-14.128397,-14.253397,-14.690897]},{"tokens":[24,1,25,0,26,10,6,27,3,2,28,5,29,30,15,31,16,14,32,8],"logprobs":[-0.013562206,-4.763562,-6.013562,-6.263562,-9.138562,-9.638562,-9.638562,-9.763562,-9.888562,-10.138562,-10.263562,-10.513562,-10.763562,-11.013562,-12.013562,-12.076062,-12.388562,-12.513562,-12.513562,-12.701062]}]}