{"seen_tokens":["It","Did","How","Hello","Your","Looks","Is","Hi","I"," It","x","Hey","What","it","You","Y","That","!","Let","Are"],"seen_logprobs":[{"tokens":[0,1,2,3,4,5,6,7,8,9,10,11,12,13,14,15,16,17,18,19],"logprobs":[-0.0055422694,-5.7555423,-6.2555423,-8.130542,-9.880542,-10.880542,-11.005542,-11.005542,-11.630542,-12.005542,-12.255542,-12.630542,-13.130542,-13.255542,-13.380542,-13.505542,-13.693042,-13.818042,-13.943042,-14.130542]}]}