{"seen_tokens":["Hello","Hi","It"," Hello","你好"],"seen_logprobs":[{"tokens":[0,1,2,3,4],"logprobs":[-0.0019313742,-6.251931,-13.001931,-15.001931,-16.876932]}]}