{"seen_tokens":["The","A","Just","This","Hello","We","用户","User","Simple","\"","Say","Hmm","I","There's","Hi","Me","Since","My","Ah","Hey"],"seen_logprobs":[{"tokens":[0,1,2,3,4,5,6,7,8,9,10,11,12,13,14,15,16,17,18,19],"logprobs":[-0.001454011,-7.751454,-7.876454,-8.376454,-9.251454,-9.251454,-9.626454,-9.751454,-11.501454,-11.751454,-12.001454,-12.501454,-12.501454,-12.626454,-12.626454,-12.751454,-12.876454,-13.001454,-13.001454,-13.001454]}]}