{"seen_tokens":["The","A","Just","This","Hello","We","用户","User","Simple","\"","Say","Hmm","I","There's","Hi","Me","Since","My","Ah","Hey","Use","As","user","简"],"seen_logprobs":[{"tokens":[0,1,2,3,4,5,6,7,8,9,10,11,12,13,14,15,16,17,18,19],"logprobs":[-0.001454011,-7.751454,-7.876454,-8.376454,-9.251454,-9.251454,-9.626454,-9.751454,-11.501454,-11.751454,-12.001454,-12.501454,-12.501454,-12.626454,-12.626454,-12.751454,-12.876454,-13.001454,-13.001454,-13.001454]},{"tokens":[0,2,1,7,3,6,5,4,8,9,12,13,10,20,21,11,15,22,17,23],"logprobs":[-0.00184592,-7.376846,-7.501846,-8.751846,-8.876846,-9.001846,-9.251846,-9.876846,-11.126846,-11.751846,-12.126846,-12.376846,-12.626846,-12.626846,-13.001846,-13.001846,-13.001846,-13.001846,-13.126846,-13.126846]}]}