{"seen_tokens":["Hi","Hello","It","How","Welcome","I","What","hello"," Hello","Hey","You",">Hello","However"," Hi","HI","_hello","Please","Greetings","how","If","Happy","它"],"seen_logprobs":[{"tokens":[0,1,2,3,4,5,6,7,8,9,10,11,12,13,14,15,16,17,18,19],"logprobs":[-2.3753397,-1.0003397,-1.2503397,-1.3753397,-10.1253395,-10.7503395,-11.2503395,-11.7503395,-12.1253395,-12.2503395,-14.4378395,-14.5628395,-14.6253395,-14.7503395,-14.8753395,-15.0003395,-15.2503395,-15.3128395,-15.3753395,-15.5003395]},{"tokens":[1,0,2,3,4,5,6,7,9,8,13,11,14,15,12,10,16,17,20,21],"logprobs":[-0.8653096,-1.4903096,-1.6153096,-1.8653096,-10.11531,-11.11531,-11.36531,-11.61531,-11.74031,-12.24031,-14.24031,-14.42781,-14.49031,-14.80281,-14.86531,-14.99031,-14.99031,-15.24031,-15.42781,-15.49031]},{"tokens":[2,1,3,0,4,5,6,7,8,9,10,11,12,13,14,15,16,17,18,19],"logprobs":[-1.2503397,-1.0003397,-1.3753397,-2.3753397,-10.1253395,-10.7503395,-11.2503395,-11.7503395,-12.1253395,-12.2503395,-14.4378395,-14.5628395,-14.6253395,-14.7503395,-14.8753395,-15.0003395,-15.2503395,-15.3128395,-15.3753395,-15.5003395]}]}