{"seen_tokens":["Hi","Hello","It","How","Welcome","I","What","hello"," Hello","Hey","You",">Hello","However"," Hi","HI","_hello","Please","Greetings","how","If"],"seen_logprobs":[{"tokens":[0,1,2,3,4,5,6,7,8,9,10,11,12,13,14,15,16,17,18,19],"logprobs":[-2.3753397,-1.0003397,-1.2503397,-1.3753397,-10.1253395,-10.7503395,-11.2503395,-11.7503395,-12.1253395,-12.2503395,-14.4378395,-14.5628395,-14.6253395,-14.7503395,-14.8753395,-15.0003395,-15.2503395,-15.3128395,-15.3753395,-15.5003395]}]}