{"seen_tokens":["你好","您好","Hello","Hi","嗨","嗯","好的","当然","H","\n\n","哈","我是","欢迎","早上","我","哦","请","来了","Of","今天"],"seen_logprobs":[{"tokens":[0,1,2,3,4,5,6,7,8,9,10,11,12,13,14,15,16,17,18,19],"logprobs":[-0.033691406,-4.15625,-4.40625,-6.28125,-7.40625,-8.1875,-8.4375,-8.5625,-8.5625,-9.0625,-9.1875,-9.3125,-9.4375,-9.4375,-9.8125,-9.8125,-9.9375,-9.9375,-9.9375,-9.9375]}]}