{"seen_tokens":["Hello","It","Hi","你好","您好","x","I","看起来","Got","\"x","The","\"","Looks","You","收到","它","`","What","Could","How"],"seen_logprobs":[{"tokens":[0,1,2,3,4,5,6,7,8,9,10,11,12,13,14,15,16,17,18,19],"logprobs":[-0.90297836,-0.77797836,-4.0279784,-4.4029784,-4.4029784,-4.5904784,-4.8404784,-4.9029784,-5.0904784,-5.2154784,-5.2154784,-5.2779784,-5.7779784,-5.9654784,-6.0904784,-6.1529784,-6.2779784,-6.3404784,-6.5279784,-6.5279784]},{"tokens":[1,0,2,3,4,5,6,7,8,9,10,11,12,13,14,15,16,17,18,19],"logprobs":[-0.77797836,-0.90297836,-4.0279784,-4.4029784,-4.4029784,-4.5904784,-4.8404784,-4.9029784,-5.0904784,-5.2154784,-5.2154784,-5.2779784,-5.7779784,-5.9654784,-6.0904784,-6.1529784,-6.2779784,-6.3404784,-6.5279784,-6.5279784]},{"tokens":[1,0,2,4,5,3,6,7,8,10,9,11,12,13,14,15,16,17,18,19],"logprobs":[-0.77636296,-0.90136296,-4.026363,-4.526363,-4.526363,-4.526363,-4.776363,-4.963863,-5.026363,-5.213863,-5.213863,-5.276363,-5.776363,-5.963863,-6.151363,-6.151363,-6.276363,-6.276363,-6.463863,-6.526363]}]}