{"seen_tokens":["Hello","It","Hi","你好","您好","x","I","看起来","Got","\"x","The","\"","Looks","You","收到","它","`","What","Could","How"],"seen_logprobs":[{"tokens":[0,1,2,3,4,5,6,7,8,9,10,11,12,13,14,15,16,17,18,19],"logprobs":[-0.90297836,-0.77797836,-4.0279784,-4.4029784,-4.4029784,-4.5904784,-4.8404784,-4.9029784,-5.0904784,-5.2154784,-5.2154784,-5.2779784,-5.7779784,-5.9654784,-6.0904784,-6.1529784,-6.2779784,-6.3404784,-6.5279784,-6.5279784]}]}