{"seen_tokens":["I","Hello","x","Sorry","What","Okay","You","It","y","Hi","Here","Yes","Sure","The","As","This","Hey","Under","Let",","],"seen_logprobs":[{"tokens":[0,1,2,3,4,5,6,7,8,9,10,11,12,13,14,15,16,17,18,19],"logprobs":[-1.41282,-1.78782,-2.2253199,-3.5378199,-3.8503199,-3.8503199,-3.9128199,-3.9128199,-4.03782,-4.10032,-4.10032,-4.10032,-4.22532,-4.35032,-4.41282,-4.60032,-4.66282,-4.66282,-4.72532,-4.78782]}]}