{"seen_tokens":["▁There","▁","▁=","▁The","▁is","▁x","▁I","▁To","▁A","▁-","▁Write","▁What","▁Hello","▁Given","▁y","▁In","▁Here","▁You","▁This","▁If"],"seen_logprobs":[{"tokens":[0,1,2,3,4,5,6,7,8,9,10,11,12,13,14,15,16,17,18,19],"logprobs":[-3.9461713,-1.8211713,-2.6336713,-2.7586713,-2.8211713,-2.9461713,-2.9461713,-3.0086713,-3.2586713,-3.5086713,-3.6336713,-3.6961713,-4.0086713,-4.0711713,-4.1961713,-4.1961713,-4.4461713,-4.5086713,-4.5086713,-4.5086713]},{"tokens":[5,1,2,3,4,6,7,8,9,10,11,0,12,13,14,15,16,17,18,19],"logprobs":[-2.9461713,-1.8211713,-2.6336713,-2.7586713,-2.8211713,-2.9461713,-3.0086713,-3.2586713,-3.5086713,-3.6336713,-3.6961713,-3.9461713,-4.0086713,-4.0711713,-4.1961713,-4.1961713,-4.4461713,-4.5086713,-4.5086713,-4.5086713]}]}