{"seen_tokens":["Hello","Hi","Hey","H","He","¡"," Hello","Yo","hello","Hell","Y","Welcome","hi","Sal","Oh","hey","HI","**"," Hey","","How"],"seen_logprobs":[{"tokens":[0,1,2,3,4,5,6,7,8,9,10,11,12,13,14,15,16,17,18,19],"logprobs":[-0.25225848,-2.0022585,-2.5022585,-6.1272583,-7.5647583,-7.8772583,-7.8772583,-7.9397583,-8.002258,-8.877258,-9.439758,-9.439758,-9.502258,-9.627258,-9.814758,-9.877258,-9.877258,-9.939758,-10.002258,-10.002258]},{"tokens":[0,1,2,3,4,5,6,7,8,9,10,11,12,13,14,16,17,15,20,19],"logprobs":[-0.26049623,-1.8854963,-2.6354961,-6.135496,-7.635496,-7.885496,-7.885496,-8.010496,-8.072996,-8.885496,-9.447996,-9.447996,-9.510496,-9.635496,-9.760496,-9.822996,-9.947996,-9.947996,-10.072996,-10.072996]}]}