{"seen_tokens":["你好","您好","Hello","欢迎","有什么"],"seen_logprobs":[{"tokens":[0,1,2,3,4],"logprobs":[-0.0008334,-7.6258335,-8.2508335,-10.5008335,-11.0008335]},{"tokens":[0,2,1,4,3],"logprobs":[-0.00195515,-6.876955,-7.126955,-10.501955,-11.251955]}]}