{"seen_tokens":["你好","您好","Hello","欢迎","有什么"],"seen_logprobs":[{"tokens":[0,1,2,3,4],"logprobs":[-0.0008334,-7.6258335,-8.2508335,-10.5008335,-11.0008335]}]}