{"seen_tokens":["Hello","Hi","{","👋","Hey","Healthy"," Hello","`","Phase","$\\","Template","_","Step","ด้าน","True","Ass","Type"," sense","Here","How","(","1","!","0"],"seen_logprobs":[{"tokens":[0,1,2,3,4,5,6,7,8,9,10,11,12,13,14,15,16,17,18,19],"logprobs":[-0.000002503392,-13.125003,-15.761722,-17.183596,-17.472658,-17.89844,-18.078127,-18.234377,-18.531252,-18.640627,-18.796877,-18.984377,-18.984377,-19.156252,-19.171877,-19.203127,-19.234377,-19.281252,-19.328127,-19.359377]},{"tokens":[0,1,2,3,6,5,7,9,17,4,10,11,13,15,12,14,20,21,22,16],"logprobs":[-0.0000027418098,-13.062503,-16.093752,-16.500002,-17.218752,-17.656252,-17.875002,-18.062502,-18.187502,-18.203127,-18.296877,-18.343752,-18.609377,-18.671877,-18.828127,-18.828127,-19.093752,-19.281252,-19.343752,-19.406252]},{"tokens":[0,1,2,3,5,4,9,6,7,14,10,11,15,17,18,19,13,23,21,20],"logprobs":[-0.000003933899,-12.531254,-16.309574,-16.855473,-17.828129,-18.101566,-18.171879,-18.343754,-18.437504,-18.828129,-18.953129,-18.968754,-19.093754,-19.281254,-19.312504,-19.406254,-19.484379,-19.640629,-19.671879,-19.703129]}]}