{"seen_tokens":["Hello","Hi","{","👋","Hey","Healthy"," Hello","`","Phase","$\\","Template","_","Step","ด้าน","True","Ass","Type"," sense","Here","How"],"seen_logprobs":[{"tokens":[0,1,2,3,4,5,6,7,8,9,10,11,12,13,14,15,16,17,18,19],"logprobs":[-0.000002503392,-13.125003,-15.761722,-17.183596,-17.472658,-17.89844,-18.078127,-18.234377,-18.531252,-18.640627,-18.796877,-18.984377,-18.984377,-19.156252,-19.171877,-19.203127,-19.234377,-19.281252,-19.328127,-19.359377]}]}