{"seen_tokens":["<think>","x","{\"","$x",".dex","Okay","|x","{x","xdb","Alright","Maybe","$request","argv","ichel","$query","What","zik","ych","èĢĥèĻĳåĪ°","Ġdex","xfd","å·§åħĭ","dex","ichick","ĠRequestContext","xes","èĴĭä»ĭ",".expand"],"seen_logprobs":[{"tokens":[0,1,2,3,4,5,6,7,8,9,10,11,12,13,14,15,16,17,18,19],"logprobs":[-0.0000016689287,-14.375002,-15.437502,-16.125002,-16.625002,-16.687502,-16.750002,-17.187502,-17.625002,-17.687502,-17.875002,-18.125002,-18.250002,-18.250002,-18.375002,-18.500002,-18.750002,-18.812502,-18.812502,-18.875002]},{"tokens":[0,1,4,2,5,3,19,7,8,6,20,9,17,21,22,15,10,11,23,16],"logprobs":[-4.7683704e-7,-16.0,-16.875,-17.1875,-17.875,-18.0,-18.25,-18.4375,-18.5625,-18.9375,-19.1875,-19.25,-19.3125,-19.375,-19.4375,-19.5,-19.8125,-19.875,-20.0,-20.0]},{"tokens":[0,1,3,2,5,4,13,11,6,24,8,19,17,10,25,9,26,7,14,27],"logprobs":[-0.0000042915253,-12.812504,-15.937504,-16.312504,-16.375004,-16.750004,-16.812504,-17.187504,-17.375004,-17.687504,-17.687504,-17.812504,-17.875004,-18.000004,-18.062504,-18.062504,-18.125004,-18.125004,-18.125004,-18.125004]}]}