{"seen_tokens":["Hello","Hi","Hey","How","您好","Yo","Welcome","H","","I","Here","你好","You","Nice","What","Hell","Gre","Good","Ol","\"","¡","嗨","He"],"seen_logprobs":[{"tokens":[0,1,2,3,4,5,6,7,8,9,10,11,12,13,14,15,16,17,18,19],"logprobs":[-0.044598233,-3.6695983,-4.044598,-8.919599,-9.294599,-9.294599,-10.044599,-10.169599,-10.419599,-10.419599,-10.419599,-10.669599,-11.044599,-11.669599,-11.669599,-11.794599,-11.919599,-12.044599,-12.419599,-12.419599]},{"tokens":[2,1,0,8,10,6,3,11,4,7,5,9,12,19,14,20,21,18,15,22],"logprobs":[-1.1897485,-0.93974847,-1.1897485,-8.939749,-9.189749,-9.439749,-9.814749,-10.064749,-10.064749,-10.189749,-10.939749,-10.939749,-11.064749,-11.314749,-11.314749,-11.439749,-11.564749,-11.814749,-11.814749,-11.939749]}]}