{"seen_tokens":["It","I","You","That","X","The","Your","x","What","Unfortunately","Just","A","However","To","Hello","it","Hi","This","\"","a","How"],"seen_logprobs":[{"tokens":[0,1,2,3,4,5,6,7,8,9,10,11,12,13,14,15,16,17,18,19],"logprobs":[-0.046149272,-4.2961493,-4.5148993,-4.8898993,-5.8117743,-6.4211493,-6.5305243,-6.7336493,-7.0930243,-7.2961493,-7.4211493,-7.7336493,-7.7648993,-8.233649,-8.241462,-8.718024,-8.741462,-8.991462,-9.147712,-9.436774]},{"tokens":[0,2,1,3,7,4,5,8,6,9,10,11,12,13,14,20,15,17,16,18],"logprobs":[-0.060066175,-3.9350662,-4.278816,-4.513191,-5.888191,-5.997566,-6.747566,-6.825691,-6.997566,-7.106941,-7.138191,-7.8803787,-8.013191,-8.161629,-8.239754,-8.606941,-8.833504,-8.974129,-9.060066,-9.231941]}]}