{"seen_tokens":["It","I","You","There","Unfortunately","However","That","The","What","Hello","it","IT","This","Thank"," It","To","They","We","_it","If"],"seen_logprobs":[{"tokens":[0,1,2,3,4,5,6,7,8,9,10,11,12,13,14,15,16,17,18,19],"logprobs":[-0.0036857072,-5.6286855,-10.753686,-11.128686,-11.628686,-11.628686,-12.378686,-13.003686,-13.128686,-13.253686,-13.253686,-13.503686,-13.753686,-13.816186,-13.878686,-13.941186,-14.691186,-14.941186,-14.941186,-15.003686]}]}