{"seen_tokens":["It","I","You","There","Unfortunately","However","That","The","What","Hello","it","IT","This","Thank"," It","To","They","We","_it","If","Is"],"seen_logprobs":[{"tokens":[0,1,2,3,4,5,6,7,8,9,10,11,12,13,14,15,16,17,18,19],"logprobs":[-0.0036857072,-5.6286855,-10.753686,-11.128686,-11.628686,-11.628686,-12.378686,-13.003686,-13.128686,-13.253686,-13.253686,-13.503686,-13.753686,-13.816186,-13.878686,-13.941186,-14.691186,-14.941186,-14.941186,-15.003686]},{"tokens":[0,1,2,3,5,4,6,7,8,10,9,11,12,15,13,14,16,17,20,18],"logprobs":[-0.0047207335,-5.3797207,-10.629721,-11.004721,-11.254721,-11.504721,-12.254721,-12.879721,-13.004721,-13.004721,-13.004721,-13.379721,-13.629721,-13.692221,-13.754721,-13.817221,-14.629721,-14.817221,-14.817221,-14.817221]},{"tokens":[0,1,2,3,5,4,6,9,7,10,8,11,12,13,15,14,16,20,18,17],"logprobs":[-0.0047149197,-5.379715,-10.754715,-11.004715,-11.379715,-11.504715,-12.254715,-13.004715,-13.004715,-13.129715,-13.129715,-13.379715,-13.692215,-13.754715,-13.754715,-13.817215,-14.692215,-14.817215,-14.879715,-14.879715]},{"tokens":[0,1,2,3,5,4,6,9,7,10,8,11,12,13,14,15,16,18,20,17],"logprobs":[-0.0047138515,-5.379714,-10.754714,-11.004714,-11.379714,-11.629714,-12.254714,-13.004714,-13.004714,-13.004714,-13.129714,-13.379714,-13.692214,-13.754714,-13.817214,-13.817214,-14.692214,-14.817214,-14.879714,-14.879714]}]}