{"seen_tokens":["看起来","Hello","您好","It","你好","它","似乎","Hi","I","看来","您"," Hello","看上去","你需要","Ap","如果你","如果您","你","Sure","我想"," It","它可以"," Hi","Certainly"],"seen_logprobs":[{"tokens":[0,1,2,3,4,5,6,7,8,9,10,11,12,13,14,15,16,17,18,19],"logprobs":[-3.7350125,-0.23501265,-2.3600125,-2.8600125,-3.8600125,-5.3600125,-5.8600125,-6.3600125,-6.6100125,-7.2350125,-7.8600125,-8.610013,-9.235013,-9.485013,-9.610013,-9.735013,-9.922513,-9.985013,-10.047513,-10.235013]},{"tokens":[1,2,3,0,4,5,6,7,8,9,10,11,12,13,14,15,16,17,18,19],"logprobs":[-0.23501265,-2.3600125,-2.8600125,-3.7350125,-3.8600125,-5.3600125,-5.8600125,-6.3600125,-6.6100125,-7.2350125,-7.8600125,-8.610013,-9.235013,-9.485013,-9.610013,-9.735013,-9.922513,-9.985013,-10.047513,-10.235013]},{"tokens":[1,3,2,0,4,5,7,6,8,9,11,10,14,20,12,18,21,22,19,23],"logprobs":[-0.25555027,-1.7555503,-3.6305504,-4.7555504,-4.8805504,-5.1305504,-6.6305504,-6.6305504,-7.3805504,-8.25555,-9.13055,-9.63055,-10.00555,-10.00555,-10.38055,-10.75555,-11.06805,-11.25555,-11.25555,-11.44305]}]}