{"seen_tokens":["It","Hello","Hi","Could","How","I","Your","To","\"","Hola","If","Welcome","Looks","You","Hey","The","Se","What","Thank","Hallo"],"seen_logprobs":[{"tokens":[0,1,2,3,4,5,6,7,8,9,10,11,12,13,14,15,16,17,18,19],"logprobs":[-0.16301778,-2.0380177,-4.1630177,-6.1630177,-7.2880177,-7.2880177,-8.163018,-8.538018,-8.913018,-9.288018,-9.288018,-9.413018,-10.163018,-10.538018,-10.538018,-10.663018,-11.163018,-11.163018,-11.663018,-12.163018]}]}