{"seen_tokens":["The","Hmm","I","This","We","用户","Okay","I've","Let","Alright","User","嗯","You","It","Got","What","\"","I'm","So","我","Well","We've","我们","Hello"],"seen_logprobs":[{"tokens":[0,1,2,3,4,5,6,7,8,9,10,11,12,13,14,15,16,17,18,19],"logprobs":[-0.069950014,-3.94495,-4.31995,-4.56995,-4.81995,-5.69495,-5.81995,-6.56995,-6.94495,-7.19495,-7.31995,-7.69495,-7.69495,-7.81995,-7.81995,-7.81995,-7.94495,-7.94495,-8.31995,-8.44495]},{"tokens":[0,1,4,3,6,2,5,9,7,8,10,18,11,14,15,16,20,21,22,12],"logprobs":[-0.12095543,-3.1209555,-3.7459555,-4.4959555,-4.7459555,-4.7459555,-5.3709555,-6.6209555,-6.8709555,-6.8709555,-6.9959555,-7.3709555,-7.4959555,-7.4959555,-7.6209555,-7.6209555,-7.6209555,-7.8709555,-7.9959555,-8.120955]},{"tokens":[0,1,4,2,3,5,6,8,10,13,9,14,7,11,17,20,23,15,12,18],"logprobs":[-0.072554,-3.697554,-4.572554,-4.697554,-4.697554,-5.572554,-5.697554,-6.697554,-7.072554,-7.197554,-7.322554,-7.447554,-7.447554,-7.572554,-7.947554,-8.197554,-8.322554,-8.322554,-8.322554,-8.447554]}]}