{"seen_tokens":["The","Hmm","I","This","We","用户","Okay","I've","Let","Alright","User","嗯","You","It","Got","What","\"","I'm","So","我"],"seen_logprobs":[{"tokens":[0,1,2,3,4,5,6,7,8,9,10,11,12,13,14,15,16,17,18,19],"logprobs":[-0.069950014,-3.94495,-4.31995,-4.56995,-4.81995,-5.69495,-5.81995,-6.56995,-6.94495,-7.19495,-7.31995,-7.69495,-7.69495,-7.81995,-7.81995,-7.81995,-7.94495,-7.94495,-8.31995,-8.44495]}]}