{"seen_tokens":["你好","您好","Hello","你是","当然","欢迎","有什么","你的","Hi","Of","我是","请问","X","哈","Hey","H","How","请","我来","嗨"],"seen_logprobs":[{"tokens":[0,1,2,3,4,5,6,7,8,9,10,11,12,13,14,15,16,17,18,19],"logprobs":[-0.00070106244,-7.804101,-8.237491,-12.173869,-12.580607,-12.801841,-13.27588,-13.403138,-13.471927,-13.580749,-13.729838,-13.778943,-14.100913,-14.20741,-14.263339,-14.339145,-14.525039,-15.016898,-15.017398,-15.06491]}]}