{"seen_tokens":["Just","**","x","Hey","Got","\"x","What's","What"],"seen_logprobs":[{"tokens":[0,1,2,3,4,5,6,7],"logprobs":[-1.4258089,-1.4258089,-1.4258089,-2.050809,-2.300809,-3.800809,-4.550809,-5.425809]},{"tokens":[3,1,4,2,0,7,6,5],"logprobs":[-0.9498216,-1.3248216,-1.8248216,-2.5748215,-2.6998215,-3.5748215,-5.1998215,-6.4498215]},{"tokens":[3,1,0,4,2,7,5,6],"logprobs":[-0.7091663,-2.2091663,-2.2091663,-2.2091663,-2.7091663,-2.8341663,-3.5841663,-4.7091665]},{"tokens":[1,2,4,7,3,0,5,6],"logprobs":[-0.7053976,-1.4553976,-2.0803976,-3.2053976,-3.3303976,-3.7053976,-4.0803976,-4.7053976]}]}