{"seen_tokens":["Just","**","x","Hey","Got","\"x","What's","What"],"seen_logprobs":[{"tokens":[0,1,2,3,4,5,6,7],"logprobs":[-1.4258089,-1.4258089,-1.4258089,-2.050809,-2.300809,-3.800809,-4.550809,-5.425809]}]}