{"seen_tokens":["The","We","User","Hi","Hello","Simple","N","Hmm","用户","A","Hey","This","I","There's","简单","Just","简单的","Task","Okay","n","Got","hi","你好","No","Not","G"],"seen_logprobs":[{"tokens":[0,1,2,3,4,5,6,7,8,9,10,11,12,13,14,15,16,17,18,19],"logprobs":[-0.0016146968,-6.8766146,-8.376615,-9.251615,-9.501615,-10.126615,-10.376615,-11.001615,-11.376615,-11.501615,-11.501615,-12.001615,-12.126615,-12.376615,-12.501615,-13.001615,-13.126615,-13.126615,-13.126615,-13.251615]},{"tokens":[0,1,2,4,3,7,6,5,10,9,13,11,18,20,12,8,17,21,22,15],"logprobs":[-0.0027284322,-6.7527285,-7.0027285,-8.127728,-9.002728,-9.627728,-10.127728,-10.502728,-11.127728,-11.502728,-11.752728,-11.877728,-12.127728,-12.252728,-12.252728,-12.252728,-12.627728,-13.127728,-13.127728,-13.502728]},{"tokens":[0,1,2,4,5,3,7,9,6,17,13,12,10,11,18,8,23,24,19,20],"logprobs":[-0.0028109346,-6.502811,-7.002811,-9.1278105,-9.7528105,-9.7528105,-10.2528105,-10.3778105,-10.8778105,-11.5028105,-11.6278105,-11.7528105,-11.8778105,-11.8778105,-11.8778105,-12.6278105,-12.8778105,-13.0028105,-13.1278105,-13.2528105]},{"tokens":[0,2,1,3,4,7,5,11,10,13,6,9,8,12,17,18,15,21,25,19],"logprobs":[-0.0014498447,-7.62645,-7.75145,-8.62645,-8.75145,-10.12645,-10.12645,-11.00145,-11.25145,-11.25145,-11.25145,-11.87645,-12.12645,-12.37645,-12.37645,-12.62645,-13.12645,-13.12645,-13.25145,-13.37645]}]}