{"seen_tokens":["The","We","User","Hi","Hello","Simple","N","Hmm","用户","A","Hey","This","I","There's","简单","Just","简单的","Task","Okay","n","Got","hi","你好"],"seen_logprobs":[{"tokens":[0,1,2,3,4,5,6,7,8,9,10,11,12,13,14,15,16,17,18,19],"logprobs":[-0.0016146968,-6.8766146,-8.376615,-9.251615,-9.501615,-10.126615,-10.376615,-11.001615,-11.376615,-11.501615,-11.501615,-12.001615,-12.126615,-12.376615,-12.501615,-13.001615,-13.126615,-13.126615,-13.126615,-13.251615]},{"tokens":[0,1,2,4,3,7,6,5,10,9,13,11,18,20,12,8,17,21,22,15],"logprobs":[-0.0027284322,-6.7527285,-7.0027285,-8.127728,-9.002728,-9.627728,-10.127728,-10.502728,-11.127728,-11.502728,-11.752728,-11.877728,-12.127728,-12.252728,-12.252728,-12.252728,-12.627728,-13.127728,-13.127728,-13.502728]}]}