{"seen_tokens":["The","A","Just","用户","This","User","We","Hello","Say","\"","As","Simple","There's","user","Me","Use","Hmm","I","Since","，用户","My","Hey","just"],"seen_logprobs":[{"tokens":[0,1,2,3,4,5,6,7,8,9,10,11,12,13,14,15,16,17,18,19],"logprobs":[-0.0031693964,-6.7531695,-7.1281695,-7.8781695,-8.378169,-8.378169,-8.628169,-10.003169,-11.753169,-11.878169,-11.878169,-12.003169,-12.128169,-12.253169,-12.253169,-12.253169,-12.378169,-12.378169,-12.753169,-12.878169]},{"tokens":[0,1,2,5,6,3,4,7,9,17,15,12,11,16,8,14,13,20,21,22],"logprobs":[-0.0028808306,-6.627881,-7.377881,-8.502881,-8.502881,-8.752881,-8.752881,-9.752881,-10.627881,-11.502881,-11.752881,-11.877881,-12.127881,-12.127881,-12.252881,-12.252881,-12.502881,-12.627881,-12.752881,-12.877881]}]}