{"seen_tokens":["The","A","Just","用户","This","User","We","Hello","Say","\"","As","Simple","There's","user","Me","Use","Hmm","I","Since","，用户"],"seen_logprobs":[{"tokens":[0,1,2,3,4,5,6,7,8,9,10,11,12,13,14,15,16,17,18,19],"logprobs":[-0.0031693964,-6.7531695,-7.1281695,-7.8781695,-8.378169,-8.378169,-8.628169,-10.003169,-11.753169,-11.878169,-11.878169,-12.003169,-12.128169,-12.253169,-12.253169,-12.253169,-12.378169,-12.378169,-12.753169,-12.878169]}]}