{"seen_tokens":["Hello","Hi","Hey","Hola","hello","HI"," Hello","hi"," Hi","Hallo","Bonjour","你好","Greetings","Good","HEL",">Hello","Nice","I","Dear","こんにちは"],"seen_logprobs":[{"tokens":[0,1,2,3,4,5,6,7,8,9,10,11,12,13,14,15,16,17,18,19],"logprobs":[-0.12693056,-2.1269307,-12.87693,-16.87693,-17.75193,-18.00193,-18.25193,-18.62693,-19.12693,-20.00193,-20.37693,-21.12693,-21.12693,-21.50193,-22.50193,-22.87693,-23.87693,-24.00193,-24.00193,-24.12693]}]}