{"seen_tokens":["Hello","It","Hi","How","Hey"],"seen_logprobs":[{"tokens":[0,1,2,3,4],"logprobs":[-0.50816166,-1.2581617,-2.2581615,-5.2581615,-6.5081615]}]}