{"seen_tokens":["Hello","It","Hi","How","Hey"],"seen_logprobs":[{"tokens":[0,1,2,3,4],"logprobs":[-0.50816166,-1.2581617,-2.2581615,-5.2581615,-6.5081615]},{"tokens":[0,1,2,3,4],"logprobs":[-0.4839741,-1.2339741,-2.483974,-5.358974,-6.608974]}]}