{"seen_tokens":["Hello","It","Hi","Olá","Hola","¡","Hallo","Hey","你好","こんにちは","Bonjour","Sure","Hej","Hei","Looks","Ap","I'm","\n","How","Mer","سلام","مر"],"seen_logprobs":[{"tokens":[0,1,2,3,4,5,6,7,8,9,10,11,12,13,14,15,16,17,18,19],"logprobs":[-0.015327658,-4.5153275,-5.6403275,-8.390327,-8.890327,-9.140327,-9.390327,-10.265327,-10.515327,-11.015327,-11.265327,-11.640327,-11.890327,-11.890327,-12.140327,-12.265327,-12.515327,-12.640327,-13.015327,-13.015327]},{"tokens":[0,1,2,3,4,5,6,7,8,9,10,11,13,12,14,15,16,17,18,19],"logprobs":[-0.015346339,-4.5153465,-5.6403465,-8.390347,-8.890347,-9.140347,-9.265347,-10.140347,-10.515347,-11.015347,-11.265347,-11.640347,-11.890347,-11.890347,-12.015347,-12.140347,-12.390347,-12.515347,-12.890347,-13.015347]},{"tokens":[0,2,1,7,3,6,4,12,13,5,14,9,8,10,11,15,16,20,19,21],"logprobs":[-0.022482874,-4.022483,-5.647483,-8.397483,-8.897483,-9.022483,-9.397483,-10.022483,-10.022483,-10.147483,-11.022483,-11.022483,-11.522483,-11.647483,-12.022483,-12.147483,-12.272483,-12.522483,-12.522483,-13.022483]}]}