{"seen_tokens":["Hello","It","Hi","Olá","Hola","¡","Hallo","Hey","你好","こんにちは","Bonjour","Sure","Hej","Hei","Looks","Ap","I'm","\n","How","Mer"],"seen_logprobs":[{"tokens":[0,1,2,3,4,5,6,7,8,9,10,11,12,13,14,15,16,17,18,19],"logprobs":[-0.015327658,-4.5153275,-5.6403275,-8.390327,-8.890327,-9.140327,-9.390327,-10.265327,-10.515327,-11.015327,-11.265327,-11.640327,-11.890327,-11.890327,-12.140327,-12.265327,-12.515327,-12.640327,-13.015327,-13.015327]},{"tokens":[0,1,2,3,4,5,6,7,8,9,10,11,13,12,14,15,16,17,18,19],"logprobs":[-0.015346339,-4.5153465,-5.6403465,-8.390347,-8.890347,-9.140347,-9.265347,-10.140347,-10.515347,-11.015347,-11.265347,-11.640347,-11.890347,-11.890347,-12.015347,-12.140347,-12.390347,-12.515347,-12.890347,-13.015347]}]}