{"seen_tokens":["It","Since","Depending","Please","You","How","I"," It"," it","Because","As","**","Whether","Thinking","If","Did","Assuming","Hello","Everything","Do","Looking"],"seen_logprobs":[{"tokens":[0,1,2,3,4,5,6,7,8,9,10,11,12,13,14,15,16,17,18,19],"logprobs":[-0.003846391,-5.878846,-7.628846,-8.378846,-8.753846,-9.628846,-10.128846,-10.378846,-11.941346,-12.566346,-12.753846,-12.816346,-12.941346,-13.503846,-13.503846,-13.691346,-13.691346,-14.066346,-14.566346,-14.566346]},{"tokens":[0,1,2,3,4,5,7,6,8,9,10,11,12,14,13,16,15,17,19,20],"logprobs":[-0.0038005519,-5.8788004,-7.6288004,-8.5038,-8.7538,-9.8788,-10.2538,-10.3788,-11.8788,-12.4413,-12.7538,-12.8163,-12.9413,-13.4413,-13.5663,-13.7538,-13.8163,-14.2538,-14.5038,-14.6913]},{"tokens":[0,1,2,3,4,5,6,7,8,9,10,11,12,14,13,16,15,17,18,19],"logprobs":[-0.0037178935,-5.878718,-7.753718,-8.628717,-8.753717,-10.003717,-10.128717,-10.378717,-11.941217,-12.566217,-12.628717,-12.816217,-12.941217,-13.441217,-13.503717,-13.691217,-13.753717,-14.191217,-14.566217,-14.753717]}]}