{"seen_tokens":["It","Since","Depending","Please","You","How","I"," It"," it","Because","As","**","Whether","Thinking","If","Did","Assuming","Hello","Everything","Do"],"seen_logprobs":[{"tokens":[0,1,2,3,4,5,6,7,8,9,10,11,12,13,14,15,16,17,18,19],"logprobs":[-0.003846391,-5.878846,-7.628846,-8.378846,-8.753846,-9.628846,-10.128846,-10.378846,-11.941346,-12.566346,-12.753846,-12.816346,-12.941346,-13.503846,-13.503846,-13.691346,-13.691346,-14.066346,-14.566346,-14.566346]}]}