{"seen_tokens":["Hello","Hi","Hey","\n"," Hello","Good","Greetings","How","hello","Howdy","Hell","**",">Hello","Welcome","Hallo","Hola","-","\n\n"," ","Well","﻿"],"seen_logprobs":[{"tokens":[0,1,2,3,4,5,6,7,8,9,10,11,12,13,14,15,16,17,18,19],"logprobs":[-0.00017433916,-8.7501745,-11.5001745,-13.1251745,-13.1251745,-13.8751745,-15.0001745,-15.6251745,-15.8751745,-17.000174,-17.250174,-17.625174,-17.625174,-17.875174,-18.375174,-18.500174,-18.625174,-18.750174,-18.875174,-19.000174]},{"tokens":[0,1,2,3,4,5,7,6,8,9,10,11,12,13,15,14,17,18,20,16],"logprobs":[-0.00022630462,-8.500226,-11.000226,-12.875226,-13.250226,-14.125226,-14.875226,-15.125226,-16.000227,-16.625227,-16.625227,-17.375227,-17.500227,-17.625227,-18.000227,-18.250227,-18.250227,-18.625227,-18.750227,-18.875227]}]}