{"seen_tokens":["How","It","Hello","Hi","What"],"seen_logprobs":[{"tokens":[0,1,2,3,4],"logprobs":[-0.18496515,-2.3412151,-2.9505901,-3.9349651,-7.32559]},{"tokens":[0,1,2,3,4],"logprobs":[-0.74956614,-1.2651911,-1.7026911,-2.796441,-6.421441]},{"tokens":[0,1,2,3,4],"logprobs":[-0.6841564,-1.2154064,-1.7935314,-3.4497814,-7.7310314]},{"tokens":[0,1,2,3,4],"logprobs":[-0.8345153,-1.0063903,-1.7876403,-3.4595153,-6.85014]}]}