{"seen_tokens":["I","Hello","It","You","Your","您","您的","你好","Sorry","What","x","Hi","您好","Could","你","Can","Please","How","我","¡","Is","The"],"seen_logprobs":[{"tokens":[0,1,2,3,4,5,6,7,8,9,10,11,12,13,14,15,16,17,18,19],"logprobs":[-0.9485699,-1.0735699,-1.6985699,-4.57357,-4.69857,-4.94857,-5.26107,-5.38607,-5.38607,-5.63607,-5.63607,-6.01107,-6.19857,-6.38607,-6.44857,-6.51107,-6.76107,-6.94857,-7.01107,-7.07357]},{"tokens":[0,1,2,4,3,5,6,8,10,9,7,11,13,15,12,14,16,17,20,21],"logprobs":[-0.8709124,-1.1209123,-1.7459123,-4.5584126,-4.5584126,-5.1834126,-5.3709126,-5.3709126,-5.5584126,-5.7459126,-5.9334126,-5.9959126,-6.3709126,-6.4959126,-6.5584126,-6.7459126,-6.8709126,-7.1209126,-7.1834126,-7.1834126]},{"tokens":[0,1,2,3,4,5,6,7,8,9,10,11,12,13,14,15,16,17,18,19],"logprobs":[-0.9479444,-1.0729444,-1.6979444,-4.6354446,-4.6979446,-4.9479446,-5.2604446,-5.3854446,-5.3854446,-5.6354446,-5.6354446,-6.0104446,-6.1979446,-6.3854446,-6.4479446,-6.5104446,-6.7604446,-6.9479446,-7.0104446,-7.0729446]},{"tokens":[0,1,2,4,3,5,6,8,10,9,7,11,13,15,12,14,16,17,20,21],"logprobs":[-0.8706787,-1.1206787,-1.7456787,-4.558179,-4.558179,-5.183179,-5.370679,-5.370679,-5.620679,-5.745679,-5.933179,-5.995679,-6.370679,-6.495679,-6.558179,-6.745679,-6.870679,-7.120679,-7.183179,-7.183179]}]}