{"seen_tokens":["It","I","There","As","Sure","You","Could","Without","To","Hello","Unfortunately","Can","The","In","Is","Nothing","Please","X","x","If","No"],"seen_logprobs":[{"tokens":[0,1,2,3,4,5,6,7,8,9,10,11,12,13,14,15,16,17,18,19],"logprobs":[-1.285958,-1.410958,-2.035958,-2.785958,-3.035958,-3.160958,-3.535958,-3.785958,-3.785958,-4.1609583,-4.1609583,-4.4109583,-4.4109583,-4.9734583,-5.0359583,-5.3484583,-5.5984583,-5.7859583,-5.9734583,-6.0984583]},{"tokens":[0,1,2,3,4,5,6,7,8,9,10,11,12,13,14,15,16,17,18,20],"logprobs":[-1.2868989,-1.4118989,-2.0368989,-2.7868989,-2.9118989,-3.2868989,-3.5368989,-3.6618989,-3.9118989,-4.1618986,-4.1618986,-4.3493986,-4.4118986,-5.0368986,-5.0993986,-5.4118986,-5.6618986,-5.7868986,-6.0368986,-6.0993986]},{"tokens":[1,0,2,3,4,5,6,7,8,9,10,11,12,13,14,15,16,17,18,20],"logprobs":[-1.3522259,-1.3522259,-1.9772259,-2.8522258,-3.1022258,-3.1022258,-3.4772258,-3.7272258,-3.8522258,-4.102226,-4.102226,-4.414726,-4.414726,-5.039726,-5.164726,-5.477226,-5.602226,-5.852226,-6.102226,-6.164726]}]}