{"seen_tokens":["Hello","Hi","Hey","HI","👋","你好"," Hi","こんにちは","Hola","hello"," Hey"," Hello","hey",">Hello","hi","Hallo"," hey","Sup","How"," hi","嗨"],"seen_logprobs":[{"tokens":[0,1,2,3,4,5,6,7,8,9,10,11,12,13,14,15,16,17,18,19],"logprobs":[-0.4854145,-0.9854145,-4.4854145,-14.3604145,-14.8604145,-16.235415,-16.360415,-17.110415,-17.235415,-17.235415,-17.485415,-17.610415,-17.610415,-18.360415,-18.860415,-19.110415,-19.235415,-19.860415,-20.110415,-20.235415]},{"tokens":[0,1,2,3,4,5,6,7,8,9,10,11,12,13,14,15,16,17,18,20],"logprobs":[-0.39923525,-1.1492352,-4.3992352,-14.399235,-14.649235,-16.149235,-16.399235,-17.024235,-17.149235,-17.149235,-17.399235,-17.524235,-17.524235,-18.149235,-18.774235,-18.899235,-19.149235,-19.649235,-20.024235,-20.149235]},{"tokens":[0,1,2,3,4,5,6,7,8,9,10,11,12,13,14,15,16,17,18,19],"logprobs":[-0.48541462,-0.9854146,-4.4854145,-14.3604145,-14.7354145,-16.235415,-16.360415,-16.985415,-17.110415,-17.110415,-17.360415,-17.485415,-17.610415,-18.235415,-18.860415,-18.985415,-19.110415,-19.860415,-20.110415,-20.235415]},{"tokens":[1,0,2,3,4,5,6,7,8,9,10,11,12,13,14,15,16,17,18,19],"logprobs":[-0.9854146,-0.48541462,-4.4854145,-14.3604145,-14.7354145,-16.235415,-16.360415,-16.985415,-17.110415,-17.110415,-17.360415,-17.485415,-17.610415,-18.235415,-18.860415,-18.985415,-19.110415,-19.860415,-20.110415,-20.235415]}]}