{"seen_tokens":["Hello","Hi","Hey","HI","👋","你好"," Hi","こんにちは","Hola","hello"," Hey"," Hello","hey",">Hello","hi","Hallo"," hey","Sup","How"," hi"],"seen_logprobs":[{"tokens":[0,1,2,3,4,5,6,7,8,9,10,11,12,13,14,15,16,17,18,19],"logprobs":[-0.4854145,-0.9854145,-4.4854145,-14.3604145,-14.8604145,-16.235415,-16.360415,-17.110415,-17.235415,-17.235415,-17.485415,-17.610415,-17.610415,-18.360415,-18.860415,-19.110415,-19.235415,-19.860415,-20.110415,-20.235415]}]}