{"seen_tokens":["It","I","Hello","x","Could","If","Hi","Can","Please","Sure","Your","Based","How","Unfortunately","\"x","What","You","The","Are","As"],"seen_logprobs":[{"tokens":[0,1,2,3,4,5,6,7,8,9,10,11,12,13,14,15,16,17,18,19],"logprobs":[-0.4947687,-2.0885186,-2.1666436,-3.1666436,-3.6353936,-4.4166436,-4.4478936,-5.033831,-5.0572686,-5.346331,-5.5260186,-5.752581,-5.8072686,-5.893206,-6.143206,-6.1978936,-6.346331,-6.3541436,-6.5416436,-6.6197686]}]}