{"seen_tokens":["Hey","Hello","Hi","","¡","Yo","您好","H","你好","Welcome","How","嗨","Hell","Here","\"","Ol","What","You","He","I"," Hello","Nice","Gre"],"seen_logprobs":[{"tokens":[0,1,2,3,4,5,6,7,8,9,10,11,12,13,14,15,16,17,18,19],"logprobs":[-0.14452277,-2.3945227,-3.1445227,-9.894523,-10.269523,-10.394523,-10.769523,-10.894523,-11.269523,-11.269523,-11.519523,-11.769523,-11.894523,-12.019523,-12.144523,-12.394523,-12.644523,-12.769523,-12.769523,-12.894523]},{"tokens":[1,0,2,10,5,13,7,3,9,19,6,12,17,8,15,4,16,20,21,22],"logprobs":[-0.0477245,-3.5477245,-4.0477247,-9.047725,-10.172725,-10.422725,-10.672725,-10.797725,-10.922725,-10.922725,-11.297725,-11.297725,-11.672725,-11.797725,-12.172725,-12.422725,-12.547725,-12.922725,-13.047725,-13.047725]}]}