{"seen_tokens":["Hey","Hello","Hi","","¡","Yo","您好","H","你好","Welcome","How","嗨","Hell","Here","\"","Ol","What","You","He","I"],"seen_logprobs":[{"tokens":[0,1,2,3,4,5,6,7,8,9,10,11,12,13,14,15,16,17,18,19],"logprobs":[-0.14452277,-2.3945227,-3.1445227,-9.894523,-10.269523,-10.394523,-10.769523,-10.894523,-11.269523,-11.269523,-11.519523,-11.769523,-11.894523,-12.019523,-12.144523,-12.394523,-12.644523,-12.769523,-12.769523,-12.894523]}]}