{"seen_tokens":["Hi","Hello","Hey","I","Well","Greetings","It","How","What","The","Yes","Good","Sure","ðŁĳĭ","Bonjour","hello","My","Assistant","Welcome","H"],"seen_logprobs":[{"tokens":[0,1,2,3,4,5,6,7,8,9,10,11,12,13,14,15,16,17,18,19],"logprobs":[-1.5241795,-0.27417952,-4.9616795,-5.3991795,-6.3366795,-7.3991795,-7.3991795,-7.4616795,-7.5241795,-8.024179,-8.086679,-8.149179,-8.211679,-8.336679,-8.336679,-8.399179,-8.649179,-8.680429,-8.742929,-8.742929]},{"tokens":[1,0,2,3,4,5,6,7,8,9,10,11,12,13,14,15,16,17,18,19],"logprobs":[-0.27417952,-1.5241795,-4.9616795,-5.3991795,-6.3366795,-7.3991795,-7.3991795,-7.4616795,-7.5241795,-8.024179,-8.086679,-8.149179,-8.211679,-8.336679,-8.336679,-8.399179,-8.649179,-8.680429,-8.742929,-8.742929]},{"tokens":[9,1,0,2,3,4,5,6,7,8,10,11,12,13,14,15,16,17,18,19],"logprobs":[-8.024179,-0.27417952,-1.5241795,-4.9616795,-5.3991795,-6.3366795,-7.3991795,-7.3991795,-7.4616795,-7.5241795,-8.086679,-8.149179,-8.211679,-8.336679,-8.336679,-8.399179,-8.649179,-8.680429,-8.742929,-8.742929]}]}