{"seen_tokens":["Hi","It","你好","Hey","I","Got"],"seen_logprobs":[{"tokens":[0,1,2,3,4],"logprobs":[-0.22300535,-1.9730053,-4.0980053,-4.2230053,-4.4730053]},{"tokens":[0,1,2,3,4],"logprobs":[-0.21693295,-1.966933,-4.341933,-4.341933,-4.466933]},{"tokens":[0,1,2,4,3],"logprobs":[-0.18042387,-2.055424,-4.6804237,-4.6804237,-4.9304237]},{"tokens":[0,1,2,5,4],"logprobs":[-0.1893539,-2.314354,-3.564354,-4.439354,-4.564354]}]}