{"seen_tokens":["Hi","It","你好","Hey","I"],"seen_logprobs":[{"tokens":[0,1,2,3,4],"logprobs":[-0.22300535,-1.9730053,-4.0980053,-4.2230053,-4.4730053]}]}