{"seen_tokens":["Hello","Hi","Hey","¡","**","H"," Hello","","How","hello","Hay"," Hey","Ol","He","It"," Hi","I","hi","Welcome","Sal"],"seen_logprobs":[{"tokens":[0,1,2,3,4,5,6,7,8,9,10,11,12,13,14,15,16,17,18,19],"logprobs":[-0.16744383,-2.2924438,-3.1674438,-4.8549438,-7.5424438,-8.167444,-8.167444,-8.292444,-8.979944,-9.042444,-9.354944,-9.604944,-9.604944,-9.792444,-9.792444,-9.854944,-9.979944,-10.229944,-10.229944,-10.354944]},{"tokens":[2,0,1,3,4,5,6,7,8,9,10,11,12,13,14,15,16,17,18,19],"logprobs":[-3.1670341,-0.16703416,-2.2920341,-4.917034,-7.479534,-8.167034,-8.167034,-8.229534,-8.917034,-9.042034,-9.417034,-9.604534,-9.604534,-9.729534,-9.792034,-9.854534,-9.917034,-10.229534,-10.229534,-10.354534]}]}