{"seen_tokens":["It","Hello","Your","Hi","Could","You","The","I","你好","it","hello","If","Hey","Hmm","Sure","Is","Let"," It","x","Did"],"seen_logprobs":[{"tokens":[0,1,2,3,4,5,6,7,8,9,10,11,12,13,14,15,16,17,18,19],"logprobs":[-0.020509576,-4.0205097,-7.2705097,-7.4580097,-8.08301,-8.77051,-8.77051,-8.83301,-9.77051,-10.08301,-11.02051,-11.33301,-11.33301,-11.58301,-11.58301,-11.58301,-11.64551,-11.83301,-11.95801,-12.02051]}]}