{"seen_tokens":["It","Hello","Your","Hi","Could","You","The","I","你好","it","hello","If","Hey","Hmm","Sure","Is","Let"," It","x","Did","To","Looks"],"seen_logprobs":[{"tokens":[0,1,2,3,4,5,6,7,8,9,10,11,12,13,14,15,16,17,18,19],"logprobs":[-0.020509576,-4.0205097,-7.2705097,-7.4580097,-8.08301,-8.77051,-8.77051,-8.83301,-9.77051,-10.08301,-11.02051,-11.33301,-11.33301,-11.58301,-11.58301,-11.58301,-11.64551,-11.83301,-11.95801,-12.02051]},{"tokens":[0,1,3,4,2,7,5,6,9,8,10,12,11,13,15,18,16,20,14,17],"logprobs":[-0.025616402,-3.7756164,-6.9006166,-7.9631166,-8.275617,-8.713117,-8.963117,-9.150617,-9.713117,-9.775617,-10.650617,-11.025617,-11.213117,-11.400617,-11.463117,-11.525617,-11.525617,-11.775617,-11.775617,-11.900617]},{"tokens":[0,1,3,2,4,5,7,6,8,9,10,12,13,11,14,18,15,16,21,17],"logprobs":[-0.031777184,-3.5317771,-7.2817774,-8.031777,-8.094277,-9.031777,-9.031777,-9.219277,-9.469277,-9.906777,-10.656777,-11.219277,-11.469277,-11.531777,-11.531777,-11.656777,-11.656777,-11.781777,-11.844277,-11.906777]}]}