{"seen_tokens":["Hello","Hi","Hey","To","Here","That","How","It","Sure","I","What"," Hello","x","\"","hello","Of","The","Bon","**","H"],"seen_logprobs":[{"tokens":[0,1,2,3,4,5,6,7,8,9,10,11,12,13,14,15,16,17,18,19],"logprobs":[-0.024440533,-4.399441,-6.149441,-6.524441,-6.586941,-6.711941,-6.774441,-7.024441,-7.336941,-7.836941,-7.899441,-8.024441,-8.586941,-8.774441,-8.961941,-9.399441,-9.524441,-9.524441,-10.024441,-10.024441]}]}