{"seen_tokens":["Hello","Hi","Hey","To","Here","That","How","It","Sure","I","What"," Hello","x","\"","hello","Of","The","Bon","**","H","He"," Hi"],"seen_logprobs":[{"tokens":[0,1,2,3,4,5,6,7,8,9,10,11,12,13,14,15,16,17,18,19],"logprobs":[-0.024440533,-4.399441,-6.149441,-6.524441,-6.586941,-6.711941,-6.774441,-7.024441,-7.336941,-7.836941,-7.899441,-8.024441,-8.586941,-8.774441,-8.961941,-9.399441,-9.524441,-9.524441,-10.024441,-10.024441]},{"tokens":[0,1,2,5,7,6,8,3,4,10,9,11,14,13,12,16,15,20,17,21],"logprobs":[-0.029597199,-4.0295973,-5.9045973,-6.6545973,-6.8420973,-6.9670973,-7.0920973,-7.1545973,-7.3420973,-7.6545973,-7.8420973,-8.029597,-8.717097,-8.717097,-8.779597,-9.467097,-9.529597,-9.717097,-9.779597,-9.779597]}]}