{"seen_tokens":["Hello","Hi","你好","Hey","I","您好","嗨","How","hello","Good","嘿","```","Hola","Oh","Bonjour"," Hello"," ","Welcome","It","Of"],"seen_logprobs":[{"tokens":[0,1,2,3,4,5,6,7,8,9,10,11,12,13,14,15,16,17,18,19],"logprobs":[-0.05704731,-2.9737134,-5.6820474,-7.4528794,-8.702879,-9.536213,-9.744548,-11.619547,-12.14038,-12.244548,-12.348714,-12.452879,-12.661214,-12.661214,-13.077879,-13.182047,-13.39038,-13.494547,-13.807048,-14.119547]}]}