{"seen_tokens":["Hello","Hi","Hey","Good"," Hello","hello","How","Hell","Greetings",">Hello","\n","Well","What","Howdy","**","​​","Hola","\\","​","﻿"],"seen_logprobs":[{"tokens":[0,1,2,3,4,5,6,7,8,9,10,11,12,13,14,15,16,17,18,19],"logprobs":[-0.0000069882217,-11.906257,-16.843758,-17.500008,-17.781258,-20.734383,-21.125008,-22.093758,-22.156258,-23.015633,-23.890633,-24.156258,-24.406258,-24.625008,-25.046883,-25.562508,-25.609383,-25.921883,-25.968758,-26.015633]}]}