{"seen_tokens":["Hello","Hi","Hey","Good"," Hello","hello","How","Hell","Greetings",">Hello","\n","Well","What","Howdy","**","​​","Hola","\\","​","﻿","\n\n"," hello"],"seen_logprobs":[{"tokens":[0,1,2,3,4,5,6,7,8,9,10,11,12,13,14,15,16,17,18,19],"logprobs":[-0.0000069882217,-11.906257,-16.843758,-17.500008,-17.781258,-20.734383,-21.125008,-22.093758,-22.156258,-23.015633,-23.890633,-24.156258,-24.406258,-24.625008,-25.046883,-25.562508,-25.609383,-25.921883,-25.968758,-26.015633]},{"tokens":[0,1,2,3,4,6,5,8,7,10,9,13,12,11,16,20,19,15,21,17],"logprobs":[-0.000028802491,-10.468779,-15.875029,-16.156279,-16.687529,-19.984404,-20.328154,-20.984404,-21.343779,-21.843779,-22.906279,-23.000029,-23.343779,-23.468779,-24.562529,-25.062529,-25.062529,-25.203154,-25.234404,-25.281279]}]}