{"seen_tokens":["How","It","Hello","Hi","What","Welcome","I","hello","Hey","However","You"," Hello","To","If","HI","When","Unfortunately","Greetings","Please","hi"],"seen_logprobs":[{"tokens":[0,1,2,3,4,5,6,7,8,9,10,11,12,13,14,15,16,17,18,19],"logprobs":[-0.8328864,-1.0060604,-1.9278476,-2.9302166,-7.9335427,-8.427587,-9.626901,-11.265667,-11.704415,-11.956818,-12.000816,-12.737338,-13.4052,-13.5464945,-13.802607,-13.83324,-13.962173,-14.209381,-14.223937,-14.276085]}]}