{"seen_tokens":["It","You","I","That","X","Your"],"seen_logprobs":[{"tokens":[0,1,2,3,4],"logprobs":[-0.03676642,-4.7242665,-4.8492665,-4.9117665,-5.3023915]},{"tokens":[0,1,2,3,5],"logprobs":[-0.03198735,-4.656987,-4.656987,-5.110112,-6.453862]},{"tokens":[0,1,3,2,4],"logprobs":[-0.03806104,-4.194311,-4.944311,-4.959936,-6.163061]},{"tokens":[0,1,2,3,4],"logprobs":[-0.04958896,-4.330839,-4.440214,-4.752714,-5.096464]}]}