{"seen_tokens":["It","You","I","That","X"],"seen_logprobs":[{"tokens":[0,1,2,3,4],"logprobs":[-0.03676642,-4.7242665,-4.8492665,-4.9117665,-5.3023915]}]}