{"seen_tokens":["Hi","Hello","Hey","H","He"," Hello","Yo","¡","hello","Hell","Welcome","Y","hi","Sal","Oh","HI","hey","**","How"," Hey","こんにちは"],"seen_logprobs":[{"tokens":[0,1,2,3,4,5,6,7,8,9,10,11,12,13,14,15,16,17,18,19],"logprobs":[-2.0022404,-0.2522405,-2.5022404,-6.1272407,-7.5022407,-7.8772407,-7.9397407,-7.9397407,-8.06474,-8.87724,-9.43974,-9.43974,-9.50224,-9.62724,-9.75224,-9.87724,-9.87724,-10.00224,-10.00224,-10.00224]},{"tokens":[0,1,2,3,4,7,6,5,8,9,11,13,10,12,14,15,16,17,18,20],"logprobs":[-1.9930582,-0.24305816,-2.6180582,-5.993058,-7.555558,-7.743058,-7.868058,-7.868058,-8.055558,-8.868058,-9.368058,-9.430558,-9.430558,-9.493058,-9.680558,-9.805558,-9.930558,-9.993058,-9.993058,-9.993058]}]}