{"seen_tokens":["Hi","Hello","Hey","H","He"," Hello","Yo","¡","hello","Hell","Welcome","Y","hi","Sal","Oh","HI","hey","**","How"," Hey"],"seen_logprobs":[{"tokens":[0,1,2,3,4,5,6,7,8,9,10,11,12,13,14,15,16,17,18,19],"logprobs":[-2.0022404,-0.2522405,-2.5022404,-6.1272407,-7.5022407,-7.8772407,-7.9397407,-7.9397407,-8.06474,-8.87724,-9.43974,-9.43974,-9.50224,-9.62724,-9.75224,-9.87724,-9.87724,-10.00224,-10.00224,-10.00224]}]}