{"seen_tokens":["Hi","It","你好","Got","I","Hey"],"seen_logprobs":[{"tokens":[0,1,2,3,4],"logprobs":[-0.48232216,-1.7323222,-3.1073222,-3.1073222,-3.6073222]},{"tokens":[0,1,4,5,2],"logprobs":[-0.24432793,-1.7443279,-4.369328,-4.744328,-4.744328]}]}