{"seen_tokens":["Hi","It","你好","Got","I"],"seen_logprobs":[{"tokens":[0,1,2,3,4],"logprobs":[-0.48232216,-1.7323222,-3.1073222,-3.1073222,-3.6073222]}]}