{"seen_tokens":["It","Hello","Hi","您好","I","你好","Hey","The","Could","看起来","Sure","x"," Hello","Sorry","它","Your","HI","こんにちは","hello","Please"],"seen_logprobs":[{"tokens":[0,1,2,3,4,5,6,7,8,9,10,11,12,13,14,15,16,17,18,19],"logprobs":[-1.5024191,-0.2524191,-7.752419,-10.377419,-11.127419,-12.252419,-12.627419,-13.502419,-13.627419,-14.127419,-14.502419,-14.627419,-14.877419,-15.127419,-15.127419,-15.627419,-16.127419,-16.252419,-16.377419,-16.627419]}]}