{"seen_tokens":["Hello","It","Hi","You","您好","Hey","How","你好","I","hello","Hallo","x","Could","The","What","Please","您","Your","こんにちは"," Hello","Sure","Hola"],"seen_logprobs":[{"tokens":[0,1,2,3,4,5,6,7,8,9,10,11,12,13,14,15,16,17,18,19],"logprobs":[-0.1072613,-2.3103862,-6.747886,-7.919761,-8.685387,-8.779137,-8.841637,-9.060387,-9.404137,-9.482262,-10.357262,-10.607262,-10.763512,-10.779137,-11.107262,-11.419762,-11.497887,-11.591637,-11.747887,-11.919762]},{"tokens":[0,1,2,3,5,6,4,7,9,8,10,11,12,13,14,15,19,17,20,18],"logprobs":[-0.051830214,-3.0205803,-6.8643303,-8.42683,-8.973705,-9.473705,-9.67683,-9.942455,-10.129955,-10.58308,-11.11433,-11.473705,-11.48933,-11.598705,-11.83308,-12.02058,-12.254955,-12.33308,-12.61433,-12.661205]},{"tokens":[0,1,2,3,5,6,4,7,9,8,10,11,14,13,12,15,19,17,20,18],"logprobs":[-0.039666124,-3.2896662,-7.024041,-8.414666,-9.055291,-9.180291,-9.602166,-9.633416,-10.008416,-10.680291,-11.149041,-11.336541,-11.742791,-11.789666,-11.930291,-12.008416,-12.149041,-12.539666,-12.602166,-12.649041]},{"tokens":[0,1,2,3,5,4,6,7,9,8,10,11,12,13,14,15,17,19,18,21],"logprobs":[-0.071040966,-2.7116659,-6.617916,-8.492916,-8.867916,-9.242916,-9.492916,-9.539791,-9.914791,-10.071041,-10.836666,-10.961666,-11.071041,-11.196041,-11.602291,-11.774166,-11.992916,-12.180416,-12.211666,-12.461666]}]}