{"seen_tokens":["Hello","Hi","*","**","Hey","Greetings","","Yes","You","Welcome","Hel","He"," Hello",">Hello","How","I","What","It","The"],"seen_logprobs":[{"tokens":[0,1,2,3,4,5,6,7,8,9,10,11,12,13,14,6,15,16,17,18],"logprobs":[-0.0024833812,-6.0024834,-12.502483,-12.627483,-14.252483,-17.377483,-17.502483,-18.502483,-18.877483,-19.877483,-20.127483,-20.252483,-20.502483,-20.627483,-20.627483,-20.752483,-21.377483,-21.377483,-21.627483,-21.627483]}]}