{"seen_tokens":["<think>","</think>","<|im_start|>","Okay","<tool_response>","<tool_call>","<|im_end|>","_iface","$$","_ok","okay","大脑","brain","嗯","思考","เศรษ"," Poison","th","_marshaled","อำนวยความ"],"seen_logprobs":[{"tokens":[0,1,2,3,4,5,6,7,8,9,10,11,12,13,14,15,16,17,18,19],"logprobs":[-3.576278e-7,-15.0390625,-16.632812,-16.726562,-17.984375,-18.414062,-18.609375,-19.289062,-19.304688,-19.71875,-19.828125,-19.84375,-19.984375,-20.1875,-20.203125,-20.28125,-20.289062,-20.304688,-20.320312,-20.382812]},{"tokens":[0,1,2,3,4,5,6,7,8,9,10,11,12,14,13,15,16,18,17,19],"logprobs":[-4.7683704e-7,-15.0234375,-16.617188,-16.710938,-17.96875,-18.398438,-18.585938,-19.234375,-19.25,-19.6875,-19.820312,-19.84375,-19.960938,-20.148438,-20.15625,-20.242188,-20.265625,-20.3125,-20.3125,-20.328125]}]}