{"seen_tokens":["The","A","Just","用户","User","Hello"],"seen_logprobs":[{"tokens":[0,1,2,3,4],"logprobs":[-0.01182734,-5.2618275,-5.6368275,-6.8868275,-7.5118275]},{"tokens":[0,2,1,5,3],"logprobs":[-0.01141316,-5.511413,-5.511413,-7.261413,-7.261413]}]}