{"seen_tokens":["The","A","Just","用户","User"],"seen_logprobs":[{"tokens":[0,1,2,3,4],"logprobs":[-0.01182734,-5.2618275,-5.6368275,-6.8868275,-7.5118275]}]}