{"seen_tokens":["The","A","Just","用户","User","Hello","This"],"seen_logprobs":[{"tokens":[0,1,2,3,4],"logprobs":[-0.01182734,-5.2618275,-5.6368275,-6.8868275,-7.5118275]},{"tokens":[0,2,1,5,3],"logprobs":[-0.01141316,-5.511413,-5.511413,-7.261413,-7.261413]},{"tokens":[0,2,1,5,6],"logprobs":[-0.00605226,-6.2560525,-6.2560525,-7.5060525,-8.006052]},{"tokens":[0,1,2,3,6],"logprobs":[-0.00955662,-5.259557,-6.384557,-7.259557,-7.884557]}]}