{"seen_tokens":["Hi","Hello","H","**","Hey","","How","I","Nice","Welcome","#","It","Please","HI","Great","hi","Oh","Got","No"],"seen_logprobs":[{"tokens":[0,1,2,3,4,5,6,7,8,9,10,11,12,13,14,15,16,5,17,18],"logprobs":[-0.4807758,-0.98077583,-6.730776,-6.730776,-6.980776,-7.980776,-7.980776,-7.980776,-8.480776,-8.730776,-8.980776,-8.980776,-9.230776,-9.230776,-9.230776,-9.355776,-9.730776,-9.855776,-9.855776,-10.230776]},{"tokens":[1,0,2,3,4,5,6,7,8,9,10,11,12,13,14,15,16,5,17,18],"logprobs":[-0.98077583,-0.4807758,-6.730776,-6.730776,-6.980776,-7.980776,-7.980776,-7.980776,-8.480776,-8.730776,-8.980776,-8.980776,-9.230776,-9.230776,-9.230776,-9.355776,-9.730776,-9.855776,-9.855776,-10.230776]}]}