{"seen_tokens":["Hi","Hello","H","**","Hey","","How","I","Nice","Welcome","#","It","Please","HI","Great","hi","Oh","Got","No","hello","你好"],"seen_logprobs":[{"tokens":[0,1,2,3,4,5,6,7,8,9,10,11,12,13,14,15,16,5,17,18],"logprobs":[-0.4807758,-0.98077583,-6.730776,-6.730776,-6.980776,-7.980776,-7.980776,-7.980776,-8.480776,-8.730776,-8.980776,-8.980776,-9.230776,-9.230776,-9.230776,-9.355776,-9.730776,-9.855776,-9.855776,-10.230776]},{"tokens":[1,0,2,3,4,5,6,7,8,9,10,11,12,13,14,15,16,5,17,18],"logprobs":[-0.98077583,-0.4807758,-6.730776,-6.730776,-6.980776,-7.980776,-7.980776,-7.980776,-8.480776,-8.730776,-8.980776,-8.980776,-9.230776,-9.230776,-9.230776,-9.355776,-9.730776,-9.855776,-9.855776,-10.230776]},{"tokens":[0,1,11,7,2,8,15,3,9,5,6,4,13,12,19,5,20,10,17,14],"logprobs":[-0.38999397,-1.1399939,-8.139994,-8.139994,-8.139994,-8.389994,-8.389994,-8.389994,-8.514994,-8.639994,-8.764994,-9.139994,-9.514994,-9.764994,-10.014994,-10.014994,-10.014994,-10.139994,-10.139994,-10.514994]},{"tokens":[0,1,2,7,8,3,15,9,5,11,4,6,13,12,20,10,19,5,17,14],"logprobs":[-0.2549944,-1.5049944,-8.004994,-8.129994,-8.254994,-8.254994,-8.379994,-8.629994,-8.629994,-8.629994,-9.129994,-9.129994,-9.504994,-9.879994,-10.004994,-10.129994,-10.129994,-10.129994,-10.254994,-10.379994]}]}