{"seen_tokens":["How","Hi","Hello","It","What","Hey","I","To","Welcome","hello","You","hi","However","Please","If","When","This"," Hello","HI","My"],"seen_logprobs":[{"tokens":[0,1,2,3,4,5,6,7,8,9,10,11,12,13,14,15,16,17,18,19],"logprobs":[-1.2239814,-0.8489814,-1.9739814,-1.9739814,-8.973982,-10.098982,-10.348982,-10.848982,-11.098982,-11.598982,-11.723982,-12.536482,-12.536482,-13.161482,-13.223982,-13.223982,-13.598982,-13.786482,-14.036482,-14.098982]}]}