{"seen_tokens":["Hello","Hi","{","👋","Healthy","$\\","`","True","_","Template","Step","("," sense","Type","Halo","Ass","Here","How","Phase","Hey"],"seen_logprobs":[{"tokens":[0,1,2,3,4,5,6,7,8,9,10,11,12,13,14,15,16,17,18,19],"logprobs":[-9.5367386e-7,-14.406251,-15.482423,-17.3125,-17.421875,-17.695312,-17.789062,-18.390625,-18.546875,-18.671875,-19.015625,-19.125,-19.265625,-19.265625,-19.359375,-19.40625,-19.421875,-19.453125,-19.5,-19.515625]},{"tokens":[0,1,2,3,4,5,6,8,7,9,10,13,11,12,14,15,17,16,19,18],"logprobs":[-8.344647e-7,-14.507813,-15.66211,-17.359375,-17.546875,-17.84375,-17.859375,-18.40625,-18.5625,-18.6875,-19.1875,-19.25,-19.25,-19.265625,-19.34375,-19.390625,-19.4375,-19.453125,-19.453125,-19.546875]}]}