{"seen_tokens":["Hello","Hi","{","👋","Healthy","$\\","`","True","_","Template","Step","("," sense","Type","Halo","Ass","Here","How","Phase","Hey"],"seen_logprobs":[{"tokens":[0,1,2,3,4,5,6,7,8,9,10,11,12,13,14,15,16,17,18,19],"logprobs":[-9.5367386e-7,-14.406251,-15.482423,-17.3125,-17.421875,-17.695312,-17.789062,-18.390625,-18.546875,-18.671875,-19.015625,-19.125,-19.265625,-19.265625,-19.359375,-19.40625,-19.421875,-19.453125,-19.5,-19.515625]}]}