{"seen_tokens":["It","I","That","You","X","Your","x","Unfortunately","The","What","Just","However","A","To","This","it","Hello","Hi","There","Please"],"seen_logprobs":[{"tokens":[0,1,2,3,4,5,6,7,8,9,10,11,12,13,14,15,16,17,18,19],"logprobs":[-0.034383543,-4.534384,-5.034384,-5.284384,-5.534384,-6.284384,-6.784384,-7.159384,-7.159384,-7.784384,-7.909384,-8.034384,-8.346884,-8.409384,-8.909384,-9.346884,-9.409384,-9.846884,-10.159384,-10.284384]}]}