{"seen_tokens":["It","I","You","Your","That","X","The","x","Unfortunately","What","To","A","Just","However","it","This","Hi","Please","Hello","How"],"seen_logprobs":[{"tokens":[0,1,2,3,4,5,6,7,8,9,10,11,12,13,14,15,16,17,18,19],"logprobs":[-0.014973392,-4.936848,-5.483723,-7.155598,-7.311848,-7.577473,-7.718098,-7.780598,-8.374349,-9.108724,-9.858724,-10.030599,-10.202474,-10.358724,-10.608724,-10.702474,-10.811849,-11.046224,-11.304036,-11.327474]},{"tokens":[0,1,2,3,4,5,6,7,8,9,10,11,12,13,14,15,16,17,18,19],"logprobs":[-0.014907978,-4.936783,-5.499283,-7.155533,-7.311783,-7.593033,-7.718033,-7.764908,-8.374283,-9.108658,-9.858658,-10.014908,-10.202408,-10.358658,-10.608658,-10.686783,-10.827408,-11.046158,-11.311783,-11.343033]},{"tokens":[0,1,2,3,4,5,6,7,8,9,10,11,12,13,14,15,16,17,18,19],"logprobs":[-0.015011794,-4.936887,-5.483762,-7.155637,-7.280637,-7.577512,-7.702512,-7.780637,-8.358762,-9.108762,-9.827512,-10.015012,-10.171262,-10.343137,-10.608762,-10.671262,-10.811887,-11.015012,-11.304074,-11.335324]},{"tokens":[0,1,2,3,4,5,6,7,8,9,10,11,13,12,14,15,16,17,18,19],"logprobs":[-0.014203175,-4.967328,-5.561078,-7.248578,-7.514203,-7.545453,-7.795453,-7.795453,-8.357953,-9.170453,-9.889203,-10.076703,-10.264203,-10.436078,-10.686078,-10.732953,-10.920453,-10.982953,-11.334516,-11.451703]}]}