{"seen_tokens":["It","I","You","Your","That","X","The","x","Unfortunately","What","To","A","Just","However","it","This","Hi","Please","Hello","How"],"seen_logprobs":[{"tokens":[0,1,2,3,4,5,6,7,8,9,10,11,12,13,14,15,16,17,18,19],"logprobs":[-0.014973392,-4.936848,-5.483723,-7.155598,-7.311848,-7.577473,-7.718098,-7.780598,-8.374349,-9.108724,-9.858724,-10.030599,-10.202474,-10.358724,-10.608724,-10.702474,-10.811849,-11.046224,-11.304036,-11.327474]}]}