{"seen_tokens":["Hello","Hi"," Hello","こんにちは","hello","नमस्ते","Greeting"," codebase","Merhaba"," channels"," EBS","<!","Hola","</li>"," couplings"," Channels","）」","Olá"," hydraul","চ্চ"],"seen_logprobs":[{"tokens":[0,1,2,3,4,5,6,7,8,9,10,11,12,13,14,15,16,17,18,19],"logprobs":[-0.00003266388,-10.362334,-13.81942,-19.366636,-21.58583,-21.631966,-22.032536,-22.744112,-23.132149,-23.225395,-23.272034,-23.303131,-23.41201,-23.575426,-23.590994,-23.68443,-23.80906,-23.933744,-23.996105,-24.035088]}]}