{"seen_tokens":["‚ĖĀthere","!",",","ya","‚ĖĀA","‚ĖĀAlex","‚ĖĀC","‚ĖĀH","‚ĖĀL","‚ĖĀagain","‚ĖĀAn","‚ĖĀK","‚ĖĀM","‚ĖĀN","‚ĖĀSoph","‚ĖĀJ","‚ĖĀhuman","‚ĖĀY","‚ĖĀR","‚ĖĀS","‚ĖĀEmma","‚ĖĀCh"],"seen_logprobs":[{"tokens":[0,1,2,3,4,5,6,7,8,9,10,11,12,13,14,15,16,17,18,19],"logprobs":[-0.5578876,-1.9953876,-2.1828876,-3.6828876,-4.7453876,-5.1203876,-5.2453876,-5.2453876,-5.3078876,-5.8078876,-5.8078876,-5.9328876,-5.9953876,-5.9953876,-6.1203876,-6.1203876,-6.2453876,-6.2453876,-6.2453876,-6.3703876]},{"tokens":[1,0,2,3,4,5,6,7,8,9,10,11,12,13,14,15,16,17,18,19],"logprobs":[-1.9953876,-0.5578876,-2.1828876,-3.6828876,-4.7453876,-5.1203876,-5.2453876,-5.2453876,-5.3078876,-5.8078876,-5.8078876,-5.9328876,-5.9953876,-5.9953876,-6.1203876,-6.1203876,-6.2453876,-6.2453876,-6.2453876,-6.3703876]},{"tokens":[0,1,2,3,4,7,6,5,8,10,9,12,13,15,17,11,20,14,18,21],"logprobs":[-0.6153968,-1.8653967,-2.1153967,-3.8028967,-4.615397,-5.052897,-5.240397,-5.240397,-5.365397,-5.677897,-5.740397,-5.927897,-5.927897,-5.927897,-5.990397,-5.990397,-6.177897,-6.177897,-6.177897,-6.177897]},{"tokens":[3,0,1,2,4,5,6,7,8,9,10,11,12,13,14,15,16,17,18,19],"logprobs":[-3.6828876,-0.5578876,-1.9953876,-2.1828876,-4.7453876,-5.1203876,-5.2453876,-5.2453876,-5.3078876,-5.8078876,-5.8078876,-5.9328876,-5.9953876,-5.9953876,-6.1203876,-6.1203876,-6.2453876,-6.2453876,-6.2453876,-6.3703876]}]}