{"seen_tokens":["‚ĖĀthere","!",",","ya","‚ĖĀA","‚ĖĀAlex","‚ĖĀC","‚ĖĀH","‚ĖĀL","‚ĖĀagain","‚ĖĀAn","‚ĖĀK","‚ĖĀM","‚ĖĀN","‚ĖĀSoph","‚ĖĀJ","‚ĖĀhuman","‚ĖĀY","‚ĖĀR","‚ĖĀS"],"seen_logprobs":[{"tokens":[0,1,2,3,4,5,6,7,8,9,10,11,12,13,14,15,16,17,18,19],"logprobs":[-0.5578876,-1.9953876,-2.1828876,-3.6828876,-4.7453876,-5.1203876,-5.2453876,-5.2453876,-5.3078876,-5.8078876,-5.8078876,-5.9328876,-5.9953876,-5.9953876,-6.1203876,-6.1203876,-6.2453876,-6.2453876,-6.2453876,-6.3703876]}]}