{"seen_tokens":["The","Hello","This","Hmm","Okay","Oh","User","Here's","We","Hey","Let","Alright","用户","I","Just","My","Got","I'm","You","So","First","A"],"seen_logprobs":[{"tokens":[0,1,2,3,4,5,6,7,8,9,10,11,12,13,14,15,16,17,18,19],"logprobs":[-0.01237606,-5.387376,-5.637376,-6.262376,-7.887376,-8.262376,-8.387376,-8.637376,-8.762376,-9.012376,-9.137376,-9.137376,-9.512376,-9.637376,-9.637376,-9.887376,-10.012376,-10.262376,-10.387376,-10.512376]},{"tokens":[0,2,1,3,4,5,7,8,6,9,16,11,14,19,13,12,15,20,10,17],"logprobs":[-0.013442714,-5.2634425,-5.6384425,-6.1384425,-7.2634425,-8.138443,-8.513443,-8.638443,-8.638443,-9.013443,-9.263443,-9.263443,-9.763443,-9.763443,-9.888443,-10.138443,-10.513443,-10.638443,-10.638443,-10.763443]},{"tokens":[0,2,3,1,4,5,8,11,7,9,14,6,12,19,10,16,13,21,20,15],"logprobs":[-0.022462811,-4.647463,-5.397463,-5.522463,-6.397463,-7.897463,-8.147463,-8.272463,-8.647463,-8.897463,-9.147463,-9.147463,-9.272463,-9.522463,-9.522463,-9.647463,-9.772463,-10.147463,-10.272463,-10.272463]},{"tokens":[0,2,3,1,4,5,6,7,8,11,16,12,14,19,9,10,13,15,21,20],"logprobs":[-0.01314145,-5.3881416,-6.0131416,-6.0131416,-6.7631416,-7.7631416,-8.013142,-8.138142,-8.263142,-8.513142,-8.888142,-9.388142,-9.513142,-9.513142,-9.638142,-9.888142,-10.013142,-10.638142,-10.638142,-10.888142]}]}