{"seen_tokens":["The","Hello","This","Hmm","Okay","Oh","User","Here's","We","Hey","Let","Alright","用户","I","Just","My","Got","I'm","You","So"],"seen_logprobs":[{"tokens":[0,1,2,3,4,5,6,7,8,9,10,11,12,13,14,15,16,17,18,19],"logprobs":[-0.01237606,-5.387376,-5.637376,-6.262376,-7.887376,-8.262376,-8.387376,-8.637376,-8.762376,-9.012376,-9.137376,-9.137376,-9.512376,-9.637376,-9.637376,-9.887376,-10.012376,-10.262376,-10.387376,-10.512376]}]}