{"seen_tokens":["Hello","Hi","Hey"," Hello","Good","hello","\n","Hell","How","Greetings",">Hello","﻿","What","​​","Howdy","\\","​","Well","**","Hola"],"seen_logprobs":[{"tokens":[0,1,2,3,4,5,6,7,8,9,10,11,12,13,14,15,16,17,18,19],"logprobs":[-0.000047159858,-9.968797,-15.625047,-16.843798,-17.031298,-20.796923,-21.046923,-21.296923,-21.484423,-21.968798,-22.343798,-22.984423,-23.046923,-23.562548,-23.656298,-23.953173,-24.046923,-24.218798,-24.468798,-24.484423]},{"tokens":[0,1,2,4,3,5,8,7,9,10,6,17,12,14,19,13,18,11,16,15],"logprobs":[-0.000020339032,-10.81252,-16.187521,-17.000021,-17.781271,-20.875021,-21.312521,-21.828146,-22.000021,-23.015646,-23.437521,-24.125021,-24.203146,-24.281271,-25.140646,-25.375021,-25.515646,-25.812521,-25.984396,-26.000021]}]}