{"seen_tokens":["Hello","Hi","Hey"," Hello","Good","hello","\n","Hell","How","Greetings",">Hello","﻿","What","​​","Howdy","\\","​","Well","**","Hola","\n\n","Hallo"],"seen_logprobs":[{"tokens":[0,1,2,3,4,5,6,7,8,9,10,11,12,13,14,15,16,17,18,19],"logprobs":[-0.000047159858,-9.968797,-15.625047,-16.843798,-17.031298,-20.796923,-21.046923,-21.296923,-21.484423,-21.968798,-22.343798,-22.984423,-23.046923,-23.562548,-23.656298,-23.953173,-24.046923,-24.218798,-24.468798,-24.484423]},{"tokens":[0,1,2,4,3,5,8,7,9,10,6,17,12,14,19,13,18,11,16,15],"logprobs":[-0.000020339032,-10.81252,-16.187521,-17.000021,-17.781271,-20.875021,-21.312521,-21.828146,-22.000021,-23.015646,-23.437521,-24.125021,-24.203146,-24.281271,-25.140646,-25.375021,-25.515646,-25.812521,-25.984396,-26.000021]},{"tokens":[0,1,2,4,3,8,5,7,9,6,10,14,12,17,11,13,15,18,20,19],"logprobs":[-0.000024749568,-10.625025,-15.906275,-16.062525,-16.375025,-19.843775,-20.125025,-20.7969,-20.82815,-21.093775,-22.375025,-22.968775,-23.000025,-23.000025,-23.656275,-23.843775,-23.937525,-24.14065,-24.187525,-24.406275]},{"tokens":[0,1,4,2,3,8,5,7,9,10,12,6,17,14,19,13,15,11,21,18],"logprobs":[-0.000010325924,-11.5000105,-16.53126,-17.31251,-17.87501,-20.296885,-21.046885,-21.43751,-22.96876,-23.46876,-23.515635,-23.53126,-23.75001,-24.015635,-24.87501,-25.421885,-25.890635,-25.90626,-25.93751,-25.93751]}]}