{"seen_tokens":["Hello","Hi","How","It's","Is","What's","Hey","Nice","hi","hello","If","It","Are","##","Do","I'm","###","I","Can","What","it's"],"seen_logprobs":[{"tokens":[0,1,2,3,4,5,6,7,8,9,10,11,12,13,14,15,16,17,18,19],"logprobs":[-0.36834988,-1.8683499,-2.3683498,-3.1183498,-4.86835,-5.86835,-6.61835,-7.11835,-7.11835,-7.61835,-7.86835,-7.86835,-8.86835,-9.11835,-9.36835,-9.61835,-9.61835,-9.86835,-9.86835,-10.11835]},{"tokens":[0,1,2,3,4,5,6,7,8,9,11,10,13,12,14,16,15,17,18,20],"logprobs":[-0.36562863,-1.8656286,-2.3656287,-3.1156287,-5.1156287,-6.1156287,-6.8656287,-7.1156287,-7.1156287,-7.6156287,-7.8656287,-7.8656287,-9.115628,-9.115628,-9.365628,-9.615628,-9.615628,-10.115628,-10.115628,-10.115628]}]}