{"seen_tokens":["Hi","Hey","It","你好","I","Got","Could","Hello","You","x","你","嘿","Just","Looks","嗨","您","你想","hi","您好","Thanks"],"seen_logprobs":[{"tokens":[0,1,2,3,4,5,6,7,8,9,10,11,12,13,14,15,16,17,18,19],"logprobs":[-0.042236328,-3.546875,-4.53125,-6.78125,-7.90625,-8.6875,-10.1875,-10.1875,-10.9375,-12.4375,-13.0625,-13.0625,-13.1875,-13.1875,-13.3125,-13.8125,-14.0625,-14.3125,-14.6875,-14.8125]}]}