{"seen_tokens":["Hi","Hey","It","你好","I","Got","Could","Hello","You","x","你","嘿","Just","Looks","嗨","您","你想","hi","您好","Thanks"],"seen_logprobs":[{"tokens":[0,1,2,3,4,5,6,7,8,9,10,11,12,13,14,15,16,17,18,19],"logprobs":[-0.042236328,-3.546875,-4.53125,-6.78125,-7.90625,-8.6875,-10.1875,-10.1875,-10.9375,-12.4375,-13.0625,-13.0625,-13.1875,-13.1875,-13.3125,-13.8125,-14.0625,-14.3125,-14.6875,-14.8125]},{"tokens":[0,1,2,3,4,5,7,6,8,10,9,12,14,11,13,15,17,16,18,19],"logprobs":[-0.033935547,-3.78125,-4.78125,-6.78125,-7.40625,-8.0625,-9.9375,-10.1875,-10.6875,-12.4375,-12.8125,-12.8125,-12.9375,-13.0625,-13.1875,-13.4375,-13.9375,-14.0625,-14.1875,-14.5625]},{"tokens":[0,1,2,3,4,5,7,6,8,9,10,11,13,12,14,15,16,17,18,19],"logprobs":[-0.042236328,-3.546875,-4.53125,-6.78125,-7.90625,-8.6875,-10.1875,-10.1875,-10.9375,-12.4375,-13.0625,-13.0625,-13.1875,-13.1875,-13.3125,-13.8125,-14.0625,-14.3125,-14.6875,-14.8125]}]}