{"seen_tokens":["It","How","Hi","Hello","What","Welcome","Hey","hello","I","You"," Hello","HI","To","However","hi","how","Please",">Hello","When","If","Where"," Hi"],"seen_logprobs":[{"tokens":[0,1,2,3,4,5,6,7,8,9,10,11,12,13,14,15,16,17,18,19],"logprobs":[-1.3948593,-0.8948593,-1.6448593,-1.8948593,-10.144859,-11.269859,-11.644859,-11.769859,-12.519859,-13.457359,-13.644859,-13.832359,-13.894859,-14.019859,-14.019859,-14.832359,-14.832359,-15.019859,-15.082359,-15.207359]},{"tokens":[2,1,0,3,4,5,6,7,8,9,10,11,12,13,14,15,16,17,18,19],"logprobs":[-1.6448593,-0.8948593,-1.3948593,-1.8948593,-10.144859,-11.269859,-11.644859,-11.769859,-12.519859,-13.457359,-13.644859,-13.832359,-13.894859,-14.019859,-14.019859,-14.832359,-14.832359,-15.019859,-15.082359,-15.207359]},{"tokens":[0,2,1,3,4,5,7,8,6,12,9,19,14,10,13,16,11,18,20,21],"logprobs":[-0.802672,-1.552672,-1.552672,-2.052672,-10.052672,-11.177672,-11.177672,-11.427672,-11.802672,-12.177672,-12.927672,-12.990172,-13.052672,-13.052672,-13.240172,-13.615172,-14.427672,-15.177672,-15.240172,-15.302672]},{"tokens":[1,0,2,3,4,5,6,7,8,9,10,11,12,13,14,15,16,17,18,19],"logprobs":[-0.8948593,-1.3948593,-1.6448593,-1.8948593,-10.144859,-11.269859,-11.644859,-11.769859,-12.519859,-13.457359,-13.644859,-13.832359,-13.894859,-14.019859,-14.019859,-14.832359,-14.832359,-15.019859,-15.082359,-15.207359]}]}