{"seen_tokens":["How","Hello","It's","Hi","Is","What's","Hey","Nice","It","hi","##","hello","If","**","Are","it's","I'm","Do","###","You're"],"seen_logprobs":[{"tokens":[0,1,2,3,4,5,6,7,8,9,10,11,12,13,14,15,16,17,18,19],"logprobs":[-1.9053597,-0.9053598,-1.4053597,-1.6553597,-5.6553597,-6.1553597,-6.6553597,-7.1553597,-7.4053597,-7.9053597,-7.9053597,-8.40536,-8.65536,-8.65536,-8.65536,-9.15536,-9.40536,-9.65536,-9.65536,-9.90536]},{"tokens":[1,2,3,0,4,5,6,7,8,9,10,11,12,13,14,15,16,17,18,19],"logprobs":[-0.9053598,-1.4053597,-1.6553597,-1.9053597,-5.6553597,-6.1553597,-6.6553597,-7.1553597,-7.4053597,-7.9053597,-7.9053597,-8.40536,-8.65536,-8.65536,-8.65536,-9.15536,-9.40536,-9.65536,-9.65536,-9.90536]},{"tokens":[3,1,2,0,4,5,6,7,8,9,10,11,12,13,14,15,16,17,18,19],"logprobs":[-1.6553597,-0.9053598,-1.4053597,-1.9053597,-5.6553597,-6.1553597,-6.6553597,-7.1553597,-7.4053597,-7.9053597,-7.9053597,-8.40536,-8.65536,-8.65536,-8.65536,-9.15536,-9.40536,-9.65536,-9.65536,-9.90536]}]}