{"seen_tokens":["Hello","Hi","Hey","hello","Hmm","How","H","Hola","Oh","Hallo","HI","He","hi","Well","Good","Hell","Greetings","Welcome","Okay","I"],"seen_logprobs":[{"tokens":[0,1,2,3,4,5,6,7,8,9,10,11,12,13,14,15,16,17,18,19],"logprobs":[-0.12711987,-2.1271198,-8.87712,-11.62712,-12.00212,-12.12712,-12.37712,-12.37712,-13.25212,-13.37712,-13.50212,-13.50212,-13.50212,-13.62712,-13.62712,-13.87712,-14.00212,-14.12712,-14.12712,-14.37712]}]}