{"seen_tokens":["Hello","Hi","Hey"," Hello","Good","Welcome","Hola","hello","Hallo"," hello","こんにちは","Howdy",">Hello","Greetings","你好","How","Happy","Bonjour","What","Hell"],"seen_logprobs":[{"tokens":[0,1,2,3,4,5,6,7,8,9,10,11,12,13,14,15,16,17,18,19],"logprobs":[-0.00043066923,-7.7504306,-17.750431,-18.250431,-19.125431,-20.000431,-20.000431,-20.125431,-20.750431,-21.375431,-21.500431,-21.500431,-21.500431,-21.875431,-22.375431,-23.125431,-23.375431,-23.750431,-24.375431,-24.625431]}]}