{"seen_tokens":["Hello","Hi","{","👋","Healthy","`","$\\","True","_","Template","Step"," sense","Type"," Hello","(","Here","Hey","Phase","Halo","Ass"],"seen_logprobs":[{"tokens":[0,1,2,3,4,5,6,7,8,9,10,11,12,13,14,15,16,17,18,19],"logprobs":[-0.000001072883,-14.234376,-15.63086,-17.476564,-17.546877,-17.968752,-18.078127,-18.578127,-18.703127,-18.765627,-18.937502,-19.234377,-19.250002,-19.281252,-19.343752,-19.390627,-19.468752,-19.500002,-19.562502,-19.609377]}]}