{"seen_tokens":["I","Hello","x","Sorry","You","Okay","Yes","It","What","y","Here","Hi","As","The","Let","This","Under","Hey","Sure","To"],"seen_logprobs":[{"tokens":[0,1,2,3,4,5,6,7,8,9,10,11,12,13,14,15,16,17,18,19],"logprobs":[-1.4072772,-1.6572772,-2.719777,-3.657277,-3.719777,-3.719777,-3.782277,-3.782277,-3.782277,-3.844777,-4.032277,-4.219777,-4.219777,-4.407277,-4.469777,-4.469777,-4.657277,-4.719777,-4.719777,-4.938527]},{"tokens":[2,0,1,3,4,5,6,7,8,9,10,11,12,13,14,15,16,17,18,19],"logprobs":[-2.7197766,-1.4072765,-1.6572765,-3.6572766,-3.7197766,-3.7197766,-3.7822766,-3.7822766,-3.7822766,-3.8447766,-4.0322766,-4.2197766,-4.2197766,-4.4072766,-4.4697766,-4.4697766,-4.6572766,-4.7197766,-4.7197766,-4.9385266]},{"tokens":[0,1,2,3,4,5,6,7,8,9,10,11,12,13,14,15,16,17,18,19],"logprobs":[-1.4072765,-1.6572765,-2.7197766,-3.6572766,-3.7197766,-3.7197766,-3.7822766,-3.7822766,-3.7822766,-3.8447766,-4.0322766,-4.2197766,-4.2197766,-4.4072766,-4.4697766,-4.4697766,-4.6572766,-4.7197766,-4.7197766,-4.9385266]}]}