{"seen_tokens":["I","Hello","x","Sorry","You","Okay","Yes","It","What","y","Here","Hi","As","The","Let","This","Under","Hey","Sure","To"],"seen_logprobs":[{"tokens":[0,1,2,3,4,5,6,7,8,9,10,11,12,13,14,15,16,17,18,19],"logprobs":[-1.4072772,-1.6572772,-2.719777,-3.657277,-3.719777,-3.719777,-3.782277,-3.782277,-3.782277,-3.844777,-4.032277,-4.219777,-4.219777,-4.407277,-4.469777,-4.469777,-4.657277,-4.719777,-4.719777,-4.938527]}]}