{"seen_tokens":["It","I","You","X","x","However","That","Unfortunately","The","Your","To","What","Hello","Since","it","There","Hi","This","A","Please"],"seen_logprobs":[{"tokens":[0,1,2,3,4,5,6,7,8,9,10,11,12,13,14,15,16,17,18,19],"logprobs":[-0.04340407,-3.918404,-4.793404,-5.168404,-6.043404,-6.855904,-6.855904,-7.168404,-7.668404,-7.855904,-8.293404,-8.543404,-8.605904,-9.355904,-9.355904,-9.543404,-9.605904,-9.730904,-9.730904,-9.855904]}]}