{"seen_tokens":["x","**","Just","Got","X","\"x","Hey","What"],"seen_logprobs":[{"tokens":[0,1,2,3,4,5,6,7],"logprobs":[-1.1058679,-1.1058679,-1.6058679,-3.2308679,-3.2308679,-3.7308679,-4.605868,-4.605868]},{"tokens":[0,2,1,4,6,3,5,7],"logprobs":[-0.93130636,-1.4313064,-1.5563064,-2.8063064,-3.3063064,-3.8063064,-4.1813064,-4.5563064]}]}