{"seen_tokens":["x","**","Just","Got","X","\"x","Hey","What"],"seen_logprobs":[{"tokens":[0,1,2,3,4,5,6,7],"logprobs":[-1.1058679,-1.1058679,-1.6058679,-3.2308679,-3.2308679,-3.7308679,-4.605868,-4.605868]}]}