{"seen_tokens":["It","I","Hello","Hi","Your","You","What","Looking","Looks","Based","Thank","We","Here","Hey","Good","Excellent","Unfortunately","Let","Gre","That"],"seen_logprobs":[{"tokens":[0,1,2,3,4,5,6,7,8,9,10,11,12,13,14,15,16,17,18,19],"logprobs":[-1.9753196,-0.22531956,-3.4753196,-4.1003194,-5.6003194,-5.6003194,-6.7253194,-7.1003194,-7.2253194,-7.3503194,-7.4753194,-7.4753194,-7.7253194,-7.8503194,-7.8503194,-7.9753194,-8.47532,-8.47532,-8.72532,-8.72532]}]}