{"seen_tokens":["It","I","Hello","Hi","Your","You","What","Looking","Looks","Based","Thank","We","Here","Hey","Good","Excellent","Unfortunately","Let","Gre","That","The","H"],"seen_logprobs":[{"tokens":[0,1,2,3,4,5,6,7,8,9,10,11,12,13,14,15,16,17,18,19],"logprobs":[-1.9753196,-0.22531956,-3.4753196,-4.1003194,-5.6003194,-5.6003194,-6.7253194,-7.1003194,-7.2253194,-7.3503194,-7.4753194,-7.4753194,-7.7253194,-7.8503194,-7.8503194,-7.9753194,-8.47532,-8.47532,-8.72532,-8.72532]},{"tokens":[1,0,2,5,3,7,4,9,12,6,13,8,14,11,10,18,20,16,15,21],"logprobs":[-0.28683433,-1.9118344,-3.2868342,-3.6618342,-4.1618342,-4.7868342,-5.5368342,-5.7868342,-5.7868342,-6.9118342,-7.1618342,-8.036835,-8.036835,-8.161835,-8.911835,-8.911835,-9.036835,-9.161835,-9.411835,-9.536835]}]}