{"seen_tokens":["Hello","Hi","Hey","Hola","hello","HI"," Hello","hi"," Hi","Hallo","Bonjour","你好","Greetings","Good","HEL",">Hello","Nice","I","Dear","こんにちは"," hello"],"seen_logprobs":[{"tokens":[0,1,2,3,4,5,6,7,8,9,10,11,12,13,14,15,16,17,18,19],"logprobs":[-0.12693056,-2.1269307,-12.87693,-16.87693,-17.75193,-18.00193,-18.25193,-18.62693,-19.12693,-20.00193,-20.37693,-21.12693,-21.12693,-21.50193,-22.50193,-22.87693,-23.87693,-24.00193,-24.00193,-24.12693]},{"tokens":[0,1,2,3,4,5,6,7,8,9,10,12,11,13,14,15,19,16,20,17],"logprobs":[-0.10020863,-2.3502088,-13.100208,-17.100208,-17.725208,-17.975208,-18.100208,-18.850208,-19.350208,-20.100208,-20.225208,-20.975208,-21.350208,-21.975208,-22.350208,-22.725208,-23.975208,-24.100208,-24.225208,-24.225208]},{"tokens":[0,1,2,3,5,4,6,7,8,9,10,12,11,13,14,15,16,18,19,17],"logprobs":[-0.12692963,-2.1269298,-13.376929,-17.25193,-17.87693,-18.00193,-18.50193,-18.87693,-19.50193,-20.25193,-20.37693,-21.12693,-21.50193,-22.12693,-22.50193,-23.12693,-24.12693,-24.25193,-24.25193,-24.37693]}]}