{"seen_tokens":["Hello","It","Hi","Looks","Seems"],"seen_logprobs":[{"tokens":[0,1,2,3,4],"logprobs":[-0.38703457,-1.1370345,-8.762034,-12.137034,-14.887034]},{"tokens":[0,1,2,3,4],"logprobs":[-0.31341654,-1.3134165,-8.8134165,-12.3134165,-14.9384165]}]}