{"seen_tokens":["It","\"","You","If","How","Please","Since","To","Is","In","I","Depending","'","**","The","X","As","`","What"," It"],"seen_logprobs":[{"tokens":[0,1,2,3,4,5,6,7,8,9,10,11,12,13,14,15,16,17,18,19],"logprobs":[-0.000031470758,-11.437531,-12.187531,-12.250031,-13.187531,-13.375031,-13.437531,-13.937531,-14.000031,-14.437531,-14.500031,-14.750031,-14.937531,-15.000031,-15.312531,-15.375031,-15.500031,-15.687531,-15.968781,-16.31253]}]}