{"seen_tokens":["It","\"","You","If","How","Please","Since","To","Is","In","I","Depending","'","**","The","X","As","`","What"," It","Whether"],"seen_logprobs":[{"tokens":[0,1,2,3,4,5,6,7,8,9,10,11,12,13,14,15,16,17,18,19],"logprobs":[-0.000031470758,-11.437531,-12.187531,-12.250031,-13.187531,-13.375031,-13.437531,-13.937531,-14.000031,-14.437531,-14.500031,-14.750031,-14.937531,-15.000031,-15.312531,-15.375031,-15.500031,-15.687531,-15.968781,-16.31253]},{"tokens":[0,1,3,2,4,5,6,8,7,10,9,11,12,13,14,15,16,17,18,20],"logprobs":[-0.000029801879,-11.62503,-12.18753,-12.18753,-13.00003,-13.37503,-13.62503,-14.00003,-14.00003,-14.37503,-14.68753,-14.87503,-15.12503,-15.18753,-15.37503,-15.56253,-15.62503,-15.75003,-15.93753,-16.25003]}]}