{"seen_tokens":["the","\n"," ["," and"," "," to"," is"," ="," in",""," ("," the"," +"," for","\r"," of"," or"," {"," are"," The"],"seen_logprobs":[{"tokens":[0,1,2,3,4,5,6,7,8,9,10,11,12,13,14,15,16,17,18,19],"logprobs":[-6.838464,-1.1665885,-2.6353385,-3.5884635,-3.721276,-3.9478385,-4.135339,-4.1587763,-4.2994013,-4.369714,-4.5025263,-4.6431513,-4.6431513,-4.729089,-4.8189325,-4.8501825,-4.994714,-5.025964,-5.076745,-5.09237]}]}