{"seen_tokens":["in","\n","[","and","","=","to","is","\r","(","</s>","{","+","x","for","or","as","with","]","-"],"seen_logprobs":[{"tokens":[0,1,2,3,4,5,6,7,8,9,10,11,12,13,14,15,16,17,18,19],"logprobs":[-4.554271,-1.1167711,-2.3667712,-3.6792712,-3.7417712,-3.9917712,-4.054271,-4.179271,-4.179271,-4.491771,-4.554271,-4.616771,-4.741771,-4.804271,-4.804271,-5.054271,-5.241771,-5.241771,-5.304271,-5.304271]},{"tokens":[8,1,2,3,4,5,6,7,9,0,10,11,12,13,14,15,16,17,18,19],"logprobs":[-4.179271,-1.1167711,-2.3667712,-3.6792712,-3.7417712,-3.9917712,-4.054271,-4.179271,-4.491771,-4.554271,-4.554271,-4.616771,-4.741771,-4.804271,-4.804271,-5.054271,-5.241771,-5.241771,-5.304271,-5.304271]},{"tokens":[2,1,3,4,5,6,7,8,9,0,10,11,12,13,14,15,16,17,18,19],"logprobs":[-2.3667712,-1.1167711,-3.6792712,-3.7417712,-3.9917712,-4.054271,-4.179271,-4.179271,-4.491771,-4.554271,-4.554271,-4.616771,-4.741771,-4.804271,-4.804271,-5.054271,-5.241771,-5.241771,-5.304271,-5.304271]},{"tokens":[1,2,3,4,5,6,7,8,9,0,10,11,12,13,14,15,16,17,18,19],"logprobs":[-1.1167711,-2.3667712,-3.6792712,-3.7417712,-3.9917712,-4.054271,-4.179271,-4.179271,-4.491771,-4.554271,-4.554271,-4.616771,-4.741771,-4.804271,-4.804271,-5.054271,-5.241771,-5.241771,-5.304271,-5.304271]}]}