{"seen_tokens":["Hello","It","How","Could","Hi"],"seen_logprobs":[{"tokens":[0,1,2,3,4],"logprobs":[-0.5822629,-1.0822629,-2.582263,-4.082263,-4.832263]},{"tokens":[0,1,2,3,4],"logprobs":[-0.6355751,-1.135575,-2.135575,-3.885575,-4.8855753]},{"tokens":[0,1,2,4,3],"logprobs":[-0.26934695,-1.769347,-3.269347,-3.769347,-5.519347]},{"tokens":[0,1,3,2,4],"logprobs":[-0.1780979,-2.178098,-3.928098,-3.928098,-4.6780977]}]}