{"seen_tokens":["It","I","You","X","x","That","The","Your","Unfortunately","Just","What","A","However","it","Hello","To","Hi","This","How","There"],"seen_logprobs":[{"tokens":[0,1,2,3,4,5,6,7,8,9,10,11,12,13,14,15,16,17,18,19],"logprobs":[-0.016113296,-5.2192383,-5.4223633,-6.3286133,-6.5942383,-6.8442383,-7.5942383,-7.7817383,-8.016113,-8.703613,-8.906738,-9.094238,-10.531738,-10.578613,-10.594238,-10.609863,-10.812988,-10.844238,-11.289551,-11.562988]},{"tokens":[0,1,2,3,4,5,6,7,8,9,10,11,12,14,15,13,16,17,18,19],"logprobs":[-0.016981203,-5.188856,-5.360731,-6.251356,-6.501356,-6.782606,-7.579481,-7.751356,-8.032606,-8.563856,-8.876356,-9.079481,-10.485731,-10.516981,-10.532606,-10.563856,-10.688856,-10.845106,-11.235731,-11.423231]}]}