{"seen_tokens":["\n",""," I"," [","!"," The"," There"," "," <"," How"," It"," \""," and","”"," You"," My"," So"," This"," What"," A"," Hon"],"seen_logprobs":[{"tokens":[0,1,2,3,4,5,6,7,8,9,10,11,12,13,14,15,16,17,18,19],"logprobs":[-0.22563127,-3.0771937,-3.9053187,-4.2803187,-4.960006,-5.8584437,-5.928756,-5.975631,-5.975631,-6.038131,-6.303756,-6.3896937,-6.4990687,-6.5146937,-6.5459437,-6.5771937,-6.600631,-6.600631,-6.678756,-6.725631]},{"tokens":[9,0,1,2,3,4,5,6,7,8,10,11,12,13,14,15,16,17,18,19],"logprobs":[-6.038131,-0.22563127,-3.0771937,-3.9053187,-4.2803187,-4.960006,-5.8584437,-5.928756,-5.975631,-5.975631,-6.303756,-6.3896937,-6.4990687,-6.5146937,-6.5459437,-6.5771937,-6.600631,-6.600631,-6.678756,-6.725631]},{"tokens":[20,0,1,2,3,4,5,6,7,8,9,10,11,12,13,14,15,16,17,18],"logprobs":[-10.944382,-0.22563127,-3.0771937,-3.9053187,-4.2803187,-4.960006,-5.8584437,-5.928756,-5.975631,-5.975631,-6.038131,-6.303756,-6.3896937,-6.4990687,-6.5146937,-6.5459437,-6.5771937,-6.600631,-6.600631,-6.678756]}]}