{"seen_tokens":["Hello","It","Hi","How","Hey","Could","Is","What","Looks","Seems","Can","Greetings","Would","\n","Good"," Hello","I'm","Yes","What's","Are","Sure","Certainly","Of"],"seen_logprobs":[{"tokens":[0,1,2,3,4,5,6,7,8,9,10,11,12,13,14,15,16,17,18,19],"logprobs":[-0.0538978,-3.5538979,-4.116398,-4.928898,-8.710148,-9.241398,-10.710148,-11.272648,-11.335148,-12.303898,-12.835148,-13.772648,-14.460148,-14.600773,-15.241398,-15.241398,-15.413273,-15.491398,-15.632023,-15.678898]},{"tokens":[0,1,3,2,5,6,4,7,10,8,9,20,17,12,11,16,21,13,22,19],"logprobs":[-0.15334377,-2.5908437,-2.8720937,-4.6533437,-7.2158437,-8.778344,-9.434594,-9.528344,-10.934594,-11.247094,-11.903344,-12.528344,-12.747094,-13.309594,-13.590844,-13.622094,-13.700219,-13.950219,-14.262719,-14.356469]}]}